archive,member,bytes,sha256,role,status
geoacmg_reproduction.tar.gz,artifacts/acmg/checkpoints/capacity_matched/euclidean-h147/seed-17/training_resume.pt,6046510,31f08d3fe83d3d50420a554e8e74a60eb5af2cec68a78d0bf7323b6309969c62,training_resume,nonempty
geoacmg_reproduction.tar.gz,artifacts/acmg/checkpoints/capacity_matched/euclidean-h147/seed-17/value_geometry.pt,1501090,fff7aaded43aa8a98d18a1c864fa3c9015a2433c8747126753350676ee91ae80,model_weights,nonempty
geoacmg_reproduction.tar.gz,artifacts/acmg/checkpoints/capacity_matched/euclidean-h147/seed-29/training_resume.pt,6039534,f37a0be7d7fd9e4c74db9ed3efdc78a1a01df9614e356bf580ab487a579952d9,training_resume,nonempty
geoacmg_reproduction.tar.gz,artifacts/acmg/checkpoints/capacity_matched/euclidean-h147/seed-29/value_geometry.pt,1501090,59bfd6b25c789fae24063e58ed59956c9841da81cbb50fb7aeff520cbfdd4b6d,model_weights,nonempty
geoacmg_reproduction.tar.gz,artifacts/acmg/checkpoints/capacity_matched/euclidean-h147/seed-43/training_resume.pt,6037550,400447303dc9f333a7214385e0c2000d55bb7ca97e58be347135aa458cc23ef3,training_resume,nonempty
geoacmg_reproduction.tar.gz,artifacts/acmg/checkpoints/capacity_matched/euclidean-h147/seed-43/value_geometry.pt,1501090,5c3fa589de8ee9e039f2b0d9d9c78181b9c40b6cb8b3e3d3040645afa89a29c1,model_weights,nonempty
geoacmg_reproduction.tar.gz,artifacts/acmg/checkpoints/capacity_matched/pair_mlp-h111/seed-17/training_resume.pt,5516954,206a5239bbb1d99ba1f8f36f43bdebf9000436f8b5c464c6715e92f36e34ff96,training_resume,nonempty
geoacmg_reproduction.tar.gz,artifacts/acmg/checkpoints/capacity_matched/pair_mlp-h111/seed-17/value_geometry.pt,1369682,c9a4201d8aaa5f87058a136e76700b9dc3c89753e251ad1506d4a335a78bf170,model_weights,nonempty
geoacmg_reproduction.tar.gz,artifacts/acmg/checkpoints/capacity_matched/pair_mlp-h111/seed-29/training_resume.pt,5525786,69f3908ee244c9c63cdc958863c07e7b054e4410e3d83ee3b597d08637a69b28,training_resume,nonempty
geoacmg_reproduction.tar.gz,artifacts/acmg/checkpoints/capacity_matched/pair_mlp-h111/seed-29/value_geometry.pt,1369682,8ff84c0e99763c84c0ab282e35bd291b7986902dc8698f2421bbc80bcd03530d,model_weights,nonempty
geoacmg_reproduction.tar.gz,artifacts/acmg/checkpoints/capacity_matched/pair_mlp-h111/seed-43/training_resume.pt,5513882,c6404276e0781b4211397609a99efb7e980a2748bdc07fc12b360b47a805deeb,training_resume,nonempty
geoacmg_reproduction.tar.gz,artifacts/acmg/checkpoints/capacity_matched/pair_mlp-h111/seed-43/value_geometry.pt,1369682,a4b3f7b1fcdeedf61f5c9d4861e32a07c57fa504668e951f7900f7ec971ab16e,model_weights,nonempty
geoacmg_reproduction.tar.gz,artifacts/acmg/checkpoints/geometry_ablate_medcpt/cosine/seed-17/training_resume.pt,5531822,ae34180c6e4c717d37d015e13f5fc2c5ca5f9571dd58a60cfa317eb65a599189,training_resume,nonempty
geoacmg_reproduction.tar.gz,artifacts/acmg/checkpoints/geometry_ablate_medcpt/cosine/seed-17/value_geometry.pt,1369122,fe559be3582a90590abaedfdd5418c868da52f9874fc5b0938d8b590640b682d,model_weights,nonempty
geoacmg_reproduction.tar.gz,artifacts/acmg/checkpoints/geometry_ablate_medcpt/cosine/seed-29/training_resume.pt,5534382,d194ec46d8d0cc87abb0a8bea5dcf53cc779b3ba1457e4719c9cb907c6072d1a,training_resume,nonempty
geoacmg_reproduction.tar.gz,artifacts/acmg/checkpoints/geometry_ablate_medcpt/euclidean/seed-17/training_resume.pt,5526574,a4c1acc9fd789925d06a467b2c560d9f0ba244f20df0707fee2f9bf20c257d4b,training_resume,nonempty
geoacmg_reproduction.tar.gz,artifacts/acmg/checkpoints/geometry_ablate_medcpt/euclidean/seed-17/value_geometry.pt,1369122,d22c04411744bc64be44438053fb2f68fec7a2423352de3b6b5e1b6c3464f26c,model_weights,nonempty
geoacmg_reproduction.tar.gz,artifacts/acmg/checkpoints/geometry_ablate_medcpt/euclidean/seed-29/training_resume.pt,5521326,9b3114d67b09ad58ba7a2f33c5ebc4d66c382a5d1893c2c93d5fb78ebb859d51,training_resume,nonempty
geoacmg_reproduction.tar.gz,artifacts/acmg/checkpoints/geometry_ablate_medcpt/euclidean/seed-29/value_geometry.pt,1369122,bbe5eac578251ea14c142ceb46af796475e87e6068d1f6f295293ce38776ea3f,model_weights,nonempty
geoacmg_reproduction.tar.gz,artifacts/acmg/checkpoints/geometry_ablate_medcpt2/cosine/seed-43/training_resume.pt,5519982,94988aabe7d6cf45fca8713f10d42c3b729f38889929e1734272daa6da806fb6,training_resume,nonempty
geoacmg_reproduction.tar.gz,artifacts/acmg/checkpoints/geometry_ablate_medcpt2/cosine/seed-43/value_geometry.pt,1369122,7c68d49987519a3d508f8e15d11b4d11a385612b06aaec9d14348b8d29d32c56,model_weights,nonempty
geoacmg_reproduction.tar.gz,artifacts/acmg/checkpoints/geometry_ablate_medcpt2/cosine/seed-59/training_resume.pt,5523182,d0aaf8a4437055637a015f5defa0a5a74bc11397f12395178f85993228be19c9,training_resume,nonempty
geoacmg_reproduction.tar.gz,artifacts/acmg/checkpoints/geometry_ablate_medcpt2/cosine/seed-59/value_geometry.pt,1369122,1123dc6e318e7fa6d969f71c648fb04e44358c327a6222e0f8f9396849d1943b,model_weights,nonempty
geoacmg_reproduction.tar.gz,artifacts/acmg/checkpoints/geometry_ablate_medcpt2/euclidean/seed-43/training_resume.pt,5526894,1385a85bc42a8697b9ee40dc7e8b1567916b5fe7c5a12609b70748c070b659db,training_resume,nonempty
geoacmg_reproduction.tar.gz,artifacts/acmg/checkpoints/geometry_ablate_medcpt2/euclidean/seed-43/value_geometry.pt,1369122,19fcb1b43cc39cc531335ad929fba706e39305717d7503ee582808aa193ffbf4,model_weights,nonempty
geoacmg_reproduction.tar.gz,artifacts/acmg/checkpoints/geometry_ablate_medcpt2/euclidean/seed-59/training_resume.pt,5522030,1f7c0eee8a0e963c1671632928a2619cfa148ddc8040fd6553545915c20b776e,training_resume,nonempty
geoacmg_reproduction.tar.gz,artifacts/acmg/checkpoints/geometry_ablate_medcpt2/euclidean/seed-59/value_geometry.pt,1369122,34d24ac5498294d3e13d4de84584478646d12b3b92fd8ea3bd54be82ce6e2896,model_weights,nonempty
geoacmg_reproduction.tar.gz,artifacts/acmg/checkpoints/geometry_comparison/cosine/seed-17/training_resume.pt,5511982,1969ae8afe01b4d55eba173418b5a115645e797a6cfa1724234325bc4e753fd6,training_resume,nonempty
geoacmg_reproduction.tar.gz,artifacts/acmg/checkpoints/geometry_comparison/cosine/seed-17/value_geometry.pt,1369058,8cce544854f366195a746894ec6bd644e781df5c53fadd9bfe88e4d738bfea50,model_weights,nonempty
geoacmg_reproduction.tar.gz,artifacts/acmg/checkpoints/geometry_comparison/cosine/seed-29/training_resume.pt,5519854,5ffa1e14860b81fe69074fb2bab38686471ce1861eaa1ee19b6ce4e82a2ae950,training_resume,nonempty
geoacmg_reproduction.tar.gz,artifacts/acmg/checkpoints/geometry_comparison/cosine/seed-29/value_geometry.pt,1369058,5f96e75d37db6da616d6569025bd2cb95889fca9ff90edd78b3906c9aa8fd9b4,model_weights,nonempty
geoacmg_reproduction.tar.gz,artifacts/acmg/checkpoints/geometry_comparison/cosine/seed-43/training_resume.pt,5514926,a6e5c53ed6dfdebe4006950ad9dfb7160522bcd4a557e796adc39ee9f767da69,training_resume,nonempty
geoacmg_reproduction.tar.gz,artifacts/acmg/checkpoints/geometry_comparison/cosine/seed-43/value_geometry.pt,1369058,610ab547365f7fcb14a24df43c22e0fb227bd36482f5903e192548047deceeab,model_weights,nonempty
geoacmg_reproduction.tar.gz,artifacts/acmg/checkpoints/geometry_comparison/directed_quasimetric/seed-17/training_resume.pt,5545362,68572ba6d706df2b34db05c962a0008b68556711a1ff3bb019e961861efdfcf2,training_resume,nonempty
geoacmg_reproduction.tar.gz,artifacts/acmg/checkpoints/geometry_comparison/directed_quasimetric/seed-17/value_geometry.pt,1378098,3c155f9a083f6bcc042c08916e79ac3d14f11ba20c932e7a7d04829cc61ab810,model_weights,nonempty
geoacmg_reproduction.tar.gz,artifacts/acmg/checkpoints/geometry_comparison/directed_quasimetric/seed-29/training_resume.pt,5553490,96ebd15783871ac246dc4931c28bda90babffcfbff966ff4a3b6c0db88e5a7d9,training_resume,nonempty
geoacmg_reproduction.tar.gz,artifacts/acmg/checkpoints/geometry_comparison/directed_quasimetric/seed-29/value_geometry.pt,1378098,8c8d2ac03555dcfc0e2792b3a0340b5582e5538d0e5d25e2d1815b62a86de4db,model_weights,nonempty
geoacmg_reproduction.tar.gz,artifacts/acmg/checkpoints/geometry_comparison/directed_quasimetric/seed-43/training_resume.pt,5545426,4ea9ef8193b59cec7aaea29cdee4be61500099d57ce0ab2463ddea5d7ee8094c,training_resume,nonempty
geoacmg_reproduction.tar.gz,artifacts/acmg/checkpoints/geometry_comparison/directed_quasimetric/seed-43/value_geometry.pt,1378098,e13ac427d32f6ed97b4ef3e0a8779f7127129ea6462e53da841dae353df5aa29,model_weights,nonempty
geoacmg_reproduction.tar.gz,artifacts/acmg/checkpoints/geometry_comparison/euclidean/seed-17/training_resume.pt,5517614,ceeb456efc31c0e56443338429cd2ceca370b24e25e08beb1dac2a608a740c61,training_resume,nonempty
geoacmg_reproduction.tar.gz,artifacts/acmg/checkpoints/geometry_comparison/euclidean/seed-17/value_geometry.pt,1369058,0026b7653ec599b150396dbe105d86c5441d3b5420e6a0df880a894b79c15470,model_weights,nonempty
geoacmg_reproduction.tar.gz,artifacts/acmg/checkpoints/geometry_comparison/euclidean/seed-29/training_resume.pt,5519662,65edb496e36325c555ea28828e01e98d61332933b12d7815a6e430956981424c,training_resume,nonempty
geoacmg_reproduction.tar.gz,artifacts/acmg/checkpoints/geometry_comparison/euclidean/seed-29/value_geometry.pt,1369058,7407b6726ffa08b1042cc7016f45d6dc45f3bab4968561e464eba20a09daa094,model_weights,nonempty
geoacmg_reproduction.tar.gz,artifacts/acmg/checkpoints/geometry_comparison/euclidean/seed-43/training_resume.pt,5513518,23a691d1d4693a056f1d29d4422e8135b24f0f0dc08e1668e024d70f27ee828d,training_resume,nonempty
geoacmg_reproduction.tar.gz,artifacts/acmg/checkpoints/geometry_comparison/euclidean/seed-43/value_geometry.pt,1369058,d7b90ae7ba809d7a3ea79c0d2d65aec7e9babf3fd825dcc40bdf4ae0ff064527,model_weights,nonempty
geoacmg_reproduction.tar.gz,artifacts/acmg/checkpoints/geometry_comparison/pair_mlp/seed-17/training_resume.pt,6058394,5973ab17fd9275c92e1def5f3e66ff17b11ff5a293b782a604bd7b7989eec073,training_resume,nonempty
geoacmg_reproduction.tar.gz,artifacts/acmg/checkpoints/geometry_comparison/pair_mlp/seed-17/value_geometry.pt,1505426,256278a2bf84a4b5df4b4048b29a46f73af27fbc3991351e4822e8c1971cdc15,model_weights,nonempty
geoacmg_reproduction.tar.gz,artifacts/acmg/checkpoints/geometry_comparison/pair_mlp/seed-29/training_resume.pt,6069082,468b14535b2f60f384e774e71fa3d5f8e4371d0faea3f07e9a9f23db598101cb,training_resume,nonempty
geoacmg_reproduction.tar.gz,artifacts/acmg/checkpoints/geometry_comparison/pair_mlp/seed-29/value_geometry.pt,1505426,9b9486968a8a6aef5fe77a49b34a949c45c35a8ba47e5ff35ffdebfdf9387987,model_weights,nonempty
geoacmg_reproduction.tar.gz,artifacts/acmg/checkpoints/geometry_comparison/pair_mlp/seed-43/training_resume.pt,6058010,0b7bcb4481acf811c03b7c98bac814a65b8f8cc6530b6e8c82d9f9f8bc45178b,training_resume,nonempty
geoacmg_reproduction.tar.gz,artifacts/acmg/checkpoints/geometry_comparison/pair_mlp/seed-43/value_geometry.pt,1505426,ef739f8a3cf1d5380d81e535fae945323bf719cc3c2c92a299c6bbd120972be1,model_weights,nonempty
geoacmg_reproduction.tar.gz,artifacts/acmg/checkpoints/geometry_comparison/poincare/seed-17/training_resume.pt,5580512,edaf062fac9459e5c5eb8e63dba342287facacd5dd87bda4762b0a26ccc49361,training_resume,nonempty
geoacmg_reproduction.tar.gz,artifacts/acmg/checkpoints/geometry_comparison/poincare/seed-17/value_geometry.pt,1385834,544fe8fb92b7a755affa27471dfac0651fd08df941b167eca5a7bd617e5fdee8,model_weights,nonempty
geoacmg_reproduction.tar.gz,artifacts/acmg/checkpoints/geometry_comparison/poincare/seed-29/training_resume.pt,5584992,a714c8541330db1c2f4383a6c25134c3b631da7d11e80414d3304493adae17e6,training_resume,nonempty
geoacmg_reproduction.tar.gz,artifacts/acmg/checkpoints/geometry_comparison/poincare/seed-29/value_geometry.pt,1385834,91e0dd19f25b8f9c9cd1867cc15b274be740488e4bf728b8513b8b42be0edd48,model_weights,nonempty
geoacmg_reproduction.tar.gz,artifacts/acmg/checkpoints/geometry_comparison/poincare/seed-43/training_resume.pt,5577632,f8948e9827de53a5cb2898e747efaf98e2a50d91ff9003a0a892ee9dabc7fdbd,training_resume,nonempty
geoacmg_reproduction.tar.gz,artifacts/acmg/checkpoints/geometry_comparison/poincare/seed-43/value_geometry.pt,1385834,984aacc5f9d7584fd40f6e8c366a4f98c00a25a8e5add09981208fd8e0e19f13,model_weights,nonempty
geoacmg_reproduction.tar.gz,artifacts/acmg/checkpoints/geometry_parts/cosine-17/cosine/seed-17/training_resume.pt,5564270,d66ef1875cb940a9a2fee65616b3edd6c00c040ec02b9f60d489dfcedd7419bb,training_resume,nonempty
geoacmg_reproduction.tar.gz,artifacts/acmg/checkpoints/geometry_parts/cosine-29/cosine/seed-29/training_resume.pt,5548846,f34f806e46328f4b522af0a520898344b058e9043bf351c326a864953be162e1,training_resume,nonempty
geoacmg_reproduction.tar.gz,artifacts/acmg/checkpoints/geometry_parts/cosine-43/cosine/seed-43/training_resume.pt,5562158,a03c5dbaf1478914a8835d92afd6aa6861bb6ba3f065987d79e63aeb647061a5,training_resume,nonempty
geoacmg_reproduction.tar.gz,artifacts/acmg/checkpoints/geometry_parts/euclidean-17/euclidean/seed-17/training_resume.pt,5517614,ceeb456efc31c0e56443338429cd2ceca370b24e25e08beb1dac2a608a740c61,training_resume,nonempty
geoacmg_reproduction.tar.gz,artifacts/acmg/checkpoints/geometry_parts/euclidean-17/euclidean/seed-17/value_geometry.pt,1369058,0026b7653ec599b150396dbe105d86c5441d3b5420e6a0df880a894b79c15470,model_weights,nonempty
geoacmg_reproduction.tar.gz,artifacts/acmg/checkpoints/geometry_parts/euclidean-43/euclidean/seed-43/training_resume.pt,5513518,23a691d1d4693a056f1d29d4422e8135b24f0f0dc08e1668e024d70f27ee828d,training_resume,nonempty
geoacmg_reproduction.tar.gz,artifacts/acmg/checkpoints/geometry_parts/euclidean-43/euclidean/seed-43/value_geometry.pt,1369058,d7b90ae7ba809d7a3ea79c0d2d65aec7e9babf3fd825dcc40bdf4ae0ff064527,model_weights,nonempty
geoacmg_reproduction.tar.gz,artifacts/acmg/checkpoints/geometry_parts/pair_mlp-17/pair_mlp/seed-17/training_resume.pt,6058394,5973ab17fd9275c92e1def5f3e66ff17b11ff5a293b782a604bd7b7989eec073,training_resume,nonempty
geoacmg_reproduction.tar.gz,artifacts/acmg/checkpoints/geometry_parts/pair_mlp-17/pair_mlp/seed-17/value_geometry.pt,1505426,256278a2bf84a4b5df4b4048b29a46f73af27fbc3991351e4822e8c1971cdc15,model_weights,nonempty
geoacmg_reproduction.tar.gz,artifacts/acmg/checkpoints/geometry_r1_pairs/cosine/seed-59/training_resume.pt,5512878,3d7f28a929438f394f447c414f4b3d71963a51f8f9b25ded93bb8b88a34133e2,training_resume,nonempty
geoacmg_reproduction.tar.gz,artifacts/acmg/checkpoints/geometry_r1_pairs/cosine/seed-59/value_geometry.pt,1369058,8c06b9bd7ed99929b35c0f087281173fb34139fd865f4e40696548a8631aa9e7,model_weights,nonempty
geoacmg_reproduction.tar.gz,artifacts/acmg/checkpoints/geometry_r1_pairs/cosine/seed-71/training_resume.pt,5515630,6e1d58aa58af60d59a9aafb744c9143384fd8e999b393283eecdd20c00a891de,training_resume,nonempty
geoacmg_reproduction.tar.gz,artifacts/acmg/checkpoints/geometry_r1_pairs/cosine/seed-71/value_geometry.pt,1369058,d21906eac174e0a620b1c4b8d1e2104f9bfdb0833488c7acf8e0bc19c837e3fa,model_weights,nonempty
geoacmg_reproduction.tar.gz,artifacts/acmg/checkpoints/geometry_r1_pairs/euclidean/seed-59/training_resume.pt,5515630,56f3c8d99ba42e3741d850f070562fe767ae42bb6cbe3b168e855e159d072109,training_resume,nonempty
geoacmg_reproduction.tar.gz,artifacts/acmg/checkpoints/geometry_r1_pairs/euclidean/seed-59/value_geometry.pt,1369058,82d3cb4677193b09417e5c616702193d68b11b46b0286e8ed3ee8a94fd50661a,model_weights,nonempty
geoacmg_reproduction.tar.gz,artifacts/acmg/checkpoints/geometry_r1_pairs/euclidean/seed-71/training_resume.pt,5527598,92031cad47b818df5404bf0ad1d264c1fa33c5aa8fdfd3f1d925607b2e10e099,training_resume,nonempty
geoacmg_reproduction.tar.gz,artifacts/acmg/checkpoints/geometry_r1_pairs/euclidean/seed-71/value_geometry.pt,1369058,3e16da1a7aa717fd6cf0690475e6d048bb8be1799407d74bb22c8133e2e4e53c,model_weights,nonempty
geoacmg_reproduction.tar.gz,artifacts/acmg/checkpoints/geometry_r1_pairs2/cosine/seed-83/training_resume.pt,5511662,1094123ed8af34dd8ef20bda03a9437bd89a2a9860c98b59cb1b95c38d29ba38,training_resume,nonempty
geoacmg_reproduction.tar.gz,artifacts/acmg/checkpoints/geometry_r1_pairs2/cosine/seed-83/value_geometry.pt,1369058,f152d26603ce2f4c91de5801bc36c1fb1b036b45c41f5ff3e614d948f37d5f11,model_weights,nonempty
geoacmg_reproduction.tar.gz,artifacts/acmg/checkpoints/geometry_r1_pairs2/cosine/seed-97/training_resume.pt,5512750,c72c300b711b86e7c3ba113fcc2db45c7c91877de4f359f1963f2d862032d21f,training_resume,nonempty
geoacmg_reproduction.tar.gz,artifacts/acmg/checkpoints/geometry_r1_pairs2/cosine/seed-97/value_geometry.pt,1369058,c725c15ccc7ebb9266ac5f4c53bcdfe623250a1da36c37cd730584157d866aba,model_weights,nonempty
geoacmg_reproduction.tar.gz,artifacts/acmg/checkpoints/geometry_r1_pairs2/euclidean/seed-83/training_resume.pt,5523566,d2859a9c20c174db932ea0be0c96d16cebb76c4970874a7b0c06098ce1ac9897,training_resume,nonempty
geoacmg_reproduction.tar.gz,artifacts/acmg/checkpoints/geometry_r1_pairs2/euclidean/seed-83/value_geometry.pt,1369058,999f90fa26b1c4f5b7b5cf8dd62643fcb94084fc34998a835f47336b34e3f047,model_weights,nonempty
geoacmg_reproduction.tar.gz,artifacts/acmg/checkpoints/geometry_r1_pairs2/euclidean/seed-97/training_resume.pt,5518510,68167cf4ab8e975c57ed04f4e3da26d094e49627b9e83354a148466850c208b4,training_resume,nonempty
geoacmg_reproduction.tar.gz,artifacts/acmg/checkpoints/geometry_r1_pairs2/euclidean/seed-97/value_geometry.pt,1369058,4a851e381c76baaf41a3cf2c2aa8383b94f08f9ca57993a5a793520c8afce716,model_weights,nonempty
geoacmg_reproduction.tar.gz,artifacts/acmg/checkpoints/state_flow/training_resume.pt,3625067,1b6c10465a9e6edf2900a4aafaf0ce4aebe7df4e9959da340e25fe085baa34ed,training_resume,nonempty
geoacmg_reproduction.tar.gz,artifacts/acmg/checkpoints/value/training_resume.pt,5511096,4ca0e5f8ab8a32de081c31b20e942532cdcd93ae6493d60fcc271f2a4ad3a3a8,training_resume,nonempty
geoacmg_reproduction.tar.gz,artifacts/acmg/checkpoints/value/value_geometry.pt,1369058,8cce544854f366195a746894ec6bd644e781df5c53fadd9bfe88e4d738bfea50,model_weights,nonempty
geoacmg_reproduction.tar.gz,artifacts/search_smoke/checkpoints/geometry_comparison/asymmetric_bilinear/seed-17/value_geometry.pt,243809,c44d44a1ca074caf9737789e4b9d6fa3a18cc8b2342ea09af3a1a11265e8275e,model_weights,nonempty
geoacmg_reproduction.tar.gz,artifacts/search_smoke/checkpoints/geometry_comparison/asymmetric_bilinear/seed-29/value_geometry.pt,243809,4d604f6f006286cdead939e9fa4b11a658e5a7311260f68417e6c50aa5b78fce,model_weights,nonempty
geoacmg_reproduction.tar.gz,artifacts/search_smoke/checkpoints/geometry_comparison/asymmetric_bilinear/seed-43/value_geometry.pt,243809,dfa251f6762195713d17fab7d9179419d7e1f71a52242b13955f3ebc0642fb4b,model_weights,nonempty
geoacmg_reproduction.tar.gz,artifacts/search_smoke/checkpoints/geometry_comparison/cosine/seed-17/value_geometry.pt,241181,c60d52752b75be7950f4032089b5b48ae98f49f076a9a826b659acd13b30384c,model_weights,nonempty
geoacmg_reproduction.tar.gz,artifacts/search_smoke/checkpoints/geometry_comparison/cosine/seed-29/value_geometry.pt,241181,6b8c9b20d2c841faade3c5f12e5064f4b334412d228d0ded94499c2236b1f0cf,model_weights,nonempty
geoacmg_reproduction.tar.gz,artifacts/search_smoke/checkpoints/geometry_comparison/cosine/seed-43/value_geometry.pt,241181,a21b19c85cd9649ba4656a926e361f456d7d14c46280a30a89e0f0a1ccc878f4,model_weights,nonempty
geoacmg_reproduction.tar.gz,artifacts/search_smoke/checkpoints/geometry_comparison/diagonal_mahalanobis/seed-17/value_geometry.pt,241569,11ac10c7cc37c831a777ad902b3570204fd86deec59a361acf43b35c57881b4a,model_weights,nonempty
geoacmg_reproduction.tar.gz,artifacts/search_smoke/checkpoints/geometry_comparison/diagonal_mahalanobis/seed-29/value_geometry.pt,241569,c43da56821f2c79f815d61205a17255ee859ed89047f642de57e65954bb1ce7f,model_weights,nonempty
geoacmg_reproduction.tar.gz,artifacts/search_smoke/checkpoints/geometry_comparison/diagonal_mahalanobis/seed-43/value_geometry.pt,241569,926c00f8bf034826fcc605a7b30c45aead9184586e9f878ce202ec6316b54a42,model_weights,nonempty
geoacmg_reproduction.tar.gz,artifacts/search_smoke/checkpoints/geometry_comparison/directed_quasimetric/seed-17/value_geometry.pt,243493,bb8d7ef27d91cb4a313deb4990a3032012b3550d3aca27110a9521f0f872be20,model_weights,nonempty
geoacmg_reproduction.tar.gz,artifacts/search_smoke/checkpoints/geometry_comparison/directed_quasimetric/seed-29/value_geometry.pt,243493,ced971f3e0015f57fdf5da8660ededf9c47cef639d7203d523d4b2e0c5d02209,model_weights,nonempty
geoacmg_reproduction.tar.gz,artifacts/search_smoke/checkpoints/geometry_comparison/directed_quasimetric/seed-43/value_geometry.pt,243493,270f64d9023128ff21640b82fa1908d062c137679773f1af91adb7a9873198a3,model_weights,nonempty
geoacmg_reproduction.tar.gz,artifacts/search_smoke/checkpoints/geometry_comparison/euclidean/seed-17/value_geometry.pt,241181,6ad0d74c6f0b73e0b30bb15ec16e71839c814fd20a0f44fc1b5f83d11494191a,model_weights,nonempty
geoacmg_reproduction.tar.gz,artifacts/search_smoke/checkpoints/geometry_comparison/euclidean/seed-29/value_geometry.pt,241181,fe6192127c69dfc1b9be7c4cdb847e966e8704c51fc2f612bf11aacdb9ba1b27,model_weights,nonempty
geoacmg_reproduction.tar.gz,artifacts/search_smoke/checkpoints/geometry_comparison/euclidean/seed-43/value_geometry.pt,241181,602e92195ed4bfa292572fbad7555a6e6fc1c8de4106093f3f9f6579b5ec1f64,model_weights,nonempty
geoacmg_reproduction.tar.gz,artifacts/search_smoke/checkpoints/geometry_comparison/lowrank_mahalanobis/seed-17/value_geometry.pt,243105,c981ae6520e151ca4759116b6cf382a28b4fffe74702bcc41bc2bd66e2612712,model_weights,nonempty
geoacmg_reproduction.tar.gz,artifacts/search_smoke/checkpoints/geometry_comparison/lowrank_mahalanobis/seed-29/value_geometry.pt,243105,62e48e7d20d9e06926eeeae16ed7f35d72ed5559e8d6e9a84a2f5f402c7bdf9a,model_weights,nonempty
geoacmg_reproduction.tar.gz,artifacts/search_smoke/checkpoints/geometry_comparison/lowrank_mahalanobis/seed-43/value_geometry.pt,243105,96b9fdfacffb58741e0b27002ea4c478a064e361ed88a73c60a43d54a7512e62,model_weights,nonempty
geoacmg_reproduction.tar.gz,artifacts/search_smoke/checkpoints/geometry_comparison/order_violation/seed-17/value_geometry.pt,243041,b83265ca2c41123616aa090aa25c9d95a0e1089f3c878a20c943ad3438bbcda7,model_weights,nonempty
geoacmg_reproduction.tar.gz,artifacts/search_smoke/checkpoints/geometry_comparison/order_violation/seed-29/value_geometry.pt,243041,64fed0330ad3e5d1b9c0c2182ed61103ed783dad91a3ee2315d01f3543b2b81d,model_weights,nonempty
geoacmg_reproduction.tar.gz,artifacts/search_smoke/checkpoints/geometry_comparison/order_violation/seed-43/value_geometry.pt,243041,a328450be444a7a840a2718680dc17b9d03824f605508ca467b2eebe6e82e1da,model_weights,nonempty
geoacmg_reproduction.tar.gz,artifacts/search_smoke/checkpoints/geometry_comparison/pair_mlp/seed-17/value_geometry.pt,262837,ff15c1624aa15c56ee2b8f037375e3c8007b7f1caac0da37aedea00a06888790,model_weights,nonempty
geoacmg_reproduction.tar.gz,artifacts/search_smoke/checkpoints/geometry_comparison/pair_mlp/seed-29/value_geometry.pt,262837,2ce69f8853771b016a53fe85e3213ddd78ee8180886fe6cd49db37283b32c460,model_weights,nonempty
geoacmg_reproduction.tar.gz,artifacts/search_smoke/checkpoints/geometry_comparison/pair_mlp/seed-43/value_geometry.pt,262837,39397defccfa76da4eb1b17feec7b3ba13d9422cff1d0c2815f559707face51d,model_weights,nonempty
geoacmg_reproduction.tar.gz,artifacts/search_smoke/checkpoints/geometry_comparison/poincare/seed-17/value_geometry.pt,243873,8c017eead875a6b38bd9bc8772135a7a8acc531e741f0ed970724bb82becca5b,model_weights,nonempty
geoacmg_reproduction.tar.gz,artifacts/search_smoke/checkpoints/geometry_comparison/poincare/seed-29/value_geometry.pt,243873,866908be08ecfeaa956f93e9c065750454463bda57d82304680fed539a787ac8,model_weights,nonempty
geoacmg_reproduction.tar.gz,artifacts/search_smoke/checkpoints/geometry_comparison/poincare/seed-43/value_geometry.pt,243873,e9b6daba0a92170fb84ef8fd8e2ba4096b8834555a8a817d383af511c739706e,model_weights,nonempty
geoacmg_reproduction.tar.gz,artifacts/search_smoke/checkpoints/state_flow/search_state_flow.pt,209250,08b64f27dba040ca65ce3d175025de5061c928d3a0e472f48b2d6a3a41df96b2,model_weights,nonempty
geoacmg_reproduction.tar.gz,artifacts/search_smoke/checkpoints/value/value_geometry.pt,243493,bb8d7ef27d91cb4a313deb4990a3032012b3550d3aca27110a9521f0f872be20,model_weights,nonempty
geoacmg_reproduction.tar.gz,artifacts/search_smoke_pre_seal_backup/checkpoints/geometry_comparison/asymmetric_bilinear/seed-17/value_geometry.pt,243809,ca395ea378efe24f152f96038a985239c74210dac538dfef80e4078d7fb09570,model_weights,nonempty
geoacmg_reproduction.tar.gz,artifacts/search_smoke_pre_seal_backup/checkpoints/geometry_comparison/asymmetric_bilinear/seed-29/value_geometry.pt,243809,2dd830f3ba229c2ad5c00e2fecc1d11b6a9ad7eb64065676a63fd8739b49c3e4,model_weights,nonempty
geoacmg_reproduction.tar.gz,artifacts/search_smoke_pre_seal_backup/checkpoints/geometry_comparison/asymmetric_bilinear/seed-43/value_geometry.pt,243809,06820983136e31df68a8c6d703b4c949b166e0ffdb9d5b52c75aa95465b6c1cf,model_weights,nonempty
geoacmg_reproduction.tar.gz,artifacts/search_smoke_pre_seal_backup/checkpoints/geometry_comparison/cosine/seed-17/value_geometry.pt,241181,ddeb0ea82f310c23373acfe84b5564b53344a4144cba1a92aa7f7638c06ad80a,model_weights,nonempty
geoacmg_reproduction.tar.gz,artifacts/search_smoke_pre_seal_backup/checkpoints/geometry_comparison/cosine/seed-29/value_geometry.pt,241181,282522c43e4effb5bed4fcb7771127fa3df50026954401af41a295febf3266a3,model_weights,nonempty
geoacmg_reproduction.tar.gz,artifacts/search_smoke_pre_seal_backup/checkpoints/geometry_comparison/cosine/seed-43/value_geometry.pt,241181,0af5bbe4df81461c28ac536e732a6290d671e60ab0943c53ee1f9c4e4f8e14fc,model_weights,nonempty
geoacmg_reproduction.tar.gz,artifacts/search_smoke_pre_seal_backup/checkpoints/geometry_comparison/diagonal_mahalanobis/seed-17/value_geometry.pt,241569,ff99097e5f79fa9fa91c0be42b7c30acf1e463eee17be71f20ea78f7fda910ab,model_weights,nonempty
geoacmg_reproduction.tar.gz,artifacts/search_smoke_pre_seal_backup/checkpoints/geometry_comparison/diagonal_mahalanobis/seed-29/value_geometry.pt,241569,663cd5ca201698e3dc056df9a8fda2cb5117df3c6a3636c00363e72176d6d546,model_weights,nonempty
geoacmg_reproduction.tar.gz,artifacts/search_smoke_pre_seal_backup/checkpoints/geometry_comparison/diagonal_mahalanobis/seed-43/value_geometry.pt,241569,6b64f54adafdf006032f1021bd490b4280911f1d5d749ecc259ab1b23cccc15c,model_weights,nonempty
geoacmg_reproduction.tar.gz,artifacts/search_smoke_pre_seal_backup/checkpoints/geometry_comparison/directed_quasimetric/seed-17/value_geometry.pt,243493,580e616f65bfc7218067868937a1a13511cd43771b7e0f9349229ce70373ac03,model_weights,nonempty
geoacmg_reproduction.tar.gz,artifacts/search_smoke_pre_seal_backup/checkpoints/geometry_comparison/directed_quasimetric/seed-29/value_geometry.pt,243493,c8bca77a0e29c533f6dd2b98a09445a1583c4fb992eaf6f71cd4d4e87f99b48c,model_weights,nonempty
geoacmg_reproduction.tar.gz,artifacts/search_smoke_pre_seal_backup/checkpoints/geometry_comparison/directed_quasimetric/seed-43/value_geometry.pt,243493,baa3b27aa3d3cc82a30d8ebd9a55ccb55e49691799a3c02fd977bd2470b4ed94,model_weights,nonempty
geoacmg_reproduction.tar.gz,artifacts/search_smoke_pre_seal_backup/checkpoints/geometry_comparison/euclidean/seed-17/value_geometry.pt,241181,0df98f07ff586c132046f151265c7b8aa90a4070426c004b42f89532008defdb,model_weights,nonempty
geoacmg_reproduction.tar.gz,artifacts/search_smoke_pre_seal_backup/checkpoints/geometry_comparison/euclidean/seed-29/value_geometry.pt,241181,15b2bba6ace6f53a26be094985e6ead82743077f5d3edc0e3751363a92f5a9da,model_weights,nonempty
geoacmg_reproduction.tar.gz,artifacts/search_smoke_pre_seal_backup/checkpoints/geometry_comparison/euclidean/seed-43/value_geometry.pt,241181,09922d65c3b9a442e3a6acc33df23772976da013cb2dfc94c7f274282578031b,model_weights,nonempty
geoacmg_reproduction.tar.gz,artifacts/search_smoke_pre_seal_backup/checkpoints/geometry_comparison/lowrank_mahalanobis/seed-17/value_geometry.pt,243105,6bb653aa31d49bf0fead2704d0ed271b95f18510f761bf67d9de9d605e483b82,model_weights,nonempty
geoacmg_reproduction.tar.gz,artifacts/search_smoke_pre_seal_backup/checkpoints/geometry_comparison/lowrank_mahalanobis/seed-29/value_geometry.pt,243105,f5b49a61d3dc723a39f5f1910c506aac963728f383b1c12d50f1943388614950,model_weights,nonempty
geoacmg_reproduction.tar.gz,artifacts/search_smoke_pre_seal_backup/checkpoints/geometry_comparison/lowrank_mahalanobis/seed-43/value_geometry.pt,243105,6c8739771b983d95f958b90b242cb1408e95fdf894672027e6efbe743111638f,model_weights,nonempty
geoacmg_reproduction.tar.gz,artifacts/search_smoke_pre_seal_backup/checkpoints/geometry_comparison/order_violation/seed-17/value_geometry.pt,243041,812344f25be1bfb227ca6325fc3a508dc6ed5f080b348e5d5f7ba5776f753fe7,model_weights,nonempty
geoacmg_reproduction.tar.gz,artifacts/search_smoke_pre_seal_backup/checkpoints/geometry_comparison/order_violation/seed-29/value_geometry.pt,243041,1dfaebb7fe558b09b77c25a884e1adb792e68b085860ab70ccd07100c8688678,model_weights,nonempty
geoacmg_reproduction.tar.gz,artifacts/search_smoke_pre_seal_backup/checkpoints/geometry_comparison/order_violation/seed-43/value_geometry.pt,243041,a9cf24995ffe367a424dce47ea90ef6444a3bf5418b21a4df9906547ed146f5c,model_weights,nonempty
geoacmg_reproduction.tar.gz,artifacts/search_smoke_pre_seal_backup/checkpoints/geometry_comparison/pair_mlp/seed-17/value_geometry.pt,262837,c1fc5eb408a93d6c3d4588558c26ee4a12fcfc7e14d94084582f7171de5a05d7,model_weights,nonempty
geoacmg_reproduction.tar.gz,artifacts/search_smoke_pre_seal_backup/checkpoints/geometry_comparison/pair_mlp/seed-29/value_geometry.pt,262837,34a86a037d879276e5fd10c0a5bdee295ac7e76af47d954fdce668b5d54f766a,model_weights,nonempty
geoacmg_reproduction.tar.gz,artifacts/search_smoke_pre_seal_backup/checkpoints/geometry_comparison/pair_mlp/seed-43/value_geometry.pt,262837,abc22efbda6bfe8b67bc0bd3bf6ea4409dcb512c803ef4d475d5cd4a31d1bdab,model_weights,nonempty
geoacmg_reproduction.tar.gz,artifacts/search_smoke_pre_seal_backup/checkpoints/geometry_comparison/poincare/seed-17/value_geometry.pt,243873,4a6dec368f5cbcd2875eed6620421e7e2c28d72fb34c83a2fa5cb5580cb2e12a,model_weights,nonempty
geoacmg_reproduction.tar.gz,artifacts/search_smoke_pre_seal_backup/checkpoints/geometry_comparison/poincare/seed-29/value_geometry.pt,243873,a39c1762aaf0ae69f2dc8be4c08f03e75d250b6f95b5a9cad3e133f8a3de7103,model_weights,nonempty
geoacmg_reproduction.tar.gz,artifacts/search_smoke_pre_seal_backup/checkpoints/geometry_comparison/poincare/seed-43/value_geometry.pt,243873,0aba2cceb7fa6f7850913ba4438045e9b666df75dc6e9b8df30d2efa73396783,model_weights,nonempty
geoacmg_reproduction.tar.gz,artifacts/search_smoke_pre_seal_backup/checkpoints/state_flow/search_state_flow.pt,209250,f7b0b826c17698db53277503c05ad855acbd33c82a78284970c0a5a80282e970,model_weights,nonempty
geoacmg_reproduction.tar.gz,artifacts/search_smoke_pre_seal_backup/checkpoints/value/value_geometry.pt,243493,580e616f65bfc7218067868937a1a13511cd43771b7e0f9349229ce70373ac03,model_weights,nonempty
geoacmg_reproduction.tar.gz,artifacts/smoke/checkpoints/distance_comparison/bilinear/metric_model.pt,225441,eb171c5f533d8436b5b8ead90e777db9f1b3b729f3521451c36ce5e3a31f8f12,model_weights,nonempty
geoacmg_reproduction.tar.gz,artifacts/smoke/checkpoints/distance_comparison/cosine/metric_model.pt,216669,ebab7044fdc5b27aefcd9095607f1b334eb9b2c79a8d8e5b024f3c66f590fdad,model_weights,nonempty
geoacmg_reproduction.tar.gz,artifacts/smoke/checkpoints/distance_comparison/diagonal_mahalanobis/metric_model.pt,217505,defbd495415272bf6de5941447b2f7c86d0bb2aa5324cd6955c70014050fa161,model_weights,nonempty
geoacmg_reproduction.tar.gz,artifacts/smoke/checkpoints/distance_comparison/euclidean/metric_model.pt,216669,272c63db61a4b6e4a6f32f5621237a9a4c9df924dc93b42e383f05125ce5a5f5,model_weights,nonempty
geoacmg_reproduction.tar.gz,artifacts/smoke/checkpoints/distance_comparison/lowrank_mahalanobis/metric_model.pt,221537,814f6d5de32ef9873e50fd8b13b8f563683c25f266fcc3594559c1837e5ea4f5,model_weights,nonempty
geoacmg_reproduction.tar.gz,artifacts/smoke/checkpoints/distance_comparison/poincare/metric_model.pt,234533,91ee0fd59ae45536a573a8430e52f730b58308a14f41a29242c4fe063012c248,model_weights,nonempty
geoacmg_reproduction.tar.gz,artifacts/smoke/checkpoints/flow/flow_model.pt,130869,3b741241f1c010f6ba0b6d22d67f97c82c7c3f1cc59f1a10774759c403ff3dc7,model_weights,nonempty
geoacmg_reproduction.tar.gz,artifacts/smoke/checkpoints/metric/metric_model.pt,216669,ebab7044fdc5b27aefcd9095607f1b334eb9b2c79a8d8e5b024f3c66f590fdad,model_weights,nonempty
geoacmg_reproduction.tar.gz,export_checkpoints_small/geometry_comparison/cosine/seed-17/value_geometry.pt,1369058,8cce544854f366195a746894ec6bd644e781df5c53fadd9bfe88e4d738bfea50,model_weights,nonempty
geoacmg_reproduction.tar.gz,export_checkpoints_small/geometry_comparison/cosine/seed-29/value_geometry.pt,1369058,5f96e75d37db6da616d6569025bd2cb95889fca9ff90edd78b3906c9aa8fd9b4,model_weights,nonempty
geoacmg_reproduction.tar.gz,export_checkpoints_small/geometry_comparison/cosine/seed-43/value_geometry.pt,1369058,610ab547365f7fcb14a24df43c22e0fb227bd36482f5903e192548047deceeab,model_weights,nonempty
geoacmg_reproduction.tar.gz,export_checkpoints_small/geometry_comparison/directed_quasimetric/seed-17/value_geometry.pt,1378098,3c155f9a083f6bcc042c08916e79ac3d14f11ba20c932e7a7d04829cc61ab810,model_weights,nonempty
geoacmg_reproduction.tar.gz,export_checkpoints_small/geometry_comparison/directed_quasimetric/seed-29/value_geometry.pt,1378098,8c8d2ac03555dcfc0e2792b3a0340b5582e5538d0e5d25e2d1815b62a86de4db,model_weights,nonempty
geoacmg_reproduction.tar.gz,export_checkpoints_small/geometry_comparison/directed_quasimetric/seed-43/value_geometry.pt,1378098,e13ac427d32f6ed97b4ef3e0a8779f7127129ea6462e53da841dae353df5aa29,model_weights,nonempty
geoacmg_reproduction.tar.gz,export_checkpoints_small/geometry_comparison/euclidean/seed-17/value_geometry.pt,1369058,0026b7653ec599b150396dbe105d86c5441d3b5420e6a0df880a894b79c15470,model_weights,nonempty
geoacmg_reproduction.tar.gz,export_checkpoints_small/geometry_comparison/euclidean/seed-29/value_geometry.pt,1369058,7407b6726ffa08b1042cc7016f45d6dc45f3bab4968561e464eba20a09daa094,model_weights,nonempty
geoacmg_reproduction.tar.gz,export_checkpoints_small/geometry_comparison/euclidean/seed-43/value_geometry.pt,1369058,d7b90ae7ba809d7a3ea79c0d2d65aec7e9babf3fd825dcc40bdf4ae0ff064527,model_weights,nonempty
geoacmg_reproduction.tar.gz,export_checkpoints_small/geometry_comparison/pair_mlp/seed-17/value_geometry.pt,1505426,256278a2bf84a4b5df4b4048b29a46f73af27fbc3991351e4822e8c1971cdc15,model_weights,nonempty
geoacmg_reproduction.tar.gz,export_checkpoints_small/geometry_comparison/pair_mlp/seed-29/value_geometry.pt,1505426,9b9486968a8a6aef5fe77a49b34a949c45c35a8ba47e5ff35ffdebfdf9387987,model_weights,nonempty
geoacmg_reproduction.tar.gz,export_checkpoints_small/geometry_comparison/pair_mlp/seed-43/value_geometry.pt,1505426,ef739f8a3cf1d5380d81e535fae945323bf719cc3c2c92a299c6bbd120972be1,model_weights,nonempty
geoacmg_reproduction.tar.gz,export_checkpoints_small/geometry_comparison/poincare/seed-17/value_geometry.pt,1385834,544fe8fb92b7a755affa27471dfac0651fd08df941b167eca5a7bd617e5fdee8,model_weights,nonempty
geoacmg_reproduction.tar.gz,export_checkpoints_small/geometry_comparison/poincare/seed-29/value_geometry.pt,1385834,91e0dd19f25b8f9c9cd1867cc15b274be740488e4bf728b8513b8b42be0edd48,model_weights,nonempty
geoacmg_reproduction.tar.gz,export_checkpoints_small/geometry_comparison/poincare/seed-43/value_geometry.pt,1385834,984aacc5f9d7584fd40f6e8c366a4f98c00a25a8e5add09981208fd8e0e19f13,model_weights,nonempty
geoacmg_reproduction.tar.gz,export_checkpoints_small/geometry_r1_pairs/cosine/seed-59/value_geometry.pt,1369058,8c06b9bd7ed99929b35c0f087281173fb34139fd865f4e40696548a8631aa9e7,model_weights,nonempty
geoacmg_reproduction.tar.gz,export_checkpoints_small/geometry_r1_pairs/cosine/seed-71/value_geometry.pt,1369058,d21906eac174e0a620b1c4b8d1e2104f9bfdb0833488c7acf8e0bc19c837e3fa,model_weights,nonempty
geoacmg_reproduction.tar.gz,export_checkpoints_small/geometry_r1_pairs/euclidean/seed-59/value_geometry.pt,1369058,82d3cb4677193b09417e5c616702193d68b11b46b0286e8ed3ee8a94fd50661a,model_weights,nonempty
geoacmg_reproduction.tar.gz,export_checkpoints_small/geometry_r1_pairs/euclidean/seed-71/value_geometry.pt,1369058,3e16da1a7aa717fd6cf0690475e6d048bb8be1799407d74bb22c8133e2e4e53c,model_weights,nonempty
geoacmg_reproduction.tar.gz,export_checkpoints_small/state_flow/training_resume.pt,3625067,1b6c10465a9e6edf2900a4aafaf0ce4aebe7df4e9959da340e25fe085baa34ed,training_resume,nonempty
synthetic_v1_reproduction.tar.gz,frozen_qwen7b_multiview/checkpoints/distance_comparison/bilinear/metric_model.pt,20342674,a49f15a98996001f9bf2beed6781b1e69a3740ae59c7fd55ebcf25cdefc8a422,model_weights,nonempty
synthetic_v1_reproduction.tar.gz,frozen_qwen7b_multiview/checkpoints/distance_comparison/cosine/metric_model.pt,19817742,c79603afae4fff515573dd4ea65803c5bfea562b9570a3a578a22b807bed6753,model_weights,nonempty
synthetic_v1_reproduction.tar.gz,frozen_qwen7b_multiview/checkpoints/distance_comparison/diagonal_mahalanobis/metric_model.pt,19820434,d47879a25f128cfa6d7f71c068538e1105041f69d8bd9bb66d80ccdf83e78c7c,model_weights,nonempty
synthetic_v1_reproduction.tar.gz,frozen_qwen7b_multiview/checkpoints/distance_comparison/euclidean/metric_model.pt,19817742,9999287590d10abcd2bad828fe8e7f08b4e5eebb68d1f7aa40bd98376d16fd1c,model_weights,nonempty
synthetic_v1_reproduction.tar.gz,frozen_qwen7b_multiview/checkpoints/distance_comparison/lowrank_mahalanobis/metric_model.pt,19949586,263b33456448f6ad85e066418b459d34e3c52dbbdd3875c1e21c6a0c1c0ae43f,model_weights,nonempty
synthetic_v1_reproduction.tar.gz,frozen_qwen7b_multiview/checkpoints/distance_comparison/poincare/metric_model.pt,20867862,8dde60c2a92c40f755e54cfdd9dc3ba027e9fccef60da2727c33662b3173ae93,model_weights,nonempty
synthetic_v1_reproduction.tar.gz,frozen_qwen7b_multiview/checkpoints/flow/flow_model.pt,5043682,d8bedc5ff1ca165b8ffc5eb073d3e1f9f9b9ae449a8fe098875b6ddbde7e87ad,model_weights,nonempty
synthetic_v1_reproduction.tar.gz,frozen_qwen7b_multiview/checkpoints/flow_bilinear_control/flow_model.pt,5043682,778b26fc94e7a38ec2d0abd69b5a27bbc1821456282bbecfe5d9e69c10864636,model_weights,nonempty
synthetic_v1_reproduction.tar.gz,frozen_qwen7b_multiview/checkpoints/metric/metric_model.pt,20867862,dd22a6d2cecfa562146b4f1adf05f77bdb47deb69e84750c5e61ea5c26446559,model_weights,nonempty
synthetic_v1_reproduction.tar.gz,frozen_qwen7b_multiview/checkpoints/seeds/seed41/distance_comparison/bilinear/metric_model.pt,20342674,ec013bafac62c47e1e788903226daea7708d586c82a53061c3b8f657c7b063b1,model_weights,nonempty
synthetic_v1_reproduction.tar.gz,frozen_qwen7b_multiview/checkpoints/seeds/seed41/distance_comparison/cosine/metric_model.pt,19817742,1f8b241a58b8e6c8746117f5e677c47321fe3c38473257fc688f61da31dcf64f,model_weights,nonempty
synthetic_v1_reproduction.tar.gz,frozen_qwen7b_multiview/checkpoints/seeds/seed41/distance_comparison/diagonal_mahalanobis/metric_model.pt,19820434,8e293f1c1e778d3c497d722f98fc74963138e800ec7c3074f8e5bc6ef4243aec,model_weights,nonempty
synthetic_v1_reproduction.tar.gz,frozen_qwen7b_multiview/checkpoints/seeds/seed41/distance_comparison/euclidean/metric_model.pt,19817742,a53933a69eb9d3143bd57173e1de70d770d99ffc28d996473ebea7bfc231c7f4,model_weights,nonempty
synthetic_v1_reproduction.tar.gz,frozen_qwen7b_multiview/checkpoints/seeds/seed41/distance_comparison/lowrank_mahalanobis/metric_model.pt,19949586,1e0e1b5d2834c3e19bb7d89d22e9595a79d1bb0454ffa50f69d3ccc120fc15b1,model_weights,nonempty
synthetic_v1_reproduction.tar.gz,frozen_qwen7b_multiview/checkpoints/seeds/seed41/distance_comparison/poincare/metric_model.pt,20867862,1e75352c9ef8611e346d87c4bf017bdae0a865d695b3c1228017a2cee8f4ab26,model_weights,nonempty
synthetic_v1_reproduction.tar.gz,frozen_qwen7b_multiview/checkpoints/seeds/seed41/flow/flow_model.pt,5043682,e1bf4e3a1affec364bcb799b0985ad314e450cbd2413503075d50ea25930e7aa,model_weights,nonempty
synthetic_v1_reproduction.tar.gz,frozen_qwen7b_multiview/checkpoints/seeds/seed41/flow_bilinear_control/flow_model.pt,5043682,c8a7fed59c117c1a66e23bc435c8b22af6cb7e5e53bbb173d6032da1746542dc,model_weights,nonempty
synthetic_v1_reproduction.tar.gz,frozen_qwen7b_multiview/checkpoints/seeds/seed41/metric/metric_model.pt,20867862,1e75352c9ef8611e346d87c4bf017bdae0a865d695b3c1228017a2cee8f4ab26,model_weights,nonempty
synthetic_v1_reproduction.tar.gz,frozen_qwen7b_multiview/checkpoints/seeds/seed73/distance_comparison/bilinear/metric_model.pt,20342674,f6179b4021906324e9e8981025fcb777b3f4a06178146b9c3b27c3a301d27549,model_weights,nonempty
synthetic_v1_reproduction.tar.gz,frozen_qwen7b_multiview/checkpoints/seeds/seed73/distance_comparison/cosine/metric_model.pt,19817742,548b0054c0411a877bf192e0a6445372a809c3f4a92d6d366234d38795607f43,model_weights,nonempty
synthetic_v1_reproduction.tar.gz,frozen_qwen7b_multiview/checkpoints/seeds/seed73/distance_comparison/diagonal_mahalanobis/metric_model.pt,19820434,62c006e2bb18dbec42693c3089fd498742bf91335d900deef24d07ce28b7a800,model_weights,nonempty
synthetic_v1_reproduction.tar.gz,frozen_qwen7b_multiview/checkpoints/seeds/seed73/distance_comparison/euclidean/metric_model.pt,19817742,c4884eaff42e6b4ef8fe2bf305c11969fca21749034dd27ad8d47385e2bb1474,model_weights,nonempty
synthetic_v1_reproduction.tar.gz,frozen_qwen7b_multiview/checkpoints/seeds/seed73/distance_comparison/lowrank_mahalanobis/metric_model.pt,19949586,31fa5a1dc44d494e3180351533186ab49df34174abbe607698dad1b124d4433e,model_weights,nonempty
synthetic_v1_reproduction.tar.gz,frozen_qwen7b_multiview/checkpoints/seeds/seed73/distance_comparison/poincare/metric_model.pt,20867862,dc2890ce1e0e78f4e14b4de052ecbc2af98e4762960404f855c59488669002b1,model_weights,nonempty
synthetic_v1_reproduction.tar.gz,frozen_qwen7b_multiview/checkpoints/seeds/seed73/flow/flow_model.pt,5043682,b0d8e2ab87369f86190b890b95fb6cb76891ec074dcec3cc44d26f9c5272ab74,model_weights,nonempty
synthetic_v1_reproduction.tar.gz,frozen_qwen7b_multiview/checkpoints/seeds/seed73/flow_bilinear_control/flow_model.pt,5043682,0543b66c612c84c5a72b132602fc3a21a7ad5f10f268be3ed01cd50467d6980c,model_weights,nonempty
synthetic_v1_reproduction.tar.gz,frozen_qwen7b_multiview/checkpoints/seeds/seed73/metric/metric_model.pt,20867862,dc2890ce1e0e78f4e14b4de052ecbc2af98e4762960404f855c59488669002b1,model_weights,nonempty
synthetic_v1_reproduction.tar.gz,frozen_smoke_qwen15_multiview/checkpoints/distance_comparison/bilinear/metric_model.pt,16115602,f93db95938762a0fcc4b4e843c0784da42423c136fb983f53e1b0d05415b6779,model_weights,nonempty
synthetic_v1_reproduction.tar.gz,frozen_smoke_qwen15_multiview/checkpoints/distance_comparison/cosine/metric_model.pt,15590670,e50413def17d56194299406c59179a5baebd6438731721468cdf54f64e5900b8,model_weights,nonempty
synthetic_v1_reproduction.tar.gz,frozen_smoke_qwen15_multiview/checkpoints/distance_comparison/diagonal_mahalanobis/metric_model.pt,15593362,d31737896b49210bd8b3d57352754a932e1096495aaede9fdc35f1ad356ae06f,model_weights,nonempty
synthetic_v1_reproduction.tar.gz,frozen_smoke_qwen15_multiview/checkpoints/distance_comparison/euclidean/metric_model.pt,15590670,e6c41bbe803db3acb299223dae36821b3c9adef6699e988930c23ec66ae885fb,model_weights,nonempty
synthetic_v1_reproduction.tar.gz,frozen_smoke_qwen15_multiview/checkpoints/distance_comparison/lowrank_mahalanobis/metric_model.pt,15722514,269c3f5fad4cbfa56dee91132cbda5504d0ff4539ca1d1db1b70e1cd57aa281b,model_weights,nonempty
synthetic_v1_reproduction.tar.gz,frozen_smoke_qwen15_multiview/checkpoints/distance_comparison/poincare/metric_model.pt,16640790,dd84b9328493b523d3bba51f156af7f22a0d828eb4a5849094674ffd6457361e,model_weights,nonempty
synthetic_v1_reproduction.tar.gz,frozen_smoke_qwen15_multiview/checkpoints/flow/flow_model.pt,11107490,292f8cb6d60f9589f1e401af15a744c867acbbe6b21f673a887d61ee3a29242a,model_weights,nonempty
synthetic_v1_reproduction.tar.gz,frozen_smoke_qwen15_multiview/checkpoints/flow_tuned_v1/flow_model.pt,5043618,fe9609de19daadeaeeb7326b3a4132aec4ce43959252aa043f9fba28f9f32149,model_weights,nonempty
synthetic_v1_reproduction.tar.gz,frozen_smoke_qwen15_multiview/checkpoints/flow_tuned_v2/flow_model.pt,5043682,90e21c5c76b0ba791df7a5906ac1ebe39250b4aa5210cf164213244e9586ed14,model_weights,nonempty
synthetic_v1_reproduction.tar.gz,frozen_smoke_qwen15_multiview/checkpoints/flow_tuned_v3/flow_model.pt,5043682,97ae5f54e83dba14942691ec336bfad48356f0f03e47aa5bb3406170d430cd39,model_weights,nonempty
synthetic_v1_reproduction.tar.gz,frozen_smoke_qwen15_multiview/checkpoints/flow_tuned_v4/flow_model.pt,5043682,d666804ca76c28944c6498f0bb6c0c8459444809f1334948fcaec884dee13329,model_weights,nonempty
synthetic_v1_reproduction.tar.gz,frozen_smoke_qwen15_multiview/checkpoints/flow_tuned_v5/flow_model.pt,5043682,0681ce0444a73bb1ef9b67f8df42de97411088da7597282493dfb0a750b1ce17,model_weights,nonempty
synthetic_v1_reproduction.tar.gz,frozen_smoke_qwen15_multiview/checkpoints/flow_tuned_v6/flow_model.pt,5043682,c4912430ef84d5984150b4034ea6f42d58b1ff3ae83a2fe2d39648f5bd3b2578,model_weights,nonempty
synthetic_v1_reproduction.tar.gz,frozen_smoke_qwen15_multiview/checkpoints/metric/metric_model.pt,15722514,269c3f5fad4cbfa56dee91132cbda5504d0ff4539ca1d1db1b70e1cd57aa281b,model_weights,nonempty
synthetic_v1_reproduction.tar.gz,frozen_smoke_qwen15_multiview/checkpoints/seeds/seed17/flow_bilinear/flow_model.pt,5043682,8ec8c4a9e6decc42a24881a7f0bb68c453606bc4e527403a02f7ac9fc9eb1f4d,model_weights,nonempty
synthetic_v1_reproduction.tar.gz,frozen_smoke_qwen15_multiview/checkpoints/seeds/seed17/metric/metric_model.pt,16115602,a0b988e8c3e10033cd480c13e239284c416bc568890251ccb3f42c0e73ed3617,model_weights,nonempty
synthetic_v1_reproduction.tar.gz,frozen_smoke_qwen15_multiview/checkpoints/seeds/seed41/distance_comparison/bilinear/metric_model.pt,16115602,f5764e6bc2fad7c397080eeb753425263cd9a1de5d7643b158566193549186d2,model_weights,nonempty
synthetic_v1_reproduction.tar.gz,frozen_smoke_qwen15_multiview/checkpoints/seeds/seed41/distance_comparison/cosine/metric_model.pt,15590670,82ce6c8306de6158bbf6458fb2d778aea709dd3adc0817ce56c1ff553121f460,model_weights,nonempty
synthetic_v1_reproduction.tar.gz,frozen_smoke_qwen15_multiview/checkpoints/seeds/seed41/distance_comparison/diagonal_mahalanobis/metric_model.pt,15593362,5bda79fd3be3cbac3586386127e27122c99c2ced85490614d2b0ca90032819b7,model_weights,nonempty
synthetic_v1_reproduction.tar.gz,frozen_smoke_qwen15_multiview/checkpoints/seeds/seed41/distance_comparison/euclidean/metric_model.pt,15590670,e0b737198722d3cfc099871ef744a8e223b1ec383f1f77fd84625e030e832ba1,model_weights,nonempty
synthetic_v1_reproduction.tar.gz,frozen_smoke_qwen15_multiview/checkpoints/seeds/seed41/distance_comparison/lowrank_mahalanobis/metric_model.pt,15722514,d75a2184b9b91d1cef1e2c7edd839b3cd7552614f75350a7104725af729d1987,model_weights,nonempty
synthetic_v1_reproduction.tar.gz,frozen_smoke_qwen15_multiview/checkpoints/seeds/seed41/distance_comparison/poincare/metric_model.pt,16640790,4da1c9faa4b857cc99e3ed59877a01aa40d0040e6e36dfe962ecde5083b7c602,model_weights,nonempty
synthetic_v1_reproduction.tar.gz,frozen_smoke_qwen15_multiview/checkpoints/seeds/seed41/flow_bilinear/flow_model.pt,5043682,c65103a4253f7c7ac10d1d036d1d492a001d6283ab6280dcba7a268472641f46,model_weights,nonempty
synthetic_v1_reproduction.tar.gz,frozen_smoke_qwen15_multiview/checkpoints/seeds/seed41/metric/metric_model.pt,16115602,bac70a598ac94f6f6be3b8cab6c27209d909c4ff7116cd2934cbc85ec3d56469,model_weights,nonempty
synthetic_v1_reproduction.tar.gz,frozen_smoke_qwen15_multiview/checkpoints/seeds/seed73/distance_comparison/bilinear/metric_model.pt,16115602,3a91a33ffefc8040f0bad57cef9e6bcf6a80353d45ac4b781260ed7546ced837,model_weights,nonempty
synthetic_v1_reproduction.tar.gz,frozen_smoke_qwen15_multiview/checkpoints/seeds/seed73/distance_comparison/cosine/metric_model.pt,15590670,f5c38a1aac1fd7008f6793c31aef25b8dace016dfca44de13be99bc9ca89094b,model_weights,nonempty
synthetic_v1_reproduction.tar.gz,frozen_smoke_qwen15_multiview/checkpoints/seeds/seed73/distance_comparison/diagonal_mahalanobis/metric_model.pt,15593362,75294a033c4b98d4c99f69bf93ad297a729f316e20375f17244f1728b836aad3,model_weights,nonempty
synthetic_v1_reproduction.tar.gz,frozen_smoke_qwen15_multiview/checkpoints/seeds/seed73/distance_comparison/euclidean/metric_model.pt,15590670,44a7eaf5f9c40988efc7c94e7337e61c390f317c178a2c9ce960659653ea525b,model_weights,nonempty
synthetic_v1_reproduction.tar.gz,frozen_smoke_qwen15_multiview/checkpoints/seeds/seed73/distance_comparison/lowrank_mahalanobis/metric_model.pt,15722514,ff1fa5a7d1c1fa4090b9550e96e30d303b65e4aa6ce02a60d0ede3e52c8217f4,model_weights,nonempty
synthetic_v1_reproduction.tar.gz,frozen_smoke_qwen15_multiview/checkpoints/seeds/seed73/distance_comparison/poincare/metric_model.pt,16640790,4db0f354a013d4aa210562451c7d1256360c44ba8d0274b51677b83169ee9b78,model_weights,nonempty
synthetic_v1_reproduction.tar.gz,frozen_smoke_qwen15_multiview/checkpoints/seeds/seed73/flow_bilinear/flow_model.pt,5043682,2a5e270fdb6829e9b3b72863176d6e40eacd666872d794f5b25a95bf6958a5ee,model_weights,nonempty
synthetic_v1_reproduction.tar.gz,frozen_smoke_qwen15_multiview/checkpoints/seeds/seed73/metric/metric_model.pt,16115602,18136393046bc90983f7d69804f046c3e8abc8e0601648c280c5664cd20ec543,model_weights,nonempty
hard_v2_base_complement.tar.gz,tmp/GeoFlowAgent_a_runs/search_hard_v2/development/checkpoints/capacity_comparison/configured/seed-17/training_resume.pt,12825182,3b17be2951bad1652c56cf5c3ab4878686ef7f8ce5d52040f64f60f412282f2e,training_resume,nonempty
hard_v2_base_complement.tar.gz,tmp/GeoFlowAgent_a_runs/search_hard_v2/development/checkpoints/capacity_comparison/configured/seed-17/value_geometry.pt,3203746,2e4dcf23f8e103a3629695db20e4b75d08a9411787d9e6c4f8ade5ddb02a4614,model_weights,nonempty
hard_v2_base_complement.tar.gz,tmp/GeoFlowAgent_a_runs/search_hard_v2/development/checkpoints/geometry_frozen_qwen15_small/asymmetric_bilinear/seed-17/training_resume.pt,12893776,9f7e20f2ec5438bfe4e0da577a8a0f0b0e285c781e50ccc239eed5dc7b6b44ee,training_resume,nonempty
hard_v2_base_complement.tar.gz,tmp/GeoFlowAgent_a_runs/search_hard_v2/development/checkpoints/geometry_frozen_qwen15_small/asymmetric_bilinear/seed-17/value_geometry.pt,3220458,e05be8a167a5ff9e04d4189c8f657d136daa8423c433963e0c9f3ecf9f09af22,model_weights,nonempty
hard_v2_base_complement.tar.gz,tmp/GeoFlowAgent_a_runs/search_hard_v2/development/checkpoints/geometry_frozen_qwen15_small/asymmetric_bilinear/seed-29/training_resume.pt,12891088,f308ffa5cd33c412dfa4fcb8d801875fc56f8f60924d38a744b0f930ecf6d6f7,training_resume,nonempty
hard_v2_base_complement.tar.gz,tmp/GeoFlowAgent_a_runs/search_hard_v2/development/checkpoints/geometry_frozen_qwen15_small/asymmetric_bilinear/seed-29/value_geometry.pt,3220458,ee9ca4f8d17ffd9296d96cee004e3b795f70e1625e88843021ac27f23e8838ed,model_weights,nonempty
hard_v2_base_complement.tar.gz,tmp/GeoFlowAgent_a_runs/search_hard_v2/development/checkpoints/geometry_frozen_qwen15_small/asymmetric_bilinear/seed-43/training_resume.pt,12891472,3b442301d7bc7164d121a8f0bb27cea64b8c008a63816738dbf2a595c4dba0b8,training_resume,nonempty
hard_v2_base_complement.tar.gz,tmp/GeoFlowAgent_a_runs/search_hard_v2/development/checkpoints/geometry_frozen_qwen15_small/asymmetric_bilinear/seed-43/value_geometry.pt,3220458,a4fcca5e8e76e1930f021ab2ac9b77d2c3ca3a5b5bc4361d370073d0e77bf869,model_weights,nonempty
hard_v2_base_complement.tar.gz,tmp/GeoFlowAgent_a_runs/search_hard_v2/development/checkpoints/geometry_frozen_qwen15_small/cosine/seed-17/training_resume.pt,12826974,6b161beaac6cc3ef55bc2f8e85ce15a704b5ba301f71bfd93e123dd93d425032,training_resume,nonempty
hard_v2_base_complement.tar.gz,tmp/GeoFlowAgent_a_runs/search_hard_v2/development/checkpoints/geometry_frozen_qwen15_small/cosine/seed-17/value_geometry.pt,3203746,f858b1d80479ec7fefc0d51d6acd55159e7d81c4eb2bfe0c1001d065781e222d,model_weights,nonempty
hard_v2_base_complement.tar.gz,tmp/GeoFlowAgent_a_runs/search_hard_v2/development/checkpoints/geometry_frozen_qwen15_small/cosine/seed-29/training_resume.pt,12824542,784e3302581f13db9d3528332c363b6d9564205f042e0f8e9e97beb9d4acc69b,training_resume,nonempty
hard_v2_base_complement.tar.gz,tmp/GeoFlowAgent_a_runs/search_hard_v2/development/checkpoints/geometry_frozen_qwen15_small/cosine/seed-29/value_geometry.pt,3203746,f95c5509d55a7faa8da21f252ccbd53433be07dccea8d8f9326b5f5fbf3015e6,model_weights,nonempty
hard_v2_base_complement.tar.gz,tmp/GeoFlowAgent_a_runs/search_hard_v2/development/checkpoints/geometry_frozen_qwen15_small/cosine/seed-43/training_resume.pt,12825630,41b9dc2ebff09e3ba1a933c36b1fc7bdef3a2c7c980e7f65536c79fa90994d25,training_resume,nonempty
hard_v2_base_complement.tar.gz,tmp/GeoFlowAgent_a_runs/search_hard_v2/development/checkpoints/geometry_frozen_qwen15_small/cosine/seed-43/value_geometry.pt,3203746,596df2bbfbcfe4ae367990a21398e9f1fc81b96c10cddd6046cc0173235011c3,model_weights,nonempty
hard_v2_base_complement.tar.gz,tmp/GeoFlowAgent_a_runs/search_hard_v2/development/checkpoints/geometry_frozen_qwen15_small/diagonal_mahalanobis/seed-17/training_resume.pt,12828688,a725b16d17ddc86437c5ee22a1a3300e83fbe82a1a63acf46b8aa0f57683d9e6,training_resume,nonempty
hard_v2_base_complement.tar.gz,tmp/GeoFlowAgent_a_runs/search_hard_v2/development/checkpoints/geometry_frozen_qwen15_small/diagonal_mahalanobis/seed-17/value_geometry.pt,3204330,20d5f22464c2a158dbb9ed3c919994f13a29682c4fa4ba843fe12761340b3d0b,model_weights,nonempty
hard_v2_base_complement.tar.gz,tmp/GeoFlowAgent_a_runs/search_hard_v2/development/checkpoints/geometry_frozen_qwen15_small/diagonal_mahalanobis/seed-29/training_resume.pt,12826448,11a3709d7eb7c65fd80bd6eea1eb0a07fb8a0c7b6a7d6d4f57cde54a0cf2e96e,training_resume,nonempty
hard_v2_base_complement.tar.gz,tmp/GeoFlowAgent_a_runs/search_hard_v2/development/checkpoints/geometry_frozen_qwen15_small/diagonal_mahalanobis/seed-29/value_geometry.pt,3204330,812c933dc710701865e4ca8313aa6e9fc0f89e7efbbe5f851df69391108bbeac,model_weights,nonempty
hard_v2_base_complement.tar.gz,tmp/GeoFlowAgent_a_runs/search_hard_v2/development/checkpoints/geometry_frozen_qwen15_small/diagonal_mahalanobis/seed-43/training_resume.pt,12828368,e4a70f6811f012d5bb48060c35f2181ac3cb5863311308747df00e539e7c6017,training_resume,nonempty
hard_v2_base_complement.tar.gz,tmp/GeoFlowAgent_a_runs/search_hard_v2/development/checkpoints/geometry_frozen_qwen15_small/diagonal_mahalanobis/seed-43/value_geometry.pt,3204330,8a06a24500217b319188a814db3fcc4cc940321d9bef5c7754633041aabcdc10,model_weights,nonempty
hard_v2_base_complement.tar.gz,tmp/GeoFlowAgent_a_runs/search_hard_v2/development/checkpoints/geometry_frozen_qwen15_small/directed_quasimetric/seed-17/training_resume.pt,12861186,bd76f2b103c2e37cdd87ed5146ad86ace6b222ec47dd88a9bcbb2caf8814da68,training_resume,nonempty
hard_v2_base_complement.tar.gz,tmp/GeoFlowAgent_a_runs/search_hard_v2/development/checkpoints/geometry_frozen_qwen15_small/directed_quasimetric/seed-17/value_geometry.pt,3212786,437852a362861e30a2968e2b3b7ee14a03b3065ef7edb9d2eeffeb0e998470a1,model_weights,nonempty
hard_v2_base_complement.tar.gz,tmp/GeoFlowAgent_a_runs/search_hard_v2/development/checkpoints/geometry_frozen_qwen15_small/directed_quasimetric/seed-29/training_resume.pt,12860610,5cbc176cbd49b81130d8a85fbc94365decf6a26ce9d35f0945e07e4420e245fd,training_resume,nonempty
hard_v2_base_complement.tar.gz,tmp/GeoFlowAgent_a_runs/search_hard_v2/development/checkpoints/geometry_frozen_qwen15_small/directed_quasimetric/seed-29/value_geometry.pt,3212786,40ebc4894d78fd221ddd225f3d923e2c7493e7c99139b9cf49813c9ffe681b28,model_weights,nonempty
hard_v2_base_complement.tar.gz,tmp/GeoFlowAgent_a_runs/search_hard_v2/development/checkpoints/geometry_frozen_qwen15_small/directed_quasimetric/seed-43/training_resume.pt,12861826,fddf7373170d53701893cef031df7e9482860912f2917679e89ba4072f7bd379,training_resume,nonempty
hard_v2_base_complement.tar.gz,tmp/GeoFlowAgent_a_runs/search_hard_v2/development/checkpoints/geometry_frozen_qwen15_small/directed_quasimetric/seed-43/value_geometry.pt,3212786,fa7a4bcdc0a937bf33b39ba01801927047f60126006b21980a7482e26f48f37f,model_weights,nonempty
hard_v2_base_complement.tar.gz,tmp/GeoFlowAgent_a_runs/search_hard_v2/development/checkpoints/geometry_frozen_qwen15_small/euclidean/seed-17/training_resume.pt,12825182,3b17be2951bad1652c56cf5c3ab4878686ef7f8ce5d52040f64f60f412282f2e,training_resume,nonempty
hard_v2_base_complement.tar.gz,tmp/GeoFlowAgent_a_runs/search_hard_v2/development/checkpoints/geometry_frozen_qwen15_small/euclidean/seed-17/value_geometry.pt,3203746,2e4dcf23f8e103a3629695db20e4b75d08a9411787d9e6c4f8ade5ddb02a4614,model_weights,nonempty
hard_v2_base_complement.tar.gz,tmp/GeoFlowAgent_a_runs/search_hard_v2/development/checkpoints/geometry_frozen_qwen15_small/euclidean/seed-29/training_resume.pt,12824926,fb64a5422555ebaee594b5963642b9ce58ab484611c67afb0e0238486e8a4f3d,training_resume,nonempty
hard_v2_base_complement.tar.gz,tmp/GeoFlowAgent_a_runs/search_hard_v2/development/checkpoints/geometry_frozen_qwen15_small/euclidean/seed-29/value_geometry.pt,3203746,cddd4b804e4605fe6deb6358ca0435b6b3f9cdf536247948b3af1badc5e83796,model_weights,nonempty
hard_v2_base_complement.tar.gz,tmp/GeoFlowAgent_a_runs/search_hard_v2/development/checkpoints/geometry_frozen_qwen15_small/euclidean/seed-43/training_resume.pt,12825438,89682958a26a479264273dc604deb0d951b4547637088a3eb28e5ed566306bf9,training_resume,nonempty
hard_v2_base_complement.tar.gz,tmp/GeoFlowAgent_a_runs/search_hard_v2/development/checkpoints/geometry_frozen_qwen15_small/euclidean/seed-43/value_geometry.pt,3203746,1a8f7d44ec3f4e5bba3502df57d620dafb3e268dceff08c8b01ea82f2d94fe11,model_weights,nonempty
hard_v2_base_complement.tar.gz,tmp/GeoFlowAgent_a_runs/search_hard_v2/development/checkpoints/geometry_frozen_qwen15_small/lowrank_mahalanobis/seed-17/training_resume.pt,12858064,7e22531e55a6ed914d45e7672658fb2a24547399ea454b79bbe8145726709ec8,training_resume,nonempty
hard_v2_base_complement.tar.gz,tmp/GeoFlowAgent_a_runs/search_hard_v2/development/checkpoints/geometry_frozen_qwen15_small/lowrank_mahalanobis/seed-17/value_geometry.pt,3212330,76fafa246dc07e165d21eeb827ba1b90128c84876504934ec1d897d08b245d41,model_weights,nonempty
hard_v2_base_complement.tar.gz,tmp/GeoFlowAgent_a_runs/search_hard_v2/development/checkpoints/geometry_frozen_qwen15_small/lowrank_mahalanobis/seed-29/training_resume.pt,12857872,af5f10cf86bd3abe7e50181d7d1986cb29b35b3c648c2d957998eb4f3d49002b,training_resume,nonempty
hard_v2_base_complement.tar.gz,tmp/GeoFlowAgent_a_runs/search_hard_v2/development/checkpoints/geometry_frozen_qwen15_small/lowrank_mahalanobis/seed-29/value_geometry.pt,3212330,06d442e9229e944b48e3c10e8ae87dc76b888e95c4adb911a02fa88098fe092c,model_weights,nonempty
hard_v2_base_complement.tar.gz,tmp/GeoFlowAgent_a_runs/search_hard_v2/development/checkpoints/geometry_frozen_qwen15_small/lowrank_mahalanobis/seed-43/training_resume.pt,12858000,072b829e7a443dea931a905be8358bd2c599f760b5d7c805b8be1dde151fde9f,training_resume,nonempty
hard_v2_base_complement.tar.gz,tmp/GeoFlowAgent_a_runs/search_hard_v2/development/checkpoints/geometry_frozen_qwen15_small/lowrank_mahalanobis/seed-43/value_geometry.pt,3212330,f7698fd41b3a36e2ffeaec2fd2b964b2e52727aaa458fb170a93535c729f4baa,model_weights,nonempty
hard_v2_base_complement.tar.gz,tmp/GeoFlowAgent_a_runs/search_hard_v2/development/checkpoints/geometry_frozen_qwen15_small/order_violation/seed-17/training_resume.pt,12869200,286b70adb10851f607b08339abea2fb785af9e9f9aa7f77333571ef9b728b036,training_resume,nonempty
hard_v2_base_complement.tar.gz,tmp/GeoFlowAgent_a_runs/search_hard_v2/development/checkpoints/geometry_frozen_qwen15_small/order_violation/seed-17/value_geometry.pt,3212266,3c30098db6c4549d9bd57216fadb8b74add6ec8da85831ea843977281e0b5da1,model_weights,nonempty
hard_v2_base_complement.tar.gz,tmp/GeoFlowAgent_a_runs/search_hard_v2/development/checkpoints/geometry_frozen_qwen15_small/order_violation/seed-29/training_resume.pt,12868368,5e9965a823f3abda76731ab578d3e1af921a5405606c2a66a9d2826adf513571,training_resume,nonempty
hard_v2_base_complement.tar.gz,tmp/GeoFlowAgent_a_runs/search_hard_v2/development/checkpoints/geometry_frozen_qwen15_small/order_violation/seed-29/value_geometry.pt,3212266,ce7277960ef2187b36d3679a13c6b26dba0decde899ebfb0725dcbdde79fbd87,model_weights,nonempty
hard_v2_base_complement.tar.gz,tmp/GeoFlowAgent_a_runs/search_hard_v2/development/checkpoints/geometry_frozen_qwen15_small/order_violation/seed-43/training_resume.pt,12869328,54549cbd81c4786f065c3e2b4dcbae42b570cbaa583db9306f182108f3fac9cc,training_resume,nonempty
hard_v2_base_complement.tar.gz,tmp/GeoFlowAgent_a_runs/search_hard_v2/development/checkpoints/geometry_frozen_qwen15_small/order_violation/seed-43/value_geometry.pt,3212266,79c011b11b392ad2d3e5e5475a8be2673db26bf1f7ad14075938de93dedf07fb,model_weights,nonempty
hard_v2_base_complement.tar.gz,tmp/GeoFlowAgent_a_runs/search_hard_v2/development/checkpoints/geometry_frozen_qwen15_small/pair_mlp/seed-17/training_resume.pt,13368842,fc2c7d15ad1505e164f6daad66afeae79a7244734e1c550b85f977b13d09b728,training_resume,nonempty
hard_v2_base_complement.tar.gz,tmp/GeoFlowAgent_a_runs/search_hard_v2/development/checkpoints/geometry_frozen_qwen15_small/pair_mlp/seed-17/value_geometry.pt,3340050,f896af5156fb09108b78528a2b1b85853ca7ca42a353aca907bade38a39b1c57,model_weights,nonempty
hard_v2_base_complement.tar.gz,tmp/GeoFlowAgent_a_runs/search_hard_v2/development/checkpoints/geometry_hash_parameter_matched_792k/euclidean/seed-17/training_resume.pt,12827358,f703006de95bbfefcc89c03f1196a7820370b3d81c11636bedb9750e0dad0b98,training_resume,nonempty
hard_v2_base_complement.tar.gz,tmp/GeoFlowAgent_a_runs/search_hard_v2/development/checkpoints/geometry_hash_parameter_matched_792k/euclidean/seed-17/value_geometry.pt,3204194,fa5d7a0766c7e9fc83ef5d474ba7421eb4a06fef83f2997bb9eca9c5d0a70fd7,model_weights,nonempty
hard_v2_base_complement.tar.gz,tmp/GeoFlowAgent_a_runs/search_hard_v2/development/checkpoints/geometry_hash_parameter_matched_792k/euclidean/seed-29/training_resume.pt,12828382,00efe70448ea00a814e0856c54d9a90def5bdc37afae8acc1a66d36aa19dad5f,training_resume,nonempty
hard_v2_base_complement.tar.gz,tmp/GeoFlowAgent_a_runs/search_hard_v2/development/checkpoints/geometry_hash_parameter_matched_792k/euclidean/seed-29/value_geometry.pt,3204194,ec02ea6bf6a0cecd90a05bc91f2484668724ed7ef6086a77fa70a391ace2eddf,model_weights,nonempty
hard_v2_base_complement.tar.gz,tmp/GeoFlowAgent_a_runs/search_hard_v2/development/checkpoints/geometry_hash_parameter_matched_792k/euclidean/seed-43/training_resume.pt,12829214,f120dec3aba9d5866c7c11acf81d1d2e34f21714328b992669b754511e5cabb5,training_resume,nonempty
hard_v2_base_complement.tar.gz,tmp/GeoFlowAgent_a_runs/search_hard_v2/development/checkpoints/geometry_hash_parameter_matched_792k/euclidean/seed-43/value_geometry.pt,3204194,53677ab4653c23d4b38d1c4bb7c1b593133647b8c49f63da27ed2c4dc8a3b76f,model_weights,nonempty
hard_v2_base_complement.tar.gz,tmp/GeoFlowAgent_a_runs/search_hard_v2/development/checkpoints/geometry_hash_small/euclidean/seed-17/value_geometry.pt,1378658,57899a316082d34b81693337518ab1900219bfd99bec83782f66a0959b420028,model_weights,nonempty
hard_v2_base_complement.tar.gz,tmp/GeoFlowAgent_a_runs/search_hard_v2/development/checkpoints/geometry_hash_small/euclidean/seed-29/value_geometry.pt,1378658,9107e6289f4785e34cf34f16ca26dd6e5cd032ee670c229abf5a3c18be49a94d,model_weights,nonempty
hard_v2_base_complement.tar.gz,tmp/GeoFlowAgent_a_runs/search_hard_v2/development/checkpoints/geometry_hash_small/euclidean/seed-43/value_geometry.pt,1378658,eff79d93817cbeb5f858690414c831e944ba455d73f19ce130c24b4effbeb4ab,model_weights,nonempty
hard_v2_base_complement.tar.gz,tmp/GeoFlowAgent_a_runs/search_hard_v2/development/checkpoints/state_flow_frozen_qwen15_small/search_state_flow.pt,4365044,db95d512e2811eddee5300bdad21102b0232316642a05569725f3145ed1ad034,model_weights,nonempty
hard_v2_base_complement.tar.gz,tmp/GeoFlowAgent_a_runs/search_hard_v2/development/checkpoints/state_flow_frozen_qwen15_small/training_resume.pt,9719659,50adb1fc4e9abb02717d5263c4a47e2f5b8b17e9602a9b77950d58329f98dd41,training_resume,nonempty
hard_v2_base_complement.tar.gz,tmp/GeoFlowAgent_a_runs/search_pilot_gpu_v1/development/checkpoints/capacity_comparison/configured/seed-17/value_geometry.pt,2250594,83251d79c69dbb1e57fcb4d5a7acf0a5a0e74edf21784a75dd65b380a28feb64,model_weights,nonempty
hard_v2_base_complement.tar.gz,tmp/GeoFlowAgent_a_runs/search_pilot_gpu_v1/development/checkpoints/capacity_comparison/configured/seed-29/value_geometry.pt,2250594,be3edb56dcf894919dbdca89fea99cf7ed65bd1c0348c7a72e5f49fbadc2488f,model_weights,nonempty
hard_v2_base_complement.tar.gz,tmp/GeoFlowAgent_a_runs/search_pilot_gpu_v1/development/checkpoints/capacity_comparison/configured/seed-43/value_geometry.pt,2250594,b7ff5a58124a8ff7d94303a78d2597eb9722d8714bdd7f6806db2066935e1bf9,model_weights,nonempty
hard_v2_base_complement.tar.gz,tmp/GeoFlowAgent_a_runs/search_pilot_gpu_v1/development/checkpoints/capacity_comparison/two_x/seed-17/value_geometry.pt,6335138,7a41125a23bf664dc29e93c14a1943095fd0ef74a374927c4b2d74005aa64ec7,model_weights,nonempty
hard_v2_base_complement.tar.gz,tmp/GeoFlowAgent_a_runs/search_pilot_gpu_v1/development/checkpoints/capacity_comparison/two_x/seed-29/value_geometry.pt,6335138,cde1ea883fa1e5afd8fe77f46fbe49a1186dd8bb5062431cb1a4434fe413c32a,model_weights,nonempty
hard_v2_base_complement.tar.gz,tmp/GeoFlowAgent_a_runs/search_pilot_gpu_v1/development/checkpoints/capacity_comparison/two_x/seed-43/value_geometry.pt,6335138,d180df64121ebcecfc320bc18e9691a8fe5277b923d96b789f270e1b670b4e8c,model_weights,nonempty
hard_v2_base_complement.tar.gz,tmp/GeoFlowAgent_a_runs/search_pilot_gpu_v1/development/checkpoints/dagger/round_01/value/value_geometry.pt,1377346,c75b2a859e6f289a79bd1ac0dd3cb91cb49c894f38de72e87b1c70ae615941ac,model_weights,nonempty
hard_v2_base_complement.tar.gz,tmp/GeoFlowAgent_a_runs/search_pilot_gpu_v1/development/checkpoints/dagger/round_02/value/value_geometry.pt,1377346,03302d7c67a2707d900c1326fe369b8d8513a31dfbaf800465d85810a77c536c,model_weights,nonempty
hard_v2_base_complement.tar.gz,tmp/GeoFlowAgent_a_runs/search_pilot_gpu_v1/development/checkpoints/dagger/round_03/value/value_geometry.pt,1377346,f3eb68a4194479b673ac5155ad67b3bb4854980b54119bcecdca8c7e0203a166,model_weights,nonempty
hard_v2_base_complement.tar.gz,tmp/GeoFlowAgent_a_runs/search_pilot_gpu_v1/development/checkpoints/dagger/value_geometry.pt,1377346,f3eb68a4194479b673ac5155ad67b3bb4854980b54119bcecdca8c7e0203a166,model_weights,nonempty
hard_v2_base_complement.tar.gz,tmp/GeoFlowAgent_a_runs/search_pilot_gpu_v1/development/checkpoints/geometry_comparison/asymmetric_bilinear/seed-17/value_geometry.pt,1393798,2460eac9dae9c472c2ba0f344736c83a3404959d4eb320ce26e47f1c5959580f,model_weights,nonempty
hard_v2_base_complement.tar.gz,tmp/GeoFlowAgent_a_runs/search_pilot_gpu_v1/development/checkpoints/geometry_comparison/asymmetric_bilinear/seed-29/value_geometry.pt,1393798,03cb519679d6861259e0f462ac2378279de792e891cf8b94639edd8085dd8146,model_weights,nonempty
hard_v2_base_complement.tar.gz,tmp/GeoFlowAgent_a_runs/search_pilot_gpu_v1/development/checkpoints/geometry_comparison/asymmetric_bilinear/seed-43/value_geometry.pt,1393798,96171c1fabae0fb7e2ea30a564473bd55d4b620cc6883c5a7a6418924ab1b4b6,model_weights,nonempty
hard_v2_base_complement.tar.gz,tmp/GeoFlowAgent_a_runs/search_pilot_gpu_v1/development/checkpoints/geometry_comparison/cosine/seed-17/value_geometry.pt,1377090,88056df2245f9c586704b8831550cbc2ccc7a078561e3cdc289f057adfdc6782,model_weights,nonempty
hard_v2_base_complement.tar.gz,tmp/GeoFlowAgent_a_runs/search_pilot_gpu_v1/development/checkpoints/geometry_comparison/cosine/seed-29/value_geometry.pt,1377090,97533b1d9c5528bd6b4575f21fec81e123e2712fc44f9337bdcb2effaf8c6a7b,model_weights,nonempty
hard_v2_base_complement.tar.gz,tmp/GeoFlowAgent_a_runs/search_pilot_gpu_v1/development/checkpoints/geometry_comparison/cosine/seed-43/value_geometry.pt,1377090,5691ebb9310b50ba65318e96af2fbf7bf99d79b06d7eff4fb6a94655cea7c4a1,model_weights,nonempty
hard_v2_base_complement.tar.gz,tmp/GeoFlowAgent_a_runs/search_pilot_gpu_v1/development/checkpoints/geometry_comparison/diagonal_mahalanobis/seed-17/value_geometry.pt,1377670,2defc8e95d83869f9a50b759860a41adb6751c8dbc4879f307eb8b3a76cb8a54,model_weights,nonempty
hard_v2_base_complement.tar.gz,tmp/GeoFlowAgent_a_runs/search_pilot_gpu_v1/development/checkpoints/geometry_comparison/diagonal_mahalanobis/seed-29/value_geometry.pt,1377670,233fe5566d19325c99205d28abada8245034e33d8af53ed1a12f4bca6d0bf04d,model_weights,nonempty
hard_v2_base_complement.tar.gz,tmp/GeoFlowAgent_a_runs/search_pilot_gpu_v1/development/checkpoints/geometry_comparison/diagonal_mahalanobis/seed-43/value_geometry.pt,1377670,0dc79d37fa4a868fca1272c75ede3d53e531e8a1ef5560c12fb8dd71a1c6a316,model_weights,nonempty
hard_v2_base_complement.tar.gz,tmp/GeoFlowAgent_a_runs/search_pilot_gpu_v1/development/checkpoints/geometry_comparison/directed_quasimetric/seed-17/value_geometry.pt,1386122,5a92ac27f890c0f7f01b7c82071fc08c635b094975724cdbe65007555abfc0dd,model_weights,nonempty
hard_v2_base_complement.tar.gz,tmp/GeoFlowAgent_a_runs/search_pilot_gpu_v1/development/checkpoints/geometry_comparison/directed_quasimetric/seed-29/value_geometry.pt,1386122,85e11b2e5578f4691b3cfba8b7ddc6e4403be9a8e4a64f2334274a24418065eb,model_weights,nonempty
hard_v2_base_complement.tar.gz,tmp/GeoFlowAgent_a_runs/search_pilot_gpu_v1/development/checkpoints/geometry_comparison/directed_quasimetric/seed-43/value_geometry.pt,1386122,f7f3c9a2b82f18c7b3ef665f431ec7a3d6a661dbe275f6c66acf117666b6a393,model_weights,nonempty
hard_v2_base_complement.tar.gz,tmp/GeoFlowAgent_a_runs/search_pilot_gpu_v1/development/checkpoints/geometry_comparison/euclidean/seed-17/value_geometry.pt,1377090,09749c401cb6244e6a0157b3138d0d1aa129565682dada0c938830e9b5c12aae,model_weights,nonempty
hard_v2_base_complement.tar.gz,tmp/GeoFlowAgent_a_runs/search_pilot_gpu_v1/development/checkpoints/geometry_comparison/euclidean/seed-29/value_geometry.pt,1377090,8e10a689ca8a77d732c8605a5d97bb89f8466d79193590f717e08a957cb1ba74,model_weights,nonempty
hard_v2_base_complement.tar.gz,tmp/GeoFlowAgent_a_runs/search_pilot_gpu_v1/development/checkpoints/geometry_comparison/euclidean/seed-43/value_geometry.pt,1377090,a3810fe8366f22d879b1052c43ff85c876f85bdd666f835e353ab493a19ab4a6,model_weights,nonempty
hard_v2_base_complement.tar.gz,tmp/GeoFlowAgent_a_runs/search_pilot_gpu_v1/development/checkpoints/geometry_comparison/lowrank_mahalanobis/seed-17/value_geometry.pt,1385670,bcb79787887f97f2e9e7791777145d9846a14d8502736af240df90c84a188ba2,model_weights,nonempty
hard_v2_base_complement.tar.gz,tmp/GeoFlowAgent_a_runs/search_pilot_gpu_v1/development/checkpoints/geometry_comparison/lowrank_mahalanobis/seed-29/value_geometry.pt,1385670,9d75312272546b94f3cceb46ddb5583c2cd41e7a694c381db32f49b7ae5bcb24,model_weights,nonempty
hard_v2_base_complement.tar.gz,tmp/GeoFlowAgent_a_runs/search_pilot_gpu_v1/development/checkpoints/geometry_comparison/lowrank_mahalanobis/seed-43/value_geometry.pt,1385670,144d812999efe8c159884b2ea0c13a0e2c630c90b18a26b3bc2b1ba8ec920040,model_weights,nonempty
hard_v2_base_complement.tar.gz,tmp/GeoFlowAgent_a_runs/search_pilot_gpu_v1/development/checkpoints/geometry_comparison/order_violation/seed-17/value_geometry.pt,1385606,cc988a67e769b31a940154b47a14f16eba5a2af5ddf15b439a922092c27ba967,model_weights,nonempty
hard_v2_base_complement.tar.gz,tmp/GeoFlowAgent_a_runs/search_pilot_gpu_v1/development/checkpoints/geometry_comparison/order_violation/seed-29/value_geometry.pt,1385606,194908ece9d4a0b7dbe14d26c64f4833732e5e2069f404564a210a6041b652b1,model_weights,nonempty
hard_v2_base_complement.tar.gz,tmp/GeoFlowAgent_a_runs/search_pilot_gpu_v1/development/checkpoints/geometry_comparison/order_violation/seed-43/value_geometry.pt,1385606,7f9e6726f1e2c3bf69214c4e74d850387b7e8539ac01aa75fa91f455d1c41c5c,model_weights,nonempty
hard_v2_base_complement.tar.gz,tmp/GeoFlowAgent_a_runs/search_pilot_gpu_v1/development/checkpoints/geometry_comparison/pair_mlp/seed-17/value_geometry.pt,1513370,4c4d8082b08bea36f1b55fa524ba5eb128289e2be490fba8d52210b6c61a3153,model_weights,nonempty
hard_v2_base_complement.tar.gz,tmp/GeoFlowAgent_a_runs/search_pilot_gpu_v1/development/checkpoints/geometry_comparison/pair_mlp/seed-29/value_geometry.pt,1513370,989877a0996c556a4d9d115753ec7fdc3c92918efc8ba4a2b7c370f1b9f03c33,model_weights,nonempty
hard_v2_base_complement.tar.gz,tmp/GeoFlowAgent_a_runs/search_pilot_gpu_v1/development/checkpoints/geometry_comparison/pair_mlp/seed-43/value_geometry.pt,1513370,e4e36a137e8ca70d1f883afe7a41b32eed27368fe9549819563910ad704cb1f5,model_weights,nonempty
hard_v2_base_complement.tar.gz,tmp/GeoFlowAgent_a_runs/search_pilot_gpu_v1/development/checkpoints/geometry_comparison/poincare/seed-17/value_geometry.pt,1393798,f9005665a2bae8caadfa6521961d42cfbe0c1a8be6940afcdecf486ae0041232,model_weights,nonempty
hard_v2_base_complement.tar.gz,tmp/GeoFlowAgent_a_runs/search_pilot_gpu_v1/development/checkpoints/geometry_comparison/poincare/seed-29/value_geometry.pt,1393798,a5693dd8df60de79c3349a508f2da4c3fd115defddf7a177a2333496cb72a5b8,model_weights,nonempty
hard_v2_base_complement.tar.gz,tmp/GeoFlowAgent_a_runs/search_pilot_gpu_v1/development/checkpoints/geometry_comparison/poincare/seed-43/value_geometry.pt,1393798,5953b279492a033874ebce44910dc29e7a8bc9fd27f1ed4a669a89a35bfbb09b,model_weights,nonempty
hard_v2_base_complement.tar.gz,tmp/GeoFlowAgent_a_runs/search_pilot_gpu_v1/development/checkpoints/geometry_frozen_qwen15_euclidean/euclidean/seed-17/value_geometry.pt,2250594,83251d79c69dbb1e57fcb4d5a7acf0a5a0e74edf21784a75dd65b380a28feb64,model_weights,nonempty
hard_v2_base_complement.tar.gz,tmp/GeoFlowAgent_a_runs/search_pilot_gpu_v1/development/checkpoints/geometry_frozen_qwen15_euclidean/euclidean/seed-29/value_geometry.pt,2250594,be3edb56dcf894919dbdca89fea99cf7ed65bd1c0348c7a72e5f49fbadc2488f,model_weights,nonempty
hard_v2_base_complement.tar.gz,tmp/GeoFlowAgent_a_runs/search_pilot_gpu_v1/development/checkpoints/geometry_frozen_qwen15_euclidean/euclidean/seed-43/value_geometry.pt,2250594,b7ff5a58124a8ff7d94303a78d2597eb9722d8714bdd7f6806db2066935e1bf9,model_weights,nonempty
hard_v2_base_complement.tar.gz,tmp/GeoFlowAgent_a_runs/search_pilot_gpu_v1/development/checkpoints/input_ablation/contract_only/seed-17/value_geometry.pt,2250594,1540993ba909673f1c907430114c79b805370e28177291bf5f69b54b23acf6b9,model_weights,nonempty
hard_v2_base_complement.tar.gz,tmp/GeoFlowAgent_a_runs/search_pilot_gpu_v1/development/checkpoints/input_ablation/contract_only/seed-29/value_geometry.pt,2250594,9203e1a07b10f2fa1f7cf2848fa146fbcc2d8fc247e7557fd8d55b6eb966fc79,model_weights,nonempty
hard_v2_base_complement.tar.gz,tmp/GeoFlowAgent_a_runs/search_pilot_gpu_v1/development/checkpoints/input_ablation/contract_only/seed-43/value_geometry.pt,2250594,5d78aa819a28dea5ba55aba29dd4cf3a0186a8eb274a50e3b452525df21be392,model_weights,nonempty
hard_v2_base_complement.tar.gz,tmp/GeoFlowAgent_a_runs/search_pilot_gpu_v1/development/checkpoints/input_ablation/frozen_only/seed-17/value_geometry.pt,2250594,86a677f1e449b2b9bd5cdc461ed7547f462e13eb174653c221a52539febeb531,model_weights,nonempty
hard_v2_base_complement.tar.gz,tmp/GeoFlowAgent_a_runs/search_pilot_gpu_v1/development/checkpoints/input_ablation/frozen_only/seed-29/value_geometry.pt,2250594,7d070c416d90b7f89fe47267c8fb07a12a1ac3e6513cfc318070fbf39b0c9d67,model_weights,nonempty
hard_v2_base_complement.tar.gz,tmp/GeoFlowAgent_a_runs/search_pilot_gpu_v1/development/checkpoints/input_ablation/frozen_only/seed-43/value_geometry.pt,2250594,98d76c46f138c4a1323b34982ef82d281c1601e5f553dc7e6470d7f554b7e407,model_weights,nonempty
hard_v2_base_complement.tar.gz,tmp/GeoFlowAgent_a_runs/search_pilot_gpu_v1/development/checkpoints/input_ablation/full/seed-17/value_geometry.pt,2250594,83251d79c69dbb1e57fcb4d5a7acf0a5a0e74edf21784a75dd65b380a28feb64,model_weights,nonempty
hard_v2_base_complement.tar.gz,tmp/GeoFlowAgent_a_runs/search_pilot_gpu_v1/development/checkpoints/input_ablation/full/seed-29/value_geometry.pt,2250594,be3edb56dcf894919dbdca89fea99cf7ed65bd1c0348c7a72e5f49fbadc2488f,model_weights,nonempty
hard_v2_base_complement.tar.gz,tmp/GeoFlowAgent_a_runs/search_pilot_gpu_v1/development/checkpoints/input_ablation/full/seed-43/value_geometry.pt,2250594,b7ff5a58124a8ff7d94303a78d2597eb9722d8714bdd7f6806db2066935e1bf9,model_weights,nonempty
hard_v2_base_complement.tar.gz,tmp/GeoFlowAgent_a_runs/search_pilot_gpu_v1/development/checkpoints/input_ablation/full_minus__medcpt/seed-17/value_geometry.pt,2250594,567a4a22246379acf73475bb04c5ba682f0bcaad4a458f53fb4bdf2897b022cc,model_weights,nonempty
hard_v2_base_complement.tar.gz,tmp/GeoFlowAgent_a_runs/search_pilot_gpu_v1/development/checkpoints/input_ablation/full_minus__medcpt/seed-29/value_geometry.pt,2250594,e5494425b35f1778bd9027cac86e4045a5c46f19f5aff22ed73dbb3d1741966b,model_weights,nonempty
hard_v2_base_complement.tar.gz,tmp/GeoFlowAgent_a_runs/search_pilot_gpu_v1/development/checkpoints/input_ablation/full_minus__medcpt/seed-43/value_geometry.pt,2250594,b19b4013a8030889e2e109244b204600490cc1d2ce25b691a7960dde2ee358a9,model_weights,nonempty
hard_v2_base_complement.tar.gz,tmp/GeoFlowAgent_a_runs/search_pilot_gpu_v1/development/checkpoints/input_ablation/full_minus__qwen_general/seed-17/value_geometry.pt,2250658,07d8d42e2764e700cce9f98712acf2e8e0bced30807973dd6f2afb714f032032,model_weights,nonempty
hard_v2_base_complement.tar.gz,tmp/GeoFlowAgent_a_runs/search_pilot_gpu_v1/development/checkpoints/input_ablation/full_minus__qwen_general/seed-29/value_geometry.pt,2250658,1de00aa7a928995b73958bb7411881a5e4c38918be6df3a6dc1cc4bd1c32f6ff,model_weights,nonempty
hard_v2_base_complement.tar.gz,tmp/GeoFlowAgent_a_runs/search_pilot_gpu_v1/development/checkpoints/input_ablation/full_minus__qwen_general/seed-43/value_geometry.pt,2250658,d7d4c255aeddb8fdd138e09a8ac66ad230d0cf327937a620b1d79e9bdf80a993,model_weights,nonempty
hard_v2_base_complement.tar.gz,tmp/GeoFlowAgent_a_runs/search_pilot_gpu_v1/development/checkpoints/input_ablation/structured_only/seed-17/value_geometry.pt,2250594,5478b300fdec9119406dd908ad9feabf25012d362d7a4d9137dabf6ef444d8ae,model_weights,nonempty
hard_v2_base_complement.tar.gz,tmp/GeoFlowAgent_a_runs/search_pilot_gpu_v1/development/checkpoints/input_ablation/structured_only/seed-29/value_geometry.pt,2250594,ca2a8bf4d3ea68d39e3b81fd30f4002238102731f72433e884e6c834a691f257,model_weights,nonempty
hard_v2_base_complement.tar.gz,tmp/GeoFlowAgent_a_runs/search_pilot_gpu_v1/development/checkpoints/input_ablation/structured_only/seed-43/value_geometry.pt,2250594,d43f7aa86d489518987e0f34196fc18453d41003e1ddb7eeb562f50587a20e71,model_weights,nonempty
hard_v2_base_complement.tar.gz,tmp/GeoFlowAgent_a_runs/search_pilot_gpu_v1/development/checkpoints/input_ablation/view_only__medcpt/seed-17/value_geometry.pt,2250658,8f37edd2d6c930a200842c29f9efff284ecf5cbad272c16a3049b467f7791cfd,model_weights,nonempty
hard_v2_base_complement.tar.gz,tmp/GeoFlowAgent_a_runs/search_pilot_gpu_v1/development/checkpoints/input_ablation/view_only__medcpt/seed-29/value_geometry.pt,2250658,0d832a5dc4d31eb9e272d404cb9b16f591b77852b75969739a73238a654a6f9b,model_weights,nonempty
hard_v2_base_complement.tar.gz,tmp/GeoFlowAgent_a_runs/search_pilot_gpu_v1/development/checkpoints/input_ablation/view_only__medcpt/seed-43/value_geometry.pt,2250658,7d4ca892829661bd7d880c193a45f623e0df4132c62887cd34a43b0342a47628,model_weights,nonempty
hard_v2_base_complement.tar.gz,tmp/GeoFlowAgent_a_runs/search_pilot_gpu_v1/development/checkpoints/input_ablation/view_only__qwen_general/seed-17/value_geometry.pt,2250594,814ef9848e81565cc2ca6b5225990a597456f0b3b345629287c2f5af92345c75,model_weights,nonempty
hard_v2_base_complement.tar.gz,tmp/GeoFlowAgent_a_runs/search_pilot_gpu_v1/development/checkpoints/input_ablation/view_only__qwen_general/seed-29/value_geometry.pt,2250594,0fd250a22a87b883b8dc8168e12812b12eb482171132b332b2cfcf2cb1718e06,model_weights,nonempty
hard_v2_base_complement.tar.gz,tmp/GeoFlowAgent_a_runs/search_pilot_gpu_v1/development/checkpoints/input_ablation/view_only__qwen_general/seed-43/value_geometry.pt,2250594,60ccb16baaa252205b4bfdd990b81668ec6c0b9e072df37398ed11743a05c87d,model_weights,nonempty
hard_v2_base_complement.tar.gz,tmp/GeoFlowAgent_a_runs/search_pilot_gpu_v1/development/checkpoints/state_flow/search_state_flow.pt,933717,875e3b8d4d32944d92f6939a46d9b10751d4dd1bde862ce1e83897bf297ec5e8,model_weights,nonempty
hard_v2_base_complement.tar.gz,tmp/GeoFlowAgent_a_runs/search_pilot_gpu_v1/development/checkpoints/value/value_geometry.pt,1377090,09749c401cb6244e6a0157b3138d0d1aa129565682dada0c938830e9b5c12aae,model_weights,nonempty
hard_v2_base_complement.tar.gz,tmp/GeoFlowAgent_a_runs/search_pilot_gpu_v1/development/checkpoints/value_frozen_qwen15_euclidean/value_geometry.pt,2250594,3cb2cdb1968c834a576db9cb4d6a3c26c98077860fd84cd2168a74358e8e53ca,model_weights,nonempty
geoflowagent_experiment_increment_20260916T0620Z.tar.gz,root/GeoFlowAgent_A_results/search_hard_v2/development/capacity_comparison_exploratory_v2/configured/seed-29/value_geometry.pt,3203746,see complete archive checksum,model_weights,nonempty
geoflowagent_experiment_increment_20260916T0620Z.tar.gz,root/GeoFlowAgent_A_results/search_hard_v2/development/capacity_comparison_exploratory_v2/configured/seed-43/value_geometry.pt,3203746,see complete archive checksum,model_weights,nonempty
geoflowagent_experiment_increment_20260916T0620Z.tar.gz,root/GeoFlowAgent_A_results/search_hard_v2/development/capacity_comparison_exploratory_v2/two_x/seed-17/value_geometry.pt,8471010,see complete archive checksum,model_weights,nonempty
geoflowagent_experiment_increment_20260916T0620Z.tar.gz,root/GeoFlowAgent_A_results/search_hard_v2/development/capacity_comparison_exploratory_v2/two_x/seed-29/value_geometry.pt,8471010,see complete archive checksum,model_weights,nonempty
geoflowagent_experiment_increment_20260916T0620Z.tar.gz,root/GeoFlowAgent_A_results/search_hard_v2/development/capacity_comparison_exploratory_v2/two_x/seed-43/value_geometry.pt,8471010,see complete archive checksum,model_weights,nonempty
geoflowagent_experiment_increment_20260916T0620Z.tar.gz,root/GeoFlowAgent_A_results/search_hard_v2/development/checkpoints/resume_v2_robustness/capacity_curve/configured/seed-17/value_geometry.pt,3203874,see complete archive checksum,model_weights,nonempty
geoflowagent_experiment_increment_20260916T0620Z.tar.gz,root/GeoFlowAgent_A_results/search_hard_v2/development/checkpoints/resume_v2_robustness/capacity_curve/configured/seed-29/value_geometry.pt,3203874,see complete archive checksum,model_weights,nonempty
geoflowagent_experiment_increment_20260916T0620Z.tar.gz,root/GeoFlowAgent_A_results/search_hard_v2/development/checkpoints/resume_v2_robustness/capacity_curve/configured/seed-43/value_geometry.pt,3203874,see complete archive checksum,model_weights,nonempty
geoflowagent_experiment_increment_20260916T0620Z.tar.gz,root/GeoFlowAgent_A_results/search_hard_v2/development/checkpoints/resume_v2_robustness/capacity_curve/half_x/seed-17/value_geometry.pt,1381218,see complete archive checksum,model_weights,nonempty
geoflowagent_experiment_increment_20260916T0620Z.tar.gz,root/GeoFlowAgent_A_results/search_hard_v2/development/checkpoints/resume_v2_robustness/capacity_curve/half_x/seed-29/value_geometry.pt,1381218,see complete archive checksum,model_weights,nonempty
geoflowagent_experiment_increment_20260916T0620Z.tar.gz,root/GeoFlowAgent_A_results/search_hard_v2/development/checkpoints/resume_v2_robustness/capacity_curve/half_x/seed-43/value_geometry.pt,1381218,see complete archive checksum,model_weights,nonempty
geoflowagent_experiment_increment_20260916T0620Z.tar.gz,root/GeoFlowAgent_A_results/search_hard_v2/development/checkpoints/resume_v2_robustness/capacity_curve/two_x/seed-17/value_geometry.pt,8471138,see complete archive checksum,model_weights,nonempty
geoflowagent_experiment_increment_20260916T0620Z.tar.gz,root/GeoFlowAgent_A_results/search_hard_v2/development/checkpoints/resume_v2_robustness/capacity_curve/two_x/seed-29/value_geometry.pt,8471138,see complete archive checksum,model_weights,nonempty
geoflowagent_experiment_increment_20260916T0620Z.tar.gz,root/GeoFlowAgent_A_results/search_hard_v2/development/checkpoints/resume_v2_robustness/capacity_curve/two_x/seed-43/value_geometry.pt,8471138,see complete archive checksum,model_weights,nonempty
geoflowagent_experiment_increment_20260916T0620Z.tar.gz,root/GeoFlowAgent_A_results/search_hard_v2/development/checkpoints/resume_v2_robustness/frozen_cosine/cosine/seed-17/value_geometry.pt,3203874,see complete archive checksum,model_weights,nonempty
geoflowagent_experiment_increment_20260916T0620Z.tar.gz,root/GeoFlowAgent_A_results/search_hard_v2/development/checkpoints/resume_v2_robustness/frozen_cosine/cosine/seed-29/value_geometry.pt,3203874,see complete archive checksum,model_weights,nonempty
geoflowagent_experiment_increment_20260916T0620Z.tar.gz,root/GeoFlowAgent_A_results/search_hard_v2/development/checkpoints/resume_v2_robustness/frozen_cosine/cosine/seed-43/value_geometry.pt,3203874,see complete archive checksum,model_weights,nonempty
geoflowagent_experiment_increment_20260916T0620Z.tar.gz,root/GeoFlowAgent_A_results/search_hard_v2/development/checkpoints/resume_v2_robustness/hash_euclidean/euclidean/seed-17/value_geometry.pt,3204258,see complete archive checksum,model_weights,nonempty
geoflowagent_experiment_increment_20260916T0620Z.tar.gz,root/GeoFlowAgent_A_results/search_hard_v2/development/checkpoints/resume_v2_robustness/hash_euclidean/euclidean/seed-29/value_geometry.pt,3204258,see complete archive checksum,model_weights,nonempty
geoflowagent_experiment_increment_20260916T0620Z.tar.gz,root/GeoFlowAgent_A_results/search_hard_v2/development/checkpoints/resume_v2_robustness/hash_euclidean/euclidean/seed-43/value_geometry.pt,3204258,see complete archive checksum,model_weights,nonempty
geoflowagent_experiment_increment_20260916T0620Z.tar.gz,root/GeoFlowAgent_A_results/search_hard_v2/development/checkpoints/same_metric_representation_control/hash_cosine/cosine/seed-17/value_geometry.pt,3204258,see complete archive checksum,model_weights,nonempty
geoflowagent_experiment_increment_20260916T0620Z.tar.gz,root/GeoFlowAgent_A_results/search_hard_v2/development/checkpoints/same_metric_representation_control/hash_cosine/cosine/seed-29/value_geometry.pt,3204258,see complete archive checksum,model_weights,nonempty
geoflowagent_experiment_increment_20260916T0620Z.tar.gz,root/GeoFlowAgent_A_results/search_hard_v2/development/checkpoints/same_metric_representation_control/hash_cosine/cosine/seed-43/value_geometry.pt,3204258,see complete archive checksum,model_weights,nonempty
geoflowagent_experiment_increment_20260916T0620Z.tar.gz,root/GeoFlowAgent_A_results/search_hard_v2/development/checkpoints/selected_cosine_controls/capacity_curve/half_x/seed-17/value_geometry.pt,1381218,see complete archive checksum,model_weights,nonempty
geoflowagent_experiment_increment_20260916T0620Z.tar.gz,root/GeoFlowAgent_A_results/search_hard_v2/development/checkpoints/selected_cosine_controls/capacity_curve/half_x/seed-29/value_geometry.pt,1381218,see complete archive checksum,model_weights,nonempty
geoflowagent_experiment_increment_20260916T0620Z.tar.gz,root/GeoFlowAgent_A_results/search_hard_v2/development/checkpoints/selected_cosine_controls/capacity_curve/half_x/seed-43/value_geometry.pt,1381218,see complete archive checksum,model_weights,nonempty
geoflowagent_experiment_increment_20260916T0620Z.tar.gz,root/GeoFlowAgent_A_results/search_hard_v2/development/checkpoints/selected_cosine_controls/capacity_curve/two_x/seed-17/value_geometry.pt,8471138,see complete archive checksum,model_weights,nonempty
geoflowagent_experiment_increment_20260916T0620Z.tar.gz,root/GeoFlowAgent_A_results/search_hard_v2/development/checkpoints/selected_cosine_controls/capacity_curve/two_x/seed-29/value_geometry.pt,8471138,see complete archive checksum,model_weights,nonempty
geoflowagent_experiment_increment_20260916T0620Z.tar.gz,root/GeoFlowAgent_A_results/search_hard_v2/development/checkpoints/selected_cosine_controls/capacity_curve/two_x/seed-43/value_geometry.pt,8471138,see complete archive checksum,model_weights,nonempty
geoflowagent_experiment_increment_20260916T0620Z.tar.gz,root/GeoFlowAgent_A_results/search_hard_v2/development/dagger_frozen_qwen15_small/round_01/value/value_geometry.pt,3204066,see complete archive checksum,model_weights,nonempty
geoflowagent_experiment_increment_20260916T0620Z.tar.gz,root/GeoFlowAgent_A_results/search_hard_v2/development/dagger_frozen_qwen15_small/round_02/value/value_geometry.pt,3204066,see complete archive checksum,model_weights,nonempty
geoflowagent_experiment_increment_20260916T0620Z.tar.gz,root/GeoFlowAgent_A_results/search_hard_v2/development/dagger_frozen_qwen15_small/round_03/value/value_geometry.pt,3204066,see complete archive checksum,model_weights,nonempty
geoflowagent_experiment_increment_20260916T0620Z.tar.gz,root/GeoFlowAgent_A_results/search_hard_v2/development/dagger_frozen_qwen15_small/value_geometry.pt,3204066,see complete archive checksum,model_weights,nonempty
geoflowagent_experiment_increment_20260916T0620Z.tar.gz,root/GeoFlowAgent_A_results/search_hard_v2/development/geometry_frozen_qwen15_small/pair_mlp/seed-29/value_geometry.pt,3340050,see complete archive checksum,model_weights,nonempty
geoflowagent_experiment_increment_20260916T0620Z.tar.gz,root/GeoFlowAgent_A_results/search_hard_v2/development/geometry_frozen_qwen15_small/pair_mlp/seed-43/value_geometry.pt,3340050,see complete archive checksum,model_weights,nonempty
geoflowagent_experiment_increment_20260916T0620Z.tar.gz,root/GeoFlowAgent_A_results/search_hard_v2/development/geometry_frozen_qwen15_small/poincare/seed-17/value_geometry.pt,3220522,see complete archive checksum,model_weights,nonempty
geoflowagent_experiment_increment_20260916T0620Z.tar.gz,root/GeoFlowAgent_A_results/search_hard_v2/development/geometry_frozen_qwen15_small/poincare/seed-29/value_geometry.pt,3220522,see complete archive checksum,model_weights,nonempty
geoflowagent_experiment_increment_20260916T0620Z.tar.gz,root/GeoFlowAgent_A_results/search_hard_v2/development/geometry_frozen_qwen15_small/poincare/seed-43/value_geometry.pt,3220522,see complete archive checksum,model_weights,nonempty
geoflowagent_experiment_increment_20260916T0620Z.tar.gz,root/GeoFlowAgent_A_results/search_hard_v2/development/medcpt_only_controls/capacity_curve/configured/seed-17/value_geometry.pt,3204002,see complete archive checksum,model_weights,nonempty
geoflowagent_experiment_increment_20260916T0620Z.tar.gz,root/GeoFlowAgent_A_results/search_hard_v2/development/medcpt_only_controls/capacity_curve/configured/seed-29/value_geometry.pt,3204002,see complete archive checksum,model_weights,nonempty
geoflowagent_experiment_increment_20260916T0620Z.tar.gz,root/GeoFlowAgent_A_results/search_hard_v2/development/medcpt_only_controls/capacity_curve/configured/seed-43/value_geometry.pt,3204002,see complete archive checksum,model_weights,nonempty
geoflowagent_experiment_increment_20260916T0620Z.tar.gz,root/GeoFlowAgent_A_results/search_hard_v2/development/medcpt_only_controls/capacity_curve/half_x/seed-17/training_resume.pt,5565918,see complete archive checksum,training_resume,nonempty
geoflowagent_experiment_increment_20260916T0620Z.tar.gz,root/GeoFlowAgent_A_results/search_hard_v2/development/medcpt_only_controls/capacity_curve/half_x/seed-17/value_geometry.pt,1381346,see complete archive checksum,model_weights,nonempty
geoflowagent_experiment_increment_20260916T0620Z.tar.gz,root/GeoFlowAgent_A_results/search_hard_v2/development/medcpt_only_controls/capacity_curve/half_x/seed-29/training_resume.pt,5562654,see complete archive checksum,training_resume,nonempty
geoflowagent_experiment_increment_20260916T0620Z.tar.gz,root/GeoFlowAgent_A_results/search_hard_v2/development/medcpt_only_controls/capacity_curve/half_x/seed-29/value_geometry.pt,1381346,see complete archive checksum,model_weights,nonempty
geoflowagent_experiment_increment_20260916T0620Z.tar.gz,root/GeoFlowAgent_A_results/search_hard_v2/development/medcpt_only_controls/capacity_curve/half_x/seed-43/training_resume.pt,5558110,see complete archive checksum,training_resume,nonempty
geoflowagent_experiment_increment_20260916T0620Z.tar.gz,root/GeoFlowAgent_A_results/search_hard_v2/development/medcpt_only_controls/capacity_curve/half_x/seed-43/value_geometry.pt,1381346,see complete archive checksum,model_weights,nonempty
geoflowagent_experiment_increment_20260916T0620Z.tar.gz,root/GeoFlowAgent_A_results/search_hard_v2/development/medcpt_only_controls/capacity_curve/two_x/seed-17/training_resume.pt,33918494,see complete archive checksum,training_resume,nonempty
geoflowagent_experiment_increment_20260916T0620Z.tar.gz,root/GeoFlowAgent_A_results/search_hard_v2/development/medcpt_only_controls/capacity_curve/two_x/seed-17/value_geometry.pt,8471266,see complete archive checksum,model_weights,nonempty
geoflowagent_experiment_increment_20260916T0620Z.tar.gz,root/GeoFlowAgent_A_results/search_hard_v2/development/medcpt_only_controls/capacity_curve/two_x/seed-29/training_resume.pt,33922974,see complete archive checksum,training_resume,nonempty
geoflowagent_experiment_increment_20260916T0620Z.tar.gz,root/GeoFlowAgent_A_results/search_hard_v2/development/medcpt_only_controls/capacity_curve/two_x/seed-29/value_geometry.pt,8471266,see complete archive checksum,model_weights,nonempty
geoflowagent_experiment_increment_20260916T0620Z.tar.gz,root/GeoFlowAgent_A_results/search_hard_v2/development/medcpt_only_controls/capacity_curve/two_x/seed-43/training_resume.pt,33922782,see complete archive checksum,training_resume,nonempty
geoflowagent_experiment_increment_20260916T0620Z.tar.gz,root/GeoFlowAgent_A_results/search_hard_v2/development/medcpt_only_controls/capacity_curve/two_x/seed-43/value_geometry.pt,8471266,see complete archive checksum,model_weights,nonempty
geoflowagent_experiment_increment_20260916T0620Z.tar.gz,root/GeoFlowAgent_A_results/search_hard_v2/development/medcpt_only_controls/geometry/asymmetric_bilinear/seed-17/training_resume.pt,12913744,see complete archive checksum,training_resume,nonempty
geoflowagent_experiment_increment_20260916T0620Z.tar.gz,root/GeoFlowAgent_A_results/search_hard_v2/development/medcpt_only_controls/geometry/asymmetric_bilinear/seed-17/value_geometry.pt,3220714,see complete archive checksum,model_weights,nonempty
geoflowagent_experiment_increment_20260916T0620Z.tar.gz,root/GeoFlowAgent_A_results/search_hard_v2/development/medcpt_only_controls/geometry/asymmetric_bilinear/seed-29/training_resume.pt,12919312,see complete archive checksum,training_resume,nonempty
geoflowagent_experiment_increment_20260916T0620Z.tar.gz,root/GeoFlowAgent_A_results/search_hard_v2/development/medcpt_only_controls/geometry/asymmetric_bilinear/seed-29/value_geometry.pt,3220714,see complete archive checksum,model_weights,nonempty
geoflowagent_experiment_increment_20260916T0620Z.tar.gz,root/GeoFlowAgent_A_results/search_hard_v2/development/medcpt_only_controls/geometry/asymmetric_bilinear/seed-43/training_resume.pt,12920976,see complete archive checksum,training_resume,nonempty
geoflowagent_experiment_increment_20260916T0620Z.tar.gz,root/GeoFlowAgent_A_results/search_hard_v2/development/medcpt_only_controls/geometry/asymmetric_bilinear/seed-43/value_geometry.pt,3220714,see complete archive checksum,model_weights,nonempty
geoflowagent_experiment_increment_20260916T0620Z.tar.gz,root/GeoFlowAgent_A_results/search_hard_v2/development/medcpt_only_controls/geometry/cosine/seed-17/training_resume.pt,12856286,see complete archive checksum,training_resume,nonempty
geoflowagent_experiment_increment_20260916T0620Z.tar.gz,root/GeoFlowAgent_A_results/search_hard_v2/development/medcpt_only_controls/geometry/cosine/seed-17/value_geometry.pt,3204002,see complete archive checksum,model_weights,nonempty
geoflowagent_experiment_increment_20260916T0620Z.tar.gz,root/GeoFlowAgent_A_results/search_hard_v2/development/medcpt_only_controls/geometry/cosine/seed-29/training_resume.pt,12852958,see complete archive checksum,training_resume,nonempty
geoflowagent_experiment_increment_20260916T0620Z.tar.gz,root/GeoFlowAgent_A_results/search_hard_v2/development/medcpt_only_controls/geometry/cosine/seed-29/value_geometry.pt,3204002,see complete archive checksum,model_weights,nonempty
geoflowagent_experiment_increment_20260916T0620Z.tar.gz,root/GeoFlowAgent_A_results/search_hard_v2/development/medcpt_only_controls/geometry/cosine/seed-43/training_resume.pt,12852638,see complete archive checksum,training_resume,nonempty
geoflowagent_experiment_increment_20260916T0620Z.tar.gz,root/GeoFlowAgent_A_results/search_hard_v2/development/medcpt_only_controls/geometry/cosine/seed-43/value_geometry.pt,3204002,see complete archive checksum,model_weights,nonempty
geoflowagent_experiment_increment_20260916T0620Z.tar.gz,root/GeoFlowAgent_A_results/search_hard_v2/development/medcpt_only_controls/geometry/diagonal_mahalanobis/seed-17/training_resume.pt,12852432,see complete archive checksum,training_resume,nonempty
geoflowagent_experiment_increment_20260916T0620Z.tar.gz,root/GeoFlowAgent_A_results/search_hard_v2/development/medcpt_only_controls/geometry/diagonal_mahalanobis/seed-17/value_geometry.pt,3204586,see complete archive checksum,model_weights,nonempty
geoflowagent_experiment_increment_20260916T0620Z.tar.gz,root/GeoFlowAgent_A_results/search_hard_v2/development/medcpt_only_controls/geometry/diagonal_mahalanobis/seed-29/training_resume.pt,12851216,see complete archive checksum,training_resume,nonempty
geoflowagent_experiment_increment_20260916T0620Z.tar.gz,root/GeoFlowAgent_A_results/search_hard_v2/development/medcpt_only_controls/geometry/diagonal_mahalanobis/seed-29/value_geometry.pt,3204586,see complete archive checksum,model_weights,nonempty
geoflowagent_experiment_increment_20260916T0620Z.tar.gz,root/GeoFlowAgent_A_results/search_hard_v2/development/medcpt_only_controls/geometry/diagonal_mahalanobis/seed-43/training_resume.pt,12847120,see complete archive checksum,training_resume,nonempty
geoflowagent_experiment_increment_20260916T0620Z.tar.gz,root/GeoFlowAgent_A_results/search_hard_v2/development/medcpt_only_controls/geometry/diagonal_mahalanobis/seed-43/value_geometry.pt,3204586,see complete archive checksum,model_weights,nonempty
geoflowagent_experiment_increment_20260916T0620Z.tar.gz,root/GeoFlowAgent_A_results/search_hard_v2/development/medcpt_only_controls/geometry/directed_quasimetric/seed-17/training_resume.pt,12881730,see complete archive checksum,training_resume,nonempty
geoflowagent_experiment_increment_20260916T0620Z.tar.gz,root/GeoFlowAgent_A_results/search_hard_v2/development/medcpt_only_controls/geometry/directed_quasimetric/seed-17/value_geometry.pt,3212978,see complete archive checksum,model_weights,nonempty
geoflowagent_experiment_increment_20260916T0620Z.tar.gz,root/GeoFlowAgent_A_results/search_hard_v2/development/medcpt_only_controls/geometry/directed_quasimetric/seed-29/training_resume.pt,12886658,see complete archive checksum,training_resume,nonempty
geoflowagent_experiment_increment_20260916T0620Z.tar.gz,root/GeoFlowAgent_A_results/search_hard_v2/development/medcpt_only_controls/geometry/directed_quasimetric/seed-29/value_geometry.pt,3212978,see complete archive checksum,model_weights,nonempty
geoflowagent_experiment_increment_20260916T0620Z.tar.gz,root/GeoFlowAgent_A_results/search_hard_v2/development/medcpt_only_controls/geometry/directed_quasimetric/seed-43/training_resume.pt,12883266,see complete archive checksum,training_resume,nonempty
geoflowagent_experiment_increment_20260916T0620Z.tar.gz,root/GeoFlowAgent_A_results/search_hard_v2/development/medcpt_only_controls/geometry/directed_quasimetric/seed-43/value_geometry.pt,3212978,see complete archive checksum,model_weights,nonempty
geoflowagent_experiment_increment_20260916T0620Z.tar.gz,root/GeoFlowAgent_A_results/search_hard_v2/development/medcpt_only_controls/geometry/euclidean/seed-17/training_resume.pt,12849886,see complete archive checksum,training_resume,nonempty
geoflowagent_experiment_increment_20260916T0620Z.tar.gz,root/GeoFlowAgent_A_results/search_hard_v2/development/medcpt_only_controls/geometry/euclidean/seed-17/value_geometry.pt,3204002,see complete archive checksum,model_weights,nonempty
geoflowagent_experiment_increment_20260916T0620Z.tar.gz,root/GeoFlowAgent_A_results/search_hard_v2/development/medcpt_only_controls/geometry/euclidean/seed-29/training_resume.pt,12854046,see complete archive checksum,training_resume,nonempty
geoflowagent_experiment_increment_20260916T0620Z.tar.gz,root/GeoFlowAgent_A_results/search_hard_v2/development/medcpt_only_controls/geometry/euclidean/seed-29/value_geometry.pt,3204002,see complete archive checksum,model_weights,nonempty
geoflowagent_experiment_increment_20260916T0620Z.tar.gz,root/GeoFlowAgent_A_results/search_hard_v2/development/medcpt_only_controls/geometry/euclidean/seed-43/training_resume.pt,12853598,see complete archive checksum,training_resume,nonempty
geoflowagent_experiment_increment_20260916T0620Z.tar.gz,root/GeoFlowAgent_A_results/search_hard_v2/development/medcpt_only_controls/geometry/euclidean/seed-43/value_geometry.pt,3204002,see complete archive checksum,model_weights,nonempty
geoflowagent_experiment_increment_20260916T0620Z.tar.gz,root/GeoFlowAgent_A_results/search_hard_v2/development/medcpt_only_controls/geometry/lowrank_mahalanobis/seed-17/training_resume.pt,12879760,see complete archive checksum,training_resume,nonempty
geoflowagent_experiment_increment_20260916T0620Z.tar.gz,root/GeoFlowAgent_A_results/search_hard_v2/development/medcpt_only_controls/geometry/lowrank_mahalanobis/seed-17/value_geometry.pt,3212522,see complete archive checksum,model_weights,nonempty
geoflowagent_experiment_increment_20260916T0620Z.tar.gz,root/GeoFlowAgent_A_results/search_hard_v2/development/medcpt_only_controls/geometry/lowrank_mahalanobis/seed-29/training_resume.pt,12878736,see complete archive checksum,training_resume,nonempty
geoflowagent_experiment_increment_20260916T0620Z.tar.gz,root/GeoFlowAgent_A_results/search_hard_v2/development/medcpt_only_controls/geometry/lowrank_mahalanobis/seed-29/value_geometry.pt,3212522,see complete archive checksum,model_weights,nonempty
geoflowagent_experiment_increment_20260916T0620Z.tar.gz,root/GeoFlowAgent_A_results/search_hard_v2/development/medcpt_only_controls/geometry/lowrank_mahalanobis/seed-43/training_resume.pt,12884688,see complete archive checksum,training_resume,nonempty
geoflowagent_experiment_increment_20260916T0620Z.tar.gz,root/GeoFlowAgent_A_results/search_hard_v2/development/medcpt_only_controls/geometry/lowrank_mahalanobis/seed-43/value_geometry.pt,3212522,see complete archive checksum,model_weights,nonempty
geoflowagent_experiment_increment_20260916T0620Z.tar.gz,root/GeoFlowAgent_A_results/search_hard_v2/development/medcpt_only_controls/geometry/order_violation/seed-17/training_resume.pt,12890768,see complete archive checksum,training_resume,nonempty
geoflowagent_experiment_increment_20260916T0620Z.tar.gz,root/GeoFlowAgent_A_results/search_hard_v2/development/medcpt_only_controls/geometry/order_violation/seed-17/value_geometry.pt,3212522,see complete archive checksum,model_weights,nonempty
geoflowagent_experiment_increment_20260916T0620Z.tar.gz,root/GeoFlowAgent_A_results/search_hard_v2/development/medcpt_only_controls/geometry/order_violation/seed-29/training_resume.pt,12888656,see complete archive checksum,training_resume,nonempty
geoflowagent_experiment_increment_20260916T0620Z.tar.gz,root/GeoFlowAgent_A_results/search_hard_v2/development/medcpt_only_controls/geometry/order_violation/seed-29/value_geometry.pt,3212522,see complete archive checksum,model_weights,nonempty
geoflowagent_experiment_increment_20260916T0620Z.tar.gz,root/GeoFlowAgent_A_results/search_hard_v2/development/medcpt_only_controls/geometry/order_violation/seed-43/training_resume.pt,12891536,see complete archive checksum,training_resume,nonempty
geoflowagent_experiment_increment_20260916T0620Z.tar.gz,root/GeoFlowAgent_A_results/search_hard_v2/development/medcpt_only_controls/geometry/order_violation/seed-43/value_geometry.pt,3212522,see complete archive checksum,model_weights,nonempty
geoflowagent_experiment_increment_20260916T0620Z.tar.gz,root/GeoFlowAgent_A_results/search_hard_v2/development/medcpt_only_controls/geometry/pair_mlp/seed-17/training_resume.pt,13395274,see complete archive checksum,training_resume,nonempty
geoflowagent_experiment_increment_20260916T0620Z.tar.gz,root/GeoFlowAgent_A_results/search_hard_v2/development/medcpt_only_controls/geometry/pair_mlp/seed-17/value_geometry.pt,3340306,see complete archive checksum,model_weights,nonempty
geoflowagent_experiment_increment_20260916T0620Z.tar.gz,root/GeoFlowAgent_A_results/search_hard_v2/development/medcpt_only_controls/geometry/pair_mlp/seed-29/training_resume.pt,13394826,see complete archive checksum,training_resume,nonempty
geoflowagent_experiment_increment_20260916T0620Z.tar.gz,root/GeoFlowAgent_A_results/search_hard_v2/development/medcpt_only_controls/geometry/pair_mlp/seed-29/value_geometry.pt,3340306,see complete archive checksum,model_weights,nonempty
geoflowagent_experiment_increment_20260916T0620Z.tar.gz,root/GeoFlowAgent_A_results/search_hard_v2/development/medcpt_only_controls/geometry/pair_mlp/seed-43/training_resume.pt,13396042,see complete archive checksum,training_resume,nonempty
geoflowagent_experiment_increment_20260916T0620Z.tar.gz,root/GeoFlowAgent_A_results/search_hard_v2/development/medcpt_only_controls/geometry/pair_mlp/seed-43/value_geometry.pt,3340306,see complete archive checksum,model_weights,nonempty
geoflowagent_experiment_increment_20260916T0620Z.tar.gz,root/GeoFlowAgent_A_results/search_hard_v2/development/medcpt_only_controls/geometry/poincare/seed-17/training_resume.pt,12915152,see complete archive checksum,training_resume,nonempty
geoflowagent_experiment_increment_20260916T0620Z.tar.gz,root/GeoFlowAgent_A_results/search_hard_v2/development/medcpt_only_controls/geometry/poincare/seed-17/value_geometry.pt,3220714,see complete archive checksum,model_weights,nonempty
geoflowagent_experiment_increment_20260916T0620Z.tar.gz,root/GeoFlowAgent_A_results/search_hard_v2/development/medcpt_only_controls/geometry/poincare/seed-29/training_resume.pt,12912720,see complete archive checksum,training_resume,nonempty
geoflowagent_experiment_increment_20260916T0620Z.tar.gz,root/GeoFlowAgent_A_results/search_hard_v2/development/medcpt_only_controls/geometry/poincare/seed-29/value_geometry.pt,3220714,see complete archive checksum,model_weights,nonempty
geoflowagent_experiment_increment_20260916T0620Z.tar.gz,root/GeoFlowAgent_A_results/search_hard_v2/development/medcpt_only_controls/geometry/poincare/seed-43/training_resume.pt,12921744,see complete archive checksum,training_resume,nonempty
geoflowagent_experiment_increment_20260916T0620Z.tar.gz,root/GeoFlowAgent_A_results/search_hard_v2/development/medcpt_only_controls/geometry/poincare/seed-43/value_geometry.pt,3220714,see complete archive checksum,model_weights,nonempty
geoflowagent_experiment_increment_20260916T0620Z.tar.gz,root/GeoFlowAgent_A_results/search_hard_v2/development/resume_v2_robustness/capacity_curve/half_x/seed-17/value_geometry.pt,1381218,see complete archive checksum,model_weights,nonempty
geoflowagent_experiment_increment_20260916T0620Z.tar.gz,root/GeoFlowAgent_A_results/search_hard_v2/development/resume_v2_robustness/capacity_curve/half_x/seed-29/value_geometry.pt,1381218,see complete archive checksum,model_weights,nonempty
geoflowagent_experiment_increment_20260916T0620Z.tar.gz,root/GeoFlowAgent_A_results/search_hard_v2/development/resume_v2_robustness/capacity_curve/half_x/seed-43/value_geometry.pt,1381218,see complete archive checksum,model_weights,nonempty
geoflowagent_experiment_increment_20260916T0620Z.tar.gz,root/GeoFlowAgent_A_results/search_hard_v2/development/selected_cosine_controls/input_ablation/contract_only/seed-17/value_geometry.pt,3203874,see complete archive checksum,model_weights,nonempty
geoflowagent_experiment_increment_20260916T0620Z.tar.gz,root/GeoFlowAgent_A_results/search_hard_v2/development/selected_cosine_controls/input_ablation/contract_only/seed-29/value_geometry.pt,3203874,see complete archive checksum,model_weights,nonempty
geoflowagent_experiment_increment_20260916T0620Z.tar.gz,root/GeoFlowAgent_A_results/search_hard_v2/development/selected_cosine_controls/input_ablation/contract_only/seed-43/value_geometry.pt,3203874,see complete archive checksum,model_weights,nonempty
geoflowagent_experiment_increment_20260916T0620Z.tar.gz,root/GeoFlowAgent_A_results/search_hard_v2/development/selected_cosine_controls/input_ablation/frozen_only/seed-17/value_geometry.pt,3203874,see complete archive checksum,model_weights,nonempty
geoflowagent_experiment_increment_20260916T0620Z.tar.gz,root/GeoFlowAgent_A_results/search_hard_v2/development/selected_cosine_controls/input_ablation/frozen_only/seed-29/value_geometry.pt,3203874,see complete archive checksum,model_weights,nonempty
geoflowagent_experiment_increment_20260916T0620Z.tar.gz,root/GeoFlowAgent_A_results/search_hard_v2/development/selected_cosine_controls/input_ablation/frozen_only/seed-43/value_geometry.pt,3203874,see complete archive checksum,model_weights,nonempty
geoflowagent_experiment_increment_20260916T0620Z.tar.gz,root/GeoFlowAgent_A_results/search_hard_v2/development/selected_cosine_controls/input_ablation/full/seed-17/value_geometry.pt,3203874,see complete archive checksum,model_weights,nonempty
geoflowagent_experiment_increment_20260916T0620Z.tar.gz,root/GeoFlowAgent_A_results/search_hard_v2/development/selected_cosine_controls/input_ablation/full/seed-29/value_geometry.pt,3203874,see complete archive checksum,model_weights,nonempty
geoflowagent_experiment_increment_20260916T0620Z.tar.gz,root/GeoFlowAgent_A_results/search_hard_v2/development/selected_cosine_controls/input_ablation/full/seed-43/value_geometry.pt,3203874,see complete archive checksum,model_weights,nonempty
geoflowagent_experiment_increment_20260916T0620Z.tar.gz,root/GeoFlowAgent_A_results/search_hard_v2/development/selected_cosine_controls/input_ablation/full_minus__dnabert2_sequence_aux/seed-17/value_geometry.pt,3203874,see complete archive checksum,model_weights,nonempty
geoflowagent_experiment_increment_20260916T0620Z.tar.gz,root/GeoFlowAgent_A_results/search_hard_v2/development/selected_cosine_controls/input_ablation/full_minus__dnabert2_sequence_aux/seed-29/value_geometry.pt,3203874,see complete archive checksum,model_weights,nonempty
geoflowagent_experiment_increment_20260916T0620Z.tar.gz,root/GeoFlowAgent_A_results/search_hard_v2/development/selected_cosine_controls/input_ablation/full_minus__dnabert2_sequence_aux/seed-43/value_geometry.pt,3203874,see complete archive checksum,model_weights,nonempty
geoflowagent_experiment_increment_20260916T0620Z.tar.gz,root/GeoFlowAgent_A_results/search_hard_v2/development/selected_cosine_controls/input_ablation/full_minus__medcpt/seed-17/value_geometry.pt,3203874,see complete archive checksum,model_weights,nonempty
geoflowagent_experiment_increment_20260916T0620Z.tar.gz,root/GeoFlowAgent_A_results/search_hard_v2/development/selected_cosine_controls/input_ablation/full_minus__medcpt/seed-29/value_geometry.pt,3203874,see complete archive checksum,model_weights,nonempty
geoflowagent_experiment_increment_20260916T0620Z.tar.gz,root/GeoFlowAgent_A_results/search_hard_v2/development/selected_cosine_controls/input_ablation/full_minus__medcpt/seed-43/value_geometry.pt,3203874,see complete archive checksum,model_weights,nonempty
geoflowagent_experiment_increment_20260916T0620Z.tar.gz,root/GeoFlowAgent_A_results/search_hard_v2/development/selected_cosine_controls/input_ablation/full_minus__qwen_general/seed-17/value_geometry.pt,3203874,see complete archive checksum,model_weights,nonempty
geoflowagent_experiment_increment_20260916T0620Z.tar.gz,root/GeoFlowAgent_A_results/search_hard_v2/development/selected_cosine_controls/input_ablation/full_minus__qwen_general/seed-29/value_geometry.pt,3203874,see complete archive checksum,model_weights,nonempty
geoflowagent_experiment_increment_20260916T0620Z.tar.gz,root/GeoFlowAgent_A_results/search_hard_v2/development/selected_cosine_controls/input_ablation/full_minus__qwen_general/seed-43/value_geometry.pt,3203874,see complete archive checksum,model_weights,nonempty
geoflowagent_experiment_increment_20260916T0620Z.tar.gz,root/GeoFlowAgent_A_results/search_hard_v2/development/selected_cosine_controls/input_ablation/full_minus__sapbert_entity_aux/seed-17/value_geometry.pt,3203874,see complete archive checksum,model_weights,nonempty
geoflowagent_experiment_increment_20260916T0620Z.tar.gz,root/GeoFlowAgent_A_results/search_hard_v2/development/selected_cosine_controls/input_ablation/full_minus__sapbert_entity_aux/seed-29/value_geometry.pt,3203874,see complete archive checksum,model_weights,nonempty
geoflowagent_experiment_increment_20260916T0620Z.tar.gz,root/GeoFlowAgent_A_results/search_hard_v2/development/selected_cosine_controls/input_ablation/full_minus__sapbert_entity_aux/seed-43/value_geometry.pt,3203874,see complete archive checksum,model_weights,nonempty
geoflowagent_experiment_increment_20260916T0620Z.tar.gz,root/GeoFlowAgent_A_results/search_hard_v2/development/selected_cosine_controls/input_ablation/structured_only/seed-17/value_geometry.pt,3203874,see complete archive checksum,model_weights,nonempty
geoflowagent_experiment_increment_20260916T0620Z.tar.gz,root/GeoFlowAgent_A_results/search_hard_v2/development/selected_cosine_controls/input_ablation/structured_only/seed-29/value_geometry.pt,3203874,see complete archive checksum,model_weights,nonempty
geoflowagent_experiment_increment_20260916T0620Z.tar.gz,root/GeoFlowAgent_A_results/search_hard_v2/development/selected_cosine_controls/input_ablation/structured_only/seed-43/value_geometry.pt,3203874,see complete archive checksum,model_weights,nonempty
geoflowagent_experiment_increment_20260916T0620Z.tar.gz,root/GeoFlowAgent_A_results/search_hard_v2/development/selected_cosine_controls/input_ablation/view_only__dnabert2_sequence_aux/seed-17/value_geometry.pt,3203938,see complete archive checksum,model_weights,nonempty
geoflowagent_experiment_increment_20260916T0620Z.tar.gz,root/GeoFlowAgent_A_results/search_hard_v2/development/selected_cosine_controls/input_ablation/view_only__dnabert2_sequence_aux/seed-29/value_geometry.pt,3203938,see complete archive checksum,model_weights,nonempty
geoflowagent_experiment_increment_20260916T0620Z.tar.gz,root/GeoFlowAgent_A_results/search_hard_v2/development/selected_cosine_controls/input_ablation/view_only__dnabert2_sequence_aux/seed-43/value_geometry.pt,3203938,see complete archive checksum,model_weights,nonempty
geoflowagent_experiment_increment_20260916T0620Z.tar.gz,root/GeoFlowAgent_A_results/search_hard_v2/development/selected_cosine_controls/input_ablation/view_only__medcpt/seed-17/value_geometry.pt,3203938,see complete archive checksum,model_weights,nonempty
geoflowagent_experiment_increment_20260916T0620Z.tar.gz,root/GeoFlowAgent_A_results/search_hard_v2/development/selected_cosine_controls/input_ablation/view_only__medcpt/seed-29/value_geometry.pt,3203938,see complete archive checksum,model_weights,nonempty
geoflowagent_experiment_increment_20260916T0620Z.tar.gz,root/GeoFlowAgent_A_results/search_hard_v2/development/selected_cosine_controls/input_ablation/view_only__medcpt/seed-43/value_geometry.pt,3203938,see complete archive checksum,model_weights,nonempty
geoflowagent_experiment_increment_20260916T0620Z.tar.gz,root/GeoFlowAgent_A_results/search_hard_v2/development/selected_cosine_controls/input_ablation/view_only__qwen_general/seed-17/value_geometry.pt,3203938,see complete archive checksum,model_weights,nonempty
geoflowagent_experiment_increment_20260916T0620Z.tar.gz,root/GeoFlowAgent_A_results/search_hard_v2/development/selected_cosine_controls/input_ablation/view_only__qwen_general/seed-29/value_geometry.pt,3203938,see complete archive checksum,model_weights,nonempty
geoflowagent_experiment_increment_20260916T0620Z.tar.gz,root/GeoFlowAgent_A_results/search_hard_v2/development/selected_cosine_controls/input_ablation/view_only__qwen_general/seed-43/value_geometry.pt,3203938,see complete archive checksum,model_weights,nonempty
geoflowagent_experiment_increment_20260916T0620Z.tar.gz,root/GeoFlowAgent_A_results/search_hard_v2/development/selected_cosine_controls/input_ablation/view_only__sapbert_entity_aux/seed-17/value_geometry.pt,3203938,see complete archive checksum,model_weights,nonempty
geoflowagent_experiment_increment_20260916T0620Z.tar.gz,root/GeoFlowAgent_A_results/search_hard_v2/development/selected_cosine_controls/input_ablation/view_only__sapbert_entity_aux/seed-29/value_geometry.pt,3203938,see complete archive checksum,model_weights,nonempty
geoflowagent_experiment_increment_20260916T0620Z.tar.gz,root/GeoFlowAgent_A_results/search_hard_v2/development/selected_cosine_controls/input_ablation/view_only__sapbert_entity_aux/seed-43/value_geometry.pt,3203938,see complete archive checksum,model_weights,nonempty
geoflowagent_experiment_increment_20260916T0620Z.tar.gz,root/GeoFlowAgent_A_results/search_hard_v2/development/state_flow_seed_replicates/seed-29/search_state_flow.pt,4365172,see complete archive checksum,model_weights,nonempty
geoflowagent_experiment_increment_20260916T0620Z.tar.gz,root/GeoFlowAgent_A_results/search_hard_v2/development/state_flow_seed_replicates/seed-43/search_state_flow.pt,4365172,see complete archive checksum,model_weights,nonempty
geoflowagent_experiment_increment_20260916T0620Z.tar.gz,tmp/GeoFlowAgent_a_runs/search_hard_v2/development/checkpoints/capacity_comparison/configured/seed-29/training_resume.pt,12827614,see complete archive checksum,training_resume,nonempty
geoflowagent_experiment_increment_20260916T0620Z.tar.gz,tmp/GeoFlowAgent_a_runs/search_hard_v2/development/checkpoints/capacity_comparison/configured/seed-29/value_geometry.pt,3203746,see complete archive checksum,model_weights,nonempty
geoflowagent_experiment_increment_20260916T0620Z.tar.gz,tmp/GeoFlowAgent_a_runs/search_hard_v2/development/checkpoints/capacity_comparison/configured/seed-43/training_resume.pt,12825438,see complete archive checksum,training_resume,nonempty
geoflowagent_experiment_increment_20260916T0620Z.tar.gz,tmp/GeoFlowAgent_a_runs/search_hard_v2/development/checkpoints/capacity_comparison/configured/seed-43/value_geometry.pt,3203746,see complete archive checksum,model_weights,nonempty
geoflowagent_experiment_increment_20260916T0620Z.tar.gz,tmp/GeoFlowAgent_a_runs/search_hard_v2/development/checkpoints/capacity_comparison/two_x/seed-17/training_resume.pt,33895262,see complete archive checksum,training_resume,nonempty
geoflowagent_experiment_increment_20260916T0620Z.tar.gz,tmp/GeoFlowAgent_a_runs/search_hard_v2/development/checkpoints/capacity_comparison/two_x/seed-17/value_geometry.pt,8471010,see complete archive checksum,model_weights,nonempty
geoflowagent_experiment_increment_20260916T0620Z.tar.gz,tmp/GeoFlowAgent_a_runs/search_hard_v2/development/checkpoints/capacity_comparison/two_x/seed-29/training_resume.pt,33893790,see complete archive checksum,training_resume,nonempty
geoflowagent_experiment_increment_20260916T0620Z.tar.gz,tmp/GeoFlowAgent_a_runs/search_hard_v2/development/checkpoints/capacity_comparison/two_x/seed-29/value_geometry.pt,8471010,see complete archive checksum,model_weights,nonempty
geoflowagent_experiment_increment_20260916T0620Z.tar.gz,tmp/GeoFlowAgent_a_runs/search_hard_v2/development/checkpoints/capacity_comparison/two_x/seed-43/training_resume.pt,33893406,see complete archive checksum,training_resume,nonempty
geoflowagent_experiment_increment_20260916T0620Z.tar.gz,tmp/GeoFlowAgent_a_runs/search_hard_v2/development/checkpoints/capacity_comparison/two_x/seed-43/value_geometry.pt,8471010,see complete archive checksum,model_weights,nonempty
geoflowagent_experiment_increment_20260916T0620Z.tar.gz,tmp/GeoFlowAgent_a_runs/search_hard_v2/development/checkpoints/dagger_frozen_qwen15_small/round_01/value/training_resume.pt,12831902,see complete archive checksum,training_resume,nonempty
geoflowagent_experiment_increment_20260916T0620Z.tar.gz,tmp/GeoFlowAgent_a_runs/search_hard_v2/development/checkpoints/dagger_frozen_qwen15_small/round_01/value/value_geometry.pt,3204066,see complete archive checksum,model_weights,nonempty
geoflowagent_experiment_increment_20260916T0620Z.tar.gz,tmp/GeoFlowAgent_a_runs/search_hard_v2/development/checkpoints/dagger_frozen_qwen15_small/round_02/value/training_resume.pt,12832094,see complete archive checksum,training_resume,nonempty
geoflowagent_experiment_increment_20260916T0620Z.tar.gz,tmp/GeoFlowAgent_a_runs/search_hard_v2/development/checkpoints/dagger_frozen_qwen15_small/round_02/value/value_geometry.pt,3204066,see complete archive checksum,model_weights,nonempty
geoflowagent_experiment_increment_20260916T0620Z.tar.gz,tmp/GeoFlowAgent_a_runs/search_hard_v2/development/checkpoints/dagger_frozen_qwen15_small/round_03/value/training_resume.pt,12831646,see complete archive checksum,training_resume,nonempty
geoflowagent_experiment_increment_20260916T0620Z.tar.gz,tmp/GeoFlowAgent_a_runs/search_hard_v2/development/checkpoints/dagger_frozen_qwen15_small/round_03/value/value_geometry.pt,3204066,see complete archive checksum,model_weights,nonempty
geoflowagent_experiment_increment_20260916T0620Z.tar.gz,tmp/GeoFlowAgent_a_runs/search_hard_v2/development/checkpoints/dagger_frozen_qwen15_small/value_geometry.pt,3204066,see complete archive checksum,model_weights,nonempty
geoflowagent_experiment_increment_20260916T0620Z.tar.gz,tmp/GeoFlowAgent_a_runs/search_hard_v2/development/checkpoints/geometry_frozen_qwen15_small/pair_mlp/seed-29/training_resume.pt,13370250,see complete archive checksum,training_resume,nonempty
geoflowagent_experiment_increment_20260916T0620Z.tar.gz,tmp/GeoFlowAgent_a_runs/search_hard_v2/development/checkpoints/geometry_frozen_qwen15_small/pair_mlp/seed-29/value_geometry.pt,3340050,see complete archive checksum,model_weights,nonempty
geoflowagent_experiment_increment_20260916T0620Z.tar.gz,tmp/GeoFlowAgent_a_runs/search_hard_v2/development/checkpoints/geometry_frozen_qwen15_small/pair_mlp/seed-43/training_resume.pt,13371466,see complete archive checksum,training_resume,nonempty
geoflowagent_experiment_increment_20260916T0620Z.tar.gz,tmp/GeoFlowAgent_a_runs/search_hard_v2/development/checkpoints/geometry_frozen_qwen15_small/pair_mlp/seed-43/value_geometry.pt,3340050,see complete archive checksum,model_weights,nonempty
geoflowagent_experiment_increment_20260916T0620Z.tar.gz,tmp/GeoFlowAgent_a_runs/search_hard_v2/development/checkpoints/geometry_frozen_qwen15_small/poincare/seed-17/training_resume.pt,12893648,see complete archive checksum,training_resume,nonempty
geoflowagent_experiment_increment_20260916T0620Z.tar.gz,tmp/GeoFlowAgent_a_runs/search_hard_v2/development/checkpoints/geometry_frozen_qwen15_small/poincare/seed-17/value_geometry.pt,3220522,see complete archive checksum,model_weights,nonempty
geoflowagent_experiment_increment_20260916T0620Z.tar.gz,tmp/GeoFlowAgent_a_runs/search_hard_v2/development/checkpoints/geometry_frozen_qwen15_small/poincare/seed-29/training_resume.pt,12893520,see complete archive checksum,training_resume,nonempty
geoflowagent_experiment_increment_20260916T0620Z.tar.gz,tmp/GeoFlowAgent_a_runs/search_hard_v2/development/checkpoints/geometry_frozen_qwen15_small/poincare/seed-29/value_geometry.pt,3220522,see complete archive checksum,model_weights,nonempty
geoflowagent_experiment_increment_20260916T0620Z.tar.gz,tmp/GeoFlowAgent_a_runs/search_hard_v2/development/checkpoints/geometry_frozen_qwen15_small/poincare/seed-43/training_resume.pt,12893840,see complete archive checksum,training_resume,nonempty
geoflowagent_experiment_increment_20260916T0620Z.tar.gz,tmp/GeoFlowAgent_a_runs/search_hard_v2/development/checkpoints/geometry_frozen_qwen15_small/poincare/seed-43/value_geometry.pt,3220522,see complete archive checksum,model_weights,nonempty
geoflowagent_experiment_increment_20260916T0620Z.tar.gz,tmp/GeoFlowAgent_a_runs/search_hard_v2/development/checkpoints/medcpt_only_controls/capacity_curve/configured/seed-17/value_geometry.pt,3204002,see complete archive checksum,model_weights,nonempty
geoflowagent_experiment_increment_20260916T0620Z.tar.gz,tmp/GeoFlowAgent_a_runs/search_hard_v2/development/checkpoints/medcpt_only_controls/capacity_curve/configured/seed-29/value_geometry.pt,3204002,see complete archive checksum,model_weights,nonempty
geoflowagent_experiment_increment_20260916T0620Z.tar.gz,tmp/GeoFlowAgent_a_runs/search_hard_v2/development/checkpoints/medcpt_only_controls/capacity_curve/configured/seed-43/value_geometry.pt,3204002,see complete archive checksum,model_weights,nonempty
geoflowagent_experiment_increment_20260916T0620Z.tar.gz,tmp/GeoFlowAgent_a_runs/search_hard_v2/development/checkpoints/medcpt_only_controls/capacity_curve/half_x/seed-17/training_resume.pt,5565918,see complete archive checksum,training_resume,nonempty
geoflowagent_experiment_increment_20260916T0620Z.tar.gz,tmp/GeoFlowAgent_a_runs/search_hard_v2/development/checkpoints/medcpt_only_controls/capacity_curve/half_x/seed-17/value_geometry.pt,1381346,see complete archive checksum,model_weights,nonempty
geoflowagent_experiment_increment_20260916T0620Z.tar.gz,tmp/GeoFlowAgent_a_runs/search_hard_v2/development/checkpoints/medcpt_only_controls/capacity_curve/half_x/seed-29/training_resume.pt,5562654,see complete archive checksum,training_resume,nonempty
geoflowagent_experiment_increment_20260916T0620Z.tar.gz,tmp/GeoFlowAgent_a_runs/search_hard_v2/development/checkpoints/medcpt_only_controls/capacity_curve/half_x/seed-29/value_geometry.pt,1381346,see complete archive checksum,model_weights,nonempty
geoflowagent_experiment_increment_20260916T0620Z.tar.gz,tmp/GeoFlowAgent_a_runs/search_hard_v2/development/checkpoints/medcpt_only_controls/capacity_curve/half_x/seed-43/training_resume.pt,5558110,see complete archive checksum,training_resume,nonempty
geoflowagent_experiment_increment_20260916T0620Z.tar.gz,tmp/GeoFlowAgent_a_runs/search_hard_v2/development/checkpoints/medcpt_only_controls/capacity_curve/half_x/seed-43/value_geometry.pt,1381346,see complete archive checksum,model_weights,nonempty
geoflowagent_experiment_increment_20260916T0620Z.tar.gz,tmp/GeoFlowAgent_a_runs/search_hard_v2/development/checkpoints/medcpt_only_controls/capacity_curve/two_x/seed-17/training_resume.pt,33918494,see complete archive checksum,training_resume,nonempty
geoflowagent_experiment_increment_20260916T0620Z.tar.gz,tmp/GeoFlowAgent_a_runs/search_hard_v2/development/checkpoints/medcpt_only_controls/capacity_curve/two_x/seed-17/value_geometry.pt,8471266,see complete archive checksum,model_weights,nonempty
geoflowagent_experiment_increment_20260916T0620Z.tar.gz,tmp/GeoFlowAgent_a_runs/search_hard_v2/development/checkpoints/medcpt_only_controls/capacity_curve/two_x/seed-29/training_resume.pt,33922974,see complete archive checksum,training_resume,nonempty
geoflowagent_experiment_increment_20260916T0620Z.tar.gz,tmp/GeoFlowAgent_a_runs/search_hard_v2/development/checkpoints/medcpt_only_controls/capacity_curve/two_x/seed-29/value_geometry.pt,8471266,see complete archive checksum,model_weights,nonempty
geoflowagent_experiment_increment_20260916T0620Z.tar.gz,tmp/GeoFlowAgent_a_runs/search_hard_v2/development/checkpoints/medcpt_only_controls/capacity_curve/two_x/seed-43/training_resume.pt,33922782,see complete archive checksum,training_resume,nonempty
geoflowagent_experiment_increment_20260916T0620Z.tar.gz,tmp/GeoFlowAgent_a_runs/search_hard_v2/development/checkpoints/medcpt_only_controls/capacity_curve/two_x/seed-43/value_geometry.pt,8471266,see complete archive checksum,model_weights,nonempty
geoflowagent_experiment_increment_20260916T0620Z.tar.gz,tmp/GeoFlowAgent_a_runs/search_hard_v2/development/checkpoints/medcpt_only_controls/geometry/asymmetric_bilinear/seed-17/training_resume.pt,12913744,see complete archive checksum,training_resume,nonempty
geoflowagent_experiment_increment_20260916T0620Z.tar.gz,tmp/GeoFlowAgent_a_runs/search_hard_v2/development/checkpoints/medcpt_only_controls/geometry/asymmetric_bilinear/seed-17/value_geometry.pt,3220714,see complete archive checksum,model_weights,nonempty
geoflowagent_experiment_increment_20260916T0620Z.tar.gz,tmp/GeoFlowAgent_a_runs/search_hard_v2/development/checkpoints/medcpt_only_controls/geometry/asymmetric_bilinear/seed-29/training_resume.pt,12919312,see complete archive checksum,training_resume,nonempty
geoflowagent_experiment_increment_20260916T0620Z.tar.gz,tmp/GeoFlowAgent_a_runs/search_hard_v2/development/checkpoints/medcpt_only_controls/geometry/asymmetric_bilinear/seed-29/value_geometry.pt,3220714,see complete archive checksum,model_weights,nonempty
geoflowagent_experiment_increment_20260916T0620Z.tar.gz,tmp/GeoFlowAgent_a_runs/search_hard_v2/development/checkpoints/medcpt_only_controls/geometry/asymmetric_bilinear/seed-43/training_resume.pt,12920976,see complete archive checksum,training_resume,nonempty
geoflowagent_experiment_increment_20260916T0620Z.tar.gz,tmp/GeoFlowAgent_a_runs/search_hard_v2/development/checkpoints/medcpt_only_controls/geometry/asymmetric_bilinear/seed-43/value_geometry.pt,3220714,see complete archive checksum,model_weights,nonempty
geoflowagent_experiment_increment_20260916T0620Z.tar.gz,tmp/GeoFlowAgent_a_runs/search_hard_v2/development/checkpoints/medcpt_only_controls/geometry/cosine/seed-17/training_resume.pt,12856286,see complete archive checksum,training_resume,nonempty
geoflowagent_experiment_increment_20260916T0620Z.tar.gz,tmp/GeoFlowAgent_a_runs/search_hard_v2/development/checkpoints/medcpt_only_controls/geometry/cosine/seed-17/value_geometry.pt,3204002,see complete archive checksum,model_weights,nonempty
geoflowagent_experiment_increment_20260916T0620Z.tar.gz,tmp/GeoFlowAgent_a_runs/search_hard_v2/development/checkpoints/medcpt_only_controls/geometry/cosine/seed-29/training_resume.pt,12852958,see complete archive checksum,training_resume,nonempty
geoflowagent_experiment_increment_20260916T0620Z.tar.gz,tmp/GeoFlowAgent_a_runs/search_hard_v2/development/checkpoints/medcpt_only_controls/geometry/cosine/seed-29/value_geometry.pt,3204002,see complete archive checksum,model_weights,nonempty
geoflowagent_experiment_increment_20260916T0620Z.tar.gz,tmp/GeoFlowAgent_a_runs/search_hard_v2/development/checkpoints/medcpt_only_controls/geometry/cosine/seed-43/training_resume.pt,12852638,see complete archive checksum,training_resume,nonempty
geoflowagent_experiment_increment_20260916T0620Z.tar.gz,tmp/GeoFlowAgent_a_runs/search_hard_v2/development/checkpoints/medcpt_only_controls/geometry/cosine/seed-43/value_geometry.pt,3204002,see complete archive checksum,model_weights,nonempty
geoflowagent_experiment_increment_20260916T0620Z.tar.gz,tmp/GeoFlowAgent_a_runs/search_hard_v2/development/checkpoints/medcpt_only_controls/geometry/diagonal_mahalanobis/seed-17/training_resume.pt,12852432,see complete archive checksum,training_resume,nonempty
geoflowagent_experiment_increment_20260916T0620Z.tar.gz,tmp/GeoFlowAgent_a_runs/search_hard_v2/development/checkpoints/medcpt_only_controls/geometry/diagonal_mahalanobis/seed-17/value_geometry.pt,3204586,see complete archive checksum,model_weights,nonempty
geoflowagent_experiment_increment_20260916T0620Z.tar.gz,tmp/GeoFlowAgent_a_runs/search_hard_v2/development/checkpoints/medcpt_only_controls/geometry/diagonal_mahalanobis/seed-29/training_resume.pt,12851216,see complete archive checksum,training_resume,nonempty
geoflowagent_experiment_increment_20260916T0620Z.tar.gz,tmp/GeoFlowAgent_a_runs/search_hard_v2/development/checkpoints/medcpt_only_controls/geometry/diagonal_mahalanobis/seed-29/value_geometry.pt,3204586,see complete archive checksum,model_weights,nonempty
geoflowagent_experiment_increment_20260916T0620Z.tar.gz,tmp/GeoFlowAgent_a_runs/search_hard_v2/development/checkpoints/medcpt_only_controls/geometry/diagonal_mahalanobis/seed-43/training_resume.pt,12847120,see complete archive checksum,training_resume,nonempty
geoflowagent_experiment_increment_20260916T0620Z.tar.gz,tmp/GeoFlowAgent_a_runs/search_hard_v2/development/checkpoints/medcpt_only_controls/geometry/diagonal_mahalanobis/seed-43/value_geometry.pt,3204586,see complete archive checksum,model_weights,nonempty
geoflowagent_experiment_increment_20260916T0620Z.tar.gz,tmp/GeoFlowAgent_a_runs/search_hard_v2/development/checkpoints/medcpt_only_controls/geometry/directed_quasimetric/seed-17/training_resume.pt,12881730,see complete archive checksum,training_resume,nonempty
geoflowagent_experiment_increment_20260916T0620Z.tar.gz,tmp/GeoFlowAgent_a_runs/search_hard_v2/development/checkpoints/medcpt_only_controls/geometry/directed_quasimetric/seed-17/value_geometry.pt,3212978,see complete archive checksum,model_weights,nonempty
geoflowagent_experiment_increment_20260916T0620Z.tar.gz,tmp/GeoFlowAgent_a_runs/search_hard_v2/development/checkpoints/medcpt_only_controls/geometry/directed_quasimetric/seed-29/training_resume.pt,12886658,see complete archive checksum,training_resume,nonempty
geoflowagent_experiment_increment_20260916T0620Z.tar.gz,tmp/GeoFlowAgent_a_runs/search_hard_v2/development/checkpoints/medcpt_only_controls/geometry/directed_quasimetric/seed-29/value_geometry.pt,3212978,see complete archive checksum,model_weights,nonempty
geoflowagent_experiment_increment_20260916T0620Z.tar.gz,tmp/GeoFlowAgent_a_runs/search_hard_v2/development/checkpoints/medcpt_only_controls/geometry/directed_quasimetric/seed-43/training_resume.pt,12883266,see complete archive checksum,training_resume,nonempty
geoflowagent_experiment_increment_20260916T0620Z.tar.gz,tmp/GeoFlowAgent_a_runs/search_hard_v2/development/checkpoints/medcpt_only_controls/geometry/directed_quasimetric/seed-43/value_geometry.pt,3212978,see complete archive checksum,model_weights,nonempty
geoflowagent_experiment_increment_20260916T0620Z.tar.gz,tmp/GeoFlowAgent_a_runs/search_hard_v2/development/checkpoints/medcpt_only_controls/geometry/euclidean/seed-17/training_resume.pt,12849886,see complete archive checksum,training_resume,nonempty
geoflowagent_experiment_increment_20260916T0620Z.tar.gz,tmp/GeoFlowAgent_a_runs/search_hard_v2/development/checkpoints/medcpt_only_controls/geometry/euclidean/seed-17/value_geometry.pt,3204002,see complete archive checksum,model_weights,nonempty
geoflowagent_experiment_increment_20260916T0620Z.tar.gz,tmp/GeoFlowAgent_a_runs/search_hard_v2/development/checkpoints/medcpt_only_controls/geometry/euclidean/seed-29/training_resume.pt,12854046,see complete archive checksum,training_resume,nonempty
geoflowagent_experiment_increment_20260916T0620Z.tar.gz,tmp/GeoFlowAgent_a_runs/search_hard_v2/development/checkpoints/medcpt_only_controls/geometry/euclidean/seed-29/value_geometry.pt,3204002,see complete archive checksum,model_weights,nonempty
geoflowagent_experiment_increment_20260916T0620Z.tar.gz,tmp/GeoFlowAgent_a_runs/search_hard_v2/development/checkpoints/medcpt_only_controls/geometry/euclidean/seed-43/training_resume.pt,12853598,see complete archive checksum,training_resume,nonempty
geoflowagent_experiment_increment_20260916T0620Z.tar.gz,tmp/GeoFlowAgent_a_runs/search_hard_v2/development/checkpoints/medcpt_only_controls/geometry/euclidean/seed-43/value_geometry.pt,3204002,see complete archive checksum,model_weights,nonempty
geoflowagent_experiment_increment_20260916T0620Z.tar.gz,tmp/GeoFlowAgent_a_runs/search_hard_v2/development/checkpoints/medcpt_only_controls/geometry/lowrank_mahalanobis/seed-17/training_resume.pt,12879760,see complete archive checksum,training_resume,nonempty
geoflowagent_experiment_increment_20260916T0620Z.tar.gz,tmp/GeoFlowAgent_a_runs/search_hard_v2/development/checkpoints/medcpt_only_controls/geometry/lowrank_mahalanobis/seed-17/value_geometry.pt,3212522,see complete archive checksum,model_weights,nonempty
geoflowagent_experiment_increment_20260916T0620Z.tar.gz,tmp/GeoFlowAgent_a_runs/search_hard_v2/development/checkpoints/medcpt_only_controls/geometry/lowrank_mahalanobis/seed-29/training_resume.pt,12878736,see complete archive checksum,training_resume,nonempty
geoflowagent_experiment_increment_20260916T0620Z.tar.gz,tmp/GeoFlowAgent_a_runs/search_hard_v2/development/checkpoints/medcpt_only_controls/geometry/lowrank_mahalanobis/seed-29/value_geometry.pt,3212522,see complete archive checksum,model_weights,nonempty
geoflowagent_experiment_increment_20260916T0620Z.tar.gz,tmp/GeoFlowAgent_a_runs/search_hard_v2/development/checkpoints/medcpt_only_controls/geometry/lowrank_mahalanobis/seed-43/training_resume.pt,12884688,see complete archive checksum,training_resume,nonempty
geoflowagent_experiment_increment_20260916T0620Z.tar.gz,tmp/GeoFlowAgent_a_runs/search_hard_v2/development/checkpoints/medcpt_only_controls/geometry/lowrank_mahalanobis/seed-43/value_geometry.pt,3212522,see complete archive checksum,model_weights,nonempty
geoflowagent_experiment_increment_20260916T0620Z.tar.gz,tmp/GeoFlowAgent_a_runs/search_hard_v2/development/checkpoints/medcpt_only_controls/geometry/order_violation/seed-17/training_resume.pt,12890768,see complete archive checksum,training_resume,nonempty
geoflowagent_experiment_increment_20260916T0620Z.tar.gz,tmp/GeoFlowAgent_a_runs/search_hard_v2/development/checkpoints/medcpt_only_controls/geometry/order_violation/seed-17/value_geometry.pt,3212522,see complete archive checksum,model_weights,nonempty
geoflowagent_experiment_increment_20260916T0620Z.tar.gz,tmp/GeoFlowAgent_a_runs/search_hard_v2/development/checkpoints/medcpt_only_controls/geometry/order_violation/seed-29/training_resume.pt,12888656,see complete archive checksum,training_resume,nonempty
geoflowagent_experiment_increment_20260916T0620Z.tar.gz,tmp/GeoFlowAgent_a_runs/search_hard_v2/development/checkpoints/medcpt_only_controls/geometry/order_violation/seed-29/value_geometry.pt,3212522,see complete archive checksum,model_weights,nonempty
geoflowagent_experiment_increment_20260916T0620Z.tar.gz,tmp/GeoFlowAgent_a_runs/search_hard_v2/development/checkpoints/medcpt_only_controls/geometry/order_violation/seed-43/training_resume.pt,12891536,see complete archive checksum,training_resume,nonempty
geoflowagent_experiment_increment_20260916T0620Z.tar.gz,tmp/GeoFlowAgent_a_runs/search_hard_v2/development/checkpoints/medcpt_only_controls/geometry/order_violation/seed-43/value_geometry.pt,3212522,see complete archive checksum,model_weights,nonempty
geoflowagent_experiment_increment_20260916T0620Z.tar.gz,tmp/GeoFlowAgent_a_runs/search_hard_v2/development/checkpoints/medcpt_only_controls/geometry/pair_mlp/seed-17/training_resume.pt,13395274,see complete archive checksum,training_resume,nonempty
geoflowagent_experiment_increment_20260916T0620Z.tar.gz,tmp/GeoFlowAgent_a_runs/search_hard_v2/development/checkpoints/medcpt_only_controls/geometry/pair_mlp/seed-17/value_geometry.pt,3340306,see complete archive checksum,model_weights,nonempty
geoflowagent_experiment_increment_20260916T0620Z.tar.gz,tmp/GeoFlowAgent_a_runs/search_hard_v2/development/checkpoints/medcpt_only_controls/geometry/pair_mlp/seed-29/training_resume.pt,13394826,see complete archive checksum,training_resume,nonempty
geoflowagent_experiment_increment_20260916T0620Z.tar.gz,tmp/GeoFlowAgent_a_runs/search_hard_v2/development/checkpoints/medcpt_only_controls/geometry/pair_mlp/seed-29/value_geometry.pt,3340306,see complete archive checksum,model_weights,nonempty
geoflowagent_experiment_increment_20260916T0620Z.tar.gz,tmp/GeoFlowAgent_a_runs/search_hard_v2/development/checkpoints/medcpt_only_controls/geometry/pair_mlp/seed-43/training_resume.pt,13396042,see complete archive checksum,training_resume,nonempty
geoflowagent_experiment_increment_20260916T0620Z.tar.gz,tmp/GeoFlowAgent_a_runs/search_hard_v2/development/checkpoints/medcpt_only_controls/geometry/pair_mlp/seed-43/value_geometry.pt,3340306,see complete archive checksum,model_weights,nonempty
geoflowagent_experiment_increment_20260916T0620Z.tar.gz,tmp/GeoFlowAgent_a_runs/search_hard_v2/development/checkpoints/medcpt_only_controls/geometry/poincare/seed-17/training_resume.pt,12915152,see complete archive checksum,training_resume,nonempty
geoflowagent_experiment_increment_20260916T0620Z.tar.gz,tmp/GeoFlowAgent_a_runs/search_hard_v2/development/checkpoints/medcpt_only_controls/geometry/poincare/seed-17/value_geometry.pt,3220714,see complete archive checksum,model_weights,nonempty
geoflowagent_experiment_increment_20260916T0620Z.tar.gz,tmp/GeoFlowAgent_a_runs/search_hard_v2/development/checkpoints/medcpt_only_controls/geometry/poincare/seed-29/training_resume.pt,12912720,see complete archive checksum,training_resume,nonempty
geoflowagent_experiment_increment_20260916T0620Z.tar.gz,tmp/GeoFlowAgent_a_runs/search_hard_v2/development/checkpoints/medcpt_only_controls/geometry/poincare/seed-29/value_geometry.pt,3220714,see complete archive checksum,model_weights,nonempty
geoflowagent_experiment_increment_20260916T0620Z.tar.gz,tmp/GeoFlowAgent_a_runs/search_hard_v2/development/checkpoints/medcpt_only_controls/geometry/poincare/seed-43/training_resume.pt,12921744,see complete archive checksum,training_resume,nonempty
geoflowagent_experiment_increment_20260916T0620Z.tar.gz,tmp/GeoFlowAgent_a_runs/search_hard_v2/development/checkpoints/medcpt_only_controls/geometry/poincare/seed-43/value_geometry.pt,3220714,see complete archive checksum,model_weights,nonempty
geoflowagent_experiment_increment_20260916T0620Z.tar.gz,tmp/GeoFlowAgent_a_runs/search_hard_v2/development/checkpoints/medcpt_only_controls_superseded_invalid_energy_names_20260915T1955Z/geometry/euclidean/seed-17/training_resume.pt,12847070,see complete archive checksum,training_resume,nonempty
geoflowagent_experiment_increment_20260916T0620Z.tar.gz,tmp/GeoFlowAgent_a_runs/search_hard_v2/development/checkpoints/resume_v2_robustness/capacity_curve/configured/seed-17/training_resume.pt,12833182,see complete archive checksum,training_resume,nonempty
geoflowagent_experiment_increment_20260916T0620Z.tar.gz,tmp/GeoFlowAgent_a_runs/search_hard_v2/development/checkpoints/resume_v2_robustness/capacity_curve/configured/seed-17/value_geometry.pt,3203874,see complete archive checksum,model_weights,nonempty
geoflowagent_experiment_increment_20260916T0620Z.tar.gz,tmp/GeoFlowAgent_a_runs/search_hard_v2/development/checkpoints/resume_v2_robustness/capacity_curve/configured/seed-29/training_resume.pt,12832926,see complete archive checksum,training_resume,nonempty
geoflowagent_experiment_increment_20260916T0620Z.tar.gz,tmp/GeoFlowAgent_a_runs/search_hard_v2/development/checkpoints/resume_v2_robustness/capacity_curve/configured/seed-29/value_geometry.pt,3203874,see complete archive checksum,model_weights,nonempty
geoflowagent_experiment_increment_20260916T0620Z.tar.gz,tmp/GeoFlowAgent_a_runs/search_hard_v2/development/checkpoints/resume_v2_robustness/capacity_curve/configured/seed-43/training_resume.pt,12833438,see complete archive checksum,training_resume,nonempty
geoflowagent_experiment_increment_20260916T0620Z.tar.gz,tmp/GeoFlowAgent_a_runs/search_hard_v2/development/checkpoints/resume_v2_robustness/capacity_curve/configured/seed-43/value_geometry.pt,3203874,see complete archive checksum,model_weights,nonempty
geoflowagent_experiment_increment_20260916T0620Z.tar.gz,tmp/GeoFlowAgent_a_runs/search_hard_v2/development/checkpoints/resume_v2_robustness/capacity_curve/half_x/seed-17/training_resume.pt,5545182,see complete archive checksum,training_resume,nonempty
geoflowagent_experiment_increment_20260916T0620Z.tar.gz,tmp/GeoFlowAgent_a_runs/search_hard_v2/development/checkpoints/resume_v2_robustness/capacity_curve/half_x/seed-17/value_geometry.pt,1381218,see complete archive checksum,model_weights,nonempty
geoflowagent_experiment_increment_20260916T0620Z.tar.gz,tmp/GeoFlowAgent_a_runs/search_hard_v2/development/checkpoints/resume_v2_robustness/capacity_curve/half_x/seed-29/training_resume.pt,5544798,see complete archive checksum,training_resume,nonempty
geoflowagent_experiment_increment_20260916T0620Z.tar.gz,tmp/GeoFlowAgent_a_runs/search_hard_v2/development/checkpoints/resume_v2_robustness/capacity_curve/half_x/seed-29/value_geometry.pt,1381218,see complete archive checksum,model_weights,nonempty
geoflowagent_experiment_increment_20260916T0620Z.tar.gz,tmp/GeoFlowAgent_a_runs/search_hard_v2/development/checkpoints/resume_v2_robustness/capacity_curve/half_x/seed-43/training_resume.pt,5542942,see complete archive checksum,training_resume,nonempty
geoflowagent_experiment_increment_20260916T0620Z.tar.gz,tmp/GeoFlowAgent_a_runs/search_hard_v2/development/checkpoints/resume_v2_robustness/capacity_curve/half_x/seed-43/value_geometry.pt,1381218,see complete archive checksum,model_weights,nonempty
geoflowagent_experiment_increment_20260916T0620Z.tar.gz,tmp/GeoFlowAgent_a_runs/search_hard_v2/development/checkpoints/resume_v2_robustness/capacity_curve/two_x/seed-17/training_resume.pt,33903262,see complete archive checksum,training_resume,nonempty
geoflowagent_experiment_increment_20260916T0620Z.tar.gz,tmp/GeoFlowAgent_a_runs/search_hard_v2/development/checkpoints/resume_v2_robustness/capacity_curve/two_x/seed-17/value_geometry.pt,8471138,see complete archive checksum,model_weights,nonempty
geoflowagent_experiment_increment_20260916T0620Z.tar.gz,tmp/GeoFlowAgent_a_runs/search_hard_v2/development/checkpoints/resume_v2_robustness/capacity_curve/two_x/seed-29/training_resume.pt,33901790,see complete archive checksum,training_resume,nonempty
geoflowagent_experiment_increment_20260916T0620Z.tar.gz,tmp/GeoFlowAgent_a_runs/search_hard_v2/development/checkpoints/resume_v2_robustness/capacity_curve/two_x/seed-29/value_geometry.pt,8471138,see complete archive checksum,model_weights,nonempty
geoflowagent_experiment_increment_20260916T0620Z.tar.gz,tmp/GeoFlowAgent_a_runs/search_hard_v2/development/checkpoints/resume_v2_robustness/capacity_curve/two_x/seed-43/training_resume.pt,33901406,see complete archive checksum,training_resume,nonempty
geoflowagent_experiment_increment_20260916T0620Z.tar.gz,tmp/GeoFlowAgent_a_runs/search_hard_v2/development/checkpoints/resume_v2_robustness/capacity_curve/two_x/seed-43/value_geometry.pt,8471138,see complete archive checksum,model_weights,nonempty
geoflowagent_experiment_increment_20260916T0620Z.tar.gz,tmp/GeoFlowAgent_a_runs/search_hard_v2/development/checkpoints/resume_v2_robustness/frozen_cosine/cosine/seed-17/training_resume.pt,12834974,see complete archive checksum,training_resume,nonempty
geoflowagent_experiment_increment_20260916T0620Z.tar.gz,tmp/GeoFlowAgent_a_runs/search_hard_v2/development/checkpoints/resume_v2_robustness/frozen_cosine/cosine/seed-17/value_geometry.pt,3203874,see complete archive checksum,model_weights,nonempty
geoflowagent_experiment_increment_20260916T0620Z.tar.gz,tmp/GeoFlowAgent_a_runs/search_hard_v2/development/checkpoints/resume_v2_robustness/frozen_cosine/cosine/seed-29/training_resume.pt,12832542,see complete archive checksum,training_resume,nonempty
geoflowagent_experiment_increment_20260916T0620Z.tar.gz,tmp/GeoFlowAgent_a_runs/search_hard_v2/development/checkpoints/resume_v2_robustness/frozen_cosine/cosine/seed-29/value_geometry.pt,3203874,see complete archive checksum,model_weights,nonempty
geoflowagent_experiment_increment_20260916T0620Z.tar.gz,tmp/GeoFlowAgent_a_runs/search_hard_v2/development/checkpoints/resume_v2_robustness/frozen_cosine/cosine/seed-43/training_resume.pt,12833694,see complete archive checksum,training_resume,nonempty
geoflowagent_experiment_increment_20260916T0620Z.tar.gz,tmp/GeoFlowAgent_a_runs/search_hard_v2/development/checkpoints/resume_v2_robustness/frozen_cosine/cosine/seed-43/value_geometry.pt,3203874,see complete archive checksum,model_weights,nonempty
geoflowagent_experiment_increment_20260916T0620Z.tar.gz,tmp/GeoFlowAgent_a_runs/search_hard_v2/development/checkpoints/resume_v2_robustness/hash_euclidean/euclidean/seed-17/training_resume.pt,12835358,see complete archive checksum,training_resume,nonempty
geoflowagent_experiment_increment_20260916T0620Z.tar.gz,tmp/GeoFlowAgent_a_runs/search_hard_v2/development/checkpoints/resume_v2_robustness/hash_euclidean/euclidean/seed-17/value_geometry.pt,3204258,see complete archive checksum,model_weights,nonempty
geoflowagent_experiment_increment_20260916T0620Z.tar.gz,tmp/GeoFlowAgent_a_runs/search_hard_v2/development/checkpoints/resume_v2_robustness/hash_euclidean/euclidean/seed-29/training_resume.pt,12836382,see complete archive checksum,training_resume,nonempty
geoflowagent_experiment_increment_20260916T0620Z.tar.gz,tmp/GeoFlowAgent_a_runs/search_hard_v2/development/checkpoints/resume_v2_robustness/hash_euclidean/euclidean/seed-29/value_geometry.pt,3204258,see complete archive checksum,model_weights,nonempty
geoflowagent_experiment_increment_20260916T0620Z.tar.gz,tmp/GeoFlowAgent_a_runs/search_hard_v2/development/checkpoints/resume_v2_robustness/hash_euclidean/euclidean/seed-43/training_resume.pt,12837214,see complete archive checksum,training_resume,nonempty
geoflowagent_experiment_increment_20260916T0620Z.tar.gz,tmp/GeoFlowAgent_a_runs/search_hard_v2/development/checkpoints/resume_v2_robustness/hash_euclidean/euclidean/seed-43/value_geometry.pt,3204258,see complete archive checksum,model_weights,nonempty
geoflowagent_experiment_increment_20260916T0620Z.tar.gz,tmp/GeoFlowAgent_a_runs/search_hard_v2/development/checkpoints/same_metric_representation_control/hash_cosine/cosine/seed-17/training_resume.pt,12836190,see complete archive checksum,training_resume,nonempty
geoflowagent_experiment_increment_20260916T0620Z.tar.gz,tmp/GeoFlowAgent_a_runs/search_hard_v2/development/checkpoints/same_metric_representation_control/hash_cosine/cosine/seed-17/value_geometry.pt,3204258,see complete archive checksum,model_weights,nonempty
geoflowagent_experiment_increment_20260916T0620Z.tar.gz,tmp/GeoFlowAgent_a_runs/search_hard_v2/development/checkpoints/same_metric_representation_control/hash_cosine/cosine/seed-29/training_resume.pt,12836638,see complete archive checksum,training_resume,nonempty
geoflowagent_experiment_increment_20260916T0620Z.tar.gz,tmp/GeoFlowAgent_a_runs/search_hard_v2/development/checkpoints/same_metric_representation_control/hash_cosine/cosine/seed-29/value_geometry.pt,3204258,see complete archive checksum,model_weights,nonempty
geoflowagent_experiment_increment_20260916T0620Z.tar.gz,tmp/GeoFlowAgent_a_runs/search_hard_v2/development/checkpoints/same_metric_representation_control/hash_cosine/cosine/seed-43/training_resume.pt,12836510,see complete archive checksum,training_resume,nonempty
geoflowagent_experiment_increment_20260916T0620Z.tar.gz,tmp/GeoFlowAgent_a_runs/search_hard_v2/development/checkpoints/same_metric_representation_control/hash_cosine/cosine/seed-43/value_geometry.pt,3204258,see complete archive checksum,model_weights,nonempty
geoflowagent_experiment_increment_20260916T0620Z.tar.gz,tmp/GeoFlowAgent_a_runs/search_hard_v2/development/checkpoints/selected_cosine_controls/capacity_curve/half_x/seed-17/training_resume.pt,5544478,see complete archive checksum,training_resume,nonempty
geoflowagent_experiment_increment_20260916T0620Z.tar.gz,tmp/GeoFlowAgent_a_runs/search_hard_v2/development/checkpoints/selected_cosine_controls/capacity_curve/half_x/seed-17/value_geometry.pt,1381218,see complete archive checksum,model_weights,nonempty
geoflowagent_experiment_increment_20260916T0620Z.tar.gz,tmp/GeoFlowAgent_a_runs/search_hard_v2/development/checkpoints/selected_cosine_controls/capacity_curve/half_x/seed-29/training_resume.pt,5545630,see complete archive checksum,training_resume,nonempty
geoflowagent_experiment_increment_20260916T0620Z.tar.gz,tmp/GeoFlowAgent_a_runs/search_hard_v2/development/checkpoints/selected_cosine_controls/capacity_curve/half_x/seed-29/value_geometry.pt,1381218,see complete archive checksum,model_weights,nonempty
geoflowagent_experiment_increment_20260916T0620Z.tar.gz,tmp/GeoFlowAgent_a_runs/search_hard_v2/development/checkpoints/selected_cosine_controls/capacity_curve/half_x/seed-43/training_resume.pt,5543710,see complete archive checksum,training_resume,nonempty
geoflowagent_experiment_increment_20260916T0620Z.tar.gz,tmp/GeoFlowAgent_a_runs/search_hard_v2/development/checkpoints/selected_cosine_controls/capacity_curve/half_x/seed-43/value_geometry.pt,1381218,see complete archive checksum,model_weights,nonempty
geoflowagent_experiment_increment_20260916T0620Z.tar.gz,tmp/GeoFlowAgent_a_runs/search_hard_v2/development/checkpoints/selected_cosine_controls/capacity_curve/two_x/seed-17/training_resume.pt,33901342,see complete archive checksum,training_resume,nonempty
geoflowagent_experiment_increment_20260916T0620Z.tar.gz,tmp/GeoFlowAgent_a_runs/search_hard_v2/development/checkpoints/selected_cosine_controls/capacity_curve/two_x/seed-17/value_geometry.pt,8471138,see complete archive checksum,model_weights,nonempty
geoflowagent_experiment_increment_20260916T0620Z.tar.gz,tmp/GeoFlowAgent_a_runs/search_hard_v2/development/checkpoints/selected_cosine_controls/capacity_curve/two_x/seed-29/training_resume.pt,33901342,see complete archive checksum,training_resume,nonempty
geoflowagent_experiment_increment_20260916T0620Z.tar.gz,tmp/GeoFlowAgent_a_runs/search_hard_v2/development/checkpoints/selected_cosine_controls/capacity_curve/two_x/seed-29/value_geometry.pt,8471138,see complete archive checksum,model_weights,nonempty
geoflowagent_experiment_increment_20260916T0620Z.tar.gz,tmp/GeoFlowAgent_a_runs/search_hard_v2/development/checkpoints/selected_cosine_controls/capacity_curve/two_x/seed-43/training_resume.pt,33899806,see complete archive checksum,training_resume,nonempty
geoflowagent_experiment_increment_20260916T0620Z.tar.gz,tmp/GeoFlowAgent_a_runs/search_hard_v2/development/checkpoints/selected_cosine_controls/capacity_curve/two_x/seed-43/value_geometry.pt,8471138,see complete archive checksum,model_weights,nonempty
geoflowagent_experiment_increment_20260916T0620Z.tar.gz,tmp/GeoFlowAgent_a_runs/search_hard_v2/development/checkpoints/selected_cosine_controls/input_ablation/contract_only/seed-17/training_resume.pt,12854942,see complete archive checksum,training_resume,nonempty
geoflowagent_experiment_increment_20260916T0620Z.tar.gz,tmp/GeoFlowAgent_a_runs/search_hard_v2/development/checkpoints/selected_cosine_controls/input_ablation/contract_only/seed-17/value_geometry.pt,3203874,see complete archive checksum,model_weights,nonempty
geoflowagent_experiment_increment_20260916T0620Z.tar.gz,tmp/GeoFlowAgent_a_runs/search_hard_v2/development/checkpoints/selected_cosine_controls/input_ablation/contract_only/seed-29/training_resume.pt,12854942,see complete archive checksum,training_resume,nonempty
geoflowagent_experiment_increment_20260916T0620Z.tar.gz,tmp/GeoFlowAgent_a_runs/search_hard_v2/development/checkpoints/selected_cosine_controls/input_ablation/contract_only/seed-29/value_geometry.pt,3203874,see complete archive checksum,model_weights,nonempty
geoflowagent_experiment_increment_20260916T0620Z.tar.gz,tmp/GeoFlowAgent_a_runs/search_hard_v2/development/checkpoints/selected_cosine_controls/input_ablation/contract_only/seed-43/training_resume.pt,12875614,see complete archive checksum,training_resume,nonempty
geoflowagent_experiment_increment_20260916T0620Z.tar.gz,tmp/GeoFlowAgent_a_runs/search_hard_v2/development/checkpoints/selected_cosine_controls/input_ablation/contract_only/seed-43/value_geometry.pt,3203874,see complete archive checksum,model_weights,nonempty
geoflowagent_experiment_increment_20260916T0620Z.tar.gz,tmp/GeoFlowAgent_a_runs/search_hard_v2/development/checkpoints/selected_cosine_controls/input_ablation/frozen_only/seed-17/training_resume.pt,12848542,see complete archive checksum,training_resume,nonempty
geoflowagent_experiment_increment_20260916T0620Z.tar.gz,tmp/GeoFlowAgent_a_runs/search_hard_v2/development/checkpoints/selected_cosine_controls/input_ablation/frozen_only/seed-17/value_geometry.pt,3203874,see complete archive checksum,model_weights,nonempty
geoflowagent_experiment_increment_20260916T0620Z.tar.gz,tmp/GeoFlowAgent_a_runs/search_hard_v2/development/checkpoints/selected_cosine_controls/input_ablation/frozen_only/seed-29/training_resume.pt,12851870,see complete archive checksum,training_resume,nonempty
geoflowagent_experiment_increment_20260916T0620Z.tar.gz,tmp/GeoFlowAgent_a_runs/search_hard_v2/development/checkpoints/selected_cosine_controls/input_ablation/frozen_only/seed-29/value_geometry.pt,3203874,see complete archive checksum,model_weights,nonempty
geoflowagent_experiment_increment_20260916T0620Z.tar.gz,tmp/GeoFlowAgent_a_runs/search_hard_v2/development/checkpoints/selected_cosine_controls/input_ablation/frozen_only/seed-43/training_resume.pt,12848926,see complete archive checksum,training_resume,nonempty
geoflowagent_experiment_increment_20260916T0620Z.tar.gz,tmp/GeoFlowAgent_a_runs/search_hard_v2/development/checkpoints/selected_cosine_controls/input_ablation/frozen_only/seed-43/value_geometry.pt,3203874,see complete archive checksum,model_weights,nonempty
geoflowagent_experiment_increment_20260916T0620Z.tar.gz,tmp/GeoFlowAgent_a_runs/search_hard_v2/development/checkpoints/selected_cosine_controls/input_ablation/full/seed-17/training_resume.pt,12834974,see complete archive checksum,training_resume,nonempty
geoflowagent_experiment_increment_20260916T0620Z.tar.gz,tmp/GeoFlowAgent_a_runs/search_hard_v2/development/checkpoints/selected_cosine_controls/input_ablation/full/seed-17/value_geometry.pt,3203874,see complete archive checksum,model_weights,nonempty
geoflowagent_experiment_increment_20260916T0620Z.tar.gz,tmp/GeoFlowAgent_a_runs/search_hard_v2/development/checkpoints/selected_cosine_controls/input_ablation/full/seed-29/training_resume.pt,12832542,see complete archive checksum,training_resume,nonempty
geoflowagent_experiment_increment_20260916T0620Z.tar.gz,tmp/GeoFlowAgent_a_runs/search_hard_v2/development/checkpoints/selected_cosine_controls/input_ablation/full/seed-29/value_geometry.pt,3203874,see complete archive checksum,model_weights,nonempty
geoflowagent_experiment_increment_20260916T0620Z.tar.gz,tmp/GeoFlowAgent_a_runs/search_hard_v2/development/checkpoints/selected_cosine_controls/input_ablation/full/seed-43/training_resume.pt,12833694,see complete archive checksum,training_resume,nonempty
geoflowagent_experiment_increment_20260916T0620Z.tar.gz,tmp/GeoFlowAgent_a_runs/search_hard_v2/development/checkpoints/selected_cosine_controls/input_ablation/full/seed-43/value_geometry.pt,3203874,see complete archive checksum,model_weights,nonempty
geoflowagent_experiment_increment_20260916T0620Z.tar.gz,tmp/GeoFlowAgent_a_runs/search_hard_v2/development/checkpoints/selected_cosine_controls/input_ablation/full_minus__dnabert2_sequence_aux/seed-17/training_resume.pt,12833374,see complete archive checksum,training_resume,nonempty
geoflowagent_experiment_increment_20260916T0620Z.tar.gz,tmp/GeoFlowAgent_a_runs/search_hard_v2/development/checkpoints/selected_cosine_controls/input_ablation/full_minus__dnabert2_sequence_aux/seed-17/value_geometry.pt,3203874,see complete archive checksum,model_weights,nonempty
geoflowagent_experiment_increment_20260916T0620Z.tar.gz,tmp/GeoFlowAgent_a_runs/search_hard_v2/development/checkpoints/selected_cosine_controls/input_ablation/full_minus__dnabert2_sequence_aux/seed-29/training_resume.pt,12831966,see complete archive checksum,training_resume,nonempty
geoflowagent_experiment_increment_20260916T0620Z.tar.gz,tmp/GeoFlowAgent_a_runs/search_hard_v2/development/checkpoints/selected_cosine_controls/input_ablation/full_minus__dnabert2_sequence_aux/seed-29/value_geometry.pt,3203874,see complete archive checksum,model_weights,nonempty
geoflowagent_experiment_increment_20260916T0620Z.tar.gz,tmp/GeoFlowAgent_a_runs/search_hard_v2/development/checkpoints/selected_cosine_controls/input_ablation/full_minus__dnabert2_sequence_aux/seed-43/training_resume.pt,12831710,see complete archive checksum,training_resume,nonempty
geoflowagent_experiment_increment_20260916T0620Z.tar.gz,tmp/GeoFlowAgent_a_runs/search_hard_v2/development/checkpoints/selected_cosine_controls/input_ablation/full_minus__dnabert2_sequence_aux/seed-43/value_geometry.pt,3203874,see complete archive checksum,model_weights,nonempty
geoflowagent_experiment_increment_20260916T0620Z.tar.gz,tmp/GeoFlowAgent_a_runs/search_hard_v2/development/checkpoints/selected_cosine_controls/input_ablation/full_minus__medcpt/seed-17/training_resume.pt,12833630,see complete archive checksum,training_resume,nonempty
geoflowagent_experiment_increment_20260916T0620Z.tar.gz,tmp/GeoFlowAgent_a_runs/search_hard_v2/development/checkpoints/selected_cosine_controls/input_ablation/full_minus__medcpt/seed-17/value_geometry.pt,3203874,see complete archive checksum,model_weights,nonempty
geoflowagent_experiment_increment_20260916T0620Z.tar.gz,tmp/GeoFlowAgent_a_runs/search_hard_v2/development/checkpoints/selected_cosine_controls/input_ablation/full_minus__medcpt/seed-29/training_resume.pt,12831262,see complete archive checksum,training_resume,nonempty
geoflowagent_experiment_increment_20260916T0620Z.tar.gz,tmp/GeoFlowAgent_a_runs/search_hard_v2/development/checkpoints/selected_cosine_controls/input_ablation/full_minus__medcpt/seed-29/value_geometry.pt,3203874,see complete archive checksum,model_weights,nonempty
geoflowagent_experiment_increment_20260916T0620Z.tar.gz,tmp/GeoFlowAgent_a_runs/search_hard_v2/development/checkpoints/selected_cosine_controls/input_ablation/full_minus__medcpt/seed-43/training_resume.pt,12831198,see complete archive checksum,training_resume,nonempty
geoflowagent_experiment_increment_20260916T0620Z.tar.gz,tmp/GeoFlowAgent_a_runs/search_hard_v2/development/checkpoints/selected_cosine_controls/input_ablation/full_minus__medcpt/seed-43/value_geometry.pt,3203874,see complete archive checksum,model_weights,nonempty
geoflowagent_experiment_increment_20260916T0620Z.tar.gz,tmp/GeoFlowAgent_a_runs/search_hard_v2/development/checkpoints/selected_cosine_controls/input_ablation/full_minus__qwen_general/seed-17/training_resume.pt,12833374,see complete archive checksum,training_resume,nonempty
geoflowagent_experiment_increment_20260916T0620Z.tar.gz,tmp/GeoFlowAgent_a_runs/search_hard_v2/development/checkpoints/selected_cosine_controls/input_ablation/full_minus__qwen_general/seed-17/value_geometry.pt,3203874,see complete archive checksum,model_weights,nonempty
geoflowagent_experiment_increment_20260916T0620Z.tar.gz,tmp/GeoFlowAgent_a_runs/search_hard_v2/development/checkpoints/selected_cosine_controls/input_ablation/full_minus__qwen_general/seed-29/training_resume.pt,12834526,see complete archive checksum,training_resume,nonempty
geoflowagent_experiment_increment_20260916T0620Z.tar.gz,tmp/GeoFlowAgent_a_runs/search_hard_v2/development/checkpoints/selected_cosine_controls/input_ablation/full_minus__qwen_general/seed-29/value_geometry.pt,3203874,see complete archive checksum,model_weights,nonempty
geoflowagent_experiment_increment_20260916T0620Z.tar.gz,tmp/GeoFlowAgent_a_runs/search_hard_v2/development/checkpoints/selected_cosine_controls/input_ablation/full_minus__qwen_general/seed-43/training_resume.pt,12832670,see complete archive checksum,training_resume,nonempty
geoflowagent_experiment_increment_20260916T0620Z.tar.gz,tmp/GeoFlowAgent_a_runs/search_hard_v2/development/checkpoints/selected_cosine_controls/input_ablation/full_minus__qwen_general/seed-43/value_geometry.pt,3203874,see complete archive checksum,model_weights,nonempty
geoflowagent_experiment_increment_20260916T0620Z.tar.gz,tmp/GeoFlowAgent_a_runs/search_hard_v2/development/checkpoints/selected_cosine_controls/input_ablation/full_minus__sapbert_entity_aux/seed-17/training_resume.pt,12834014,see complete archive checksum,training_resume,nonempty
geoflowagent_experiment_increment_20260916T0620Z.tar.gz,tmp/GeoFlowAgent_a_runs/search_hard_v2/development/checkpoints/selected_cosine_controls/input_ablation/full_minus__sapbert_entity_aux/seed-17/value_geometry.pt,3203874,see complete archive checksum,model_weights,nonempty
geoflowagent_experiment_increment_20260916T0620Z.tar.gz,tmp/GeoFlowAgent_a_runs/search_hard_v2/development/checkpoints/selected_cosine_controls/input_ablation/full_minus__sapbert_entity_aux/seed-29/training_resume.pt,12831454,see complete archive checksum,training_resume,nonempty
geoflowagent_experiment_increment_20260916T0620Z.tar.gz,tmp/GeoFlowAgent_a_runs/search_hard_v2/development/checkpoints/selected_cosine_controls/input_ablation/full_minus__sapbert_entity_aux/seed-29/value_geometry.pt,3203874,see complete archive checksum,model_weights,nonempty
geoflowagent_experiment_increment_20260916T0620Z.tar.gz,tmp/GeoFlowAgent_a_runs/search_hard_v2/development/checkpoints/selected_cosine_controls/input_ablation/full_minus__sapbert_entity_aux/seed-43/training_resume.pt,12834078,see complete archive checksum,training_resume,nonempty
geoflowagent_experiment_increment_20260916T0620Z.tar.gz,tmp/GeoFlowAgent_a_runs/search_hard_v2/development/checkpoints/selected_cosine_controls/input_ablation/full_minus__sapbert_entity_aux/seed-43/value_geometry.pt,3203874,see complete archive checksum,model_weights,nonempty
geoflowagent_experiment_increment_20260916T0620Z.tar.gz,tmp/GeoFlowAgent_a_runs/search_hard_v2/development/checkpoints/selected_cosine_controls/input_ablation/structured_only/seed-17/training_resume.pt,12831774,see complete archive checksum,training_resume,nonempty
geoflowagent_experiment_increment_20260916T0620Z.tar.gz,tmp/GeoFlowAgent_a_runs/search_hard_v2/development/checkpoints/selected_cosine_controls/input_ablation/structured_only/seed-17/value_geometry.pt,3203874,see complete archive checksum,model_weights,nonempty
geoflowagent_experiment_increment_20260916T0620Z.tar.gz,tmp/GeoFlowAgent_a_runs/search_hard_v2/development/checkpoints/selected_cosine_controls/input_ablation/structured_only/seed-29/training_resume.pt,12832158,see complete archive checksum,training_resume,nonempty
geoflowagent_experiment_increment_20260916T0620Z.tar.gz,tmp/GeoFlowAgent_a_runs/search_hard_v2/development/checkpoints/selected_cosine_controls/input_ablation/structured_only/seed-29/value_geometry.pt,3203874,see complete archive checksum,model_weights,nonempty
geoflowagent_experiment_increment_20260916T0620Z.tar.gz,tmp/GeoFlowAgent_a_runs/search_hard_v2/development/checkpoints/selected_cosine_controls/input_ablation/structured_only/seed-43/training_resume.pt,12830686,see complete archive checksum,training_resume,nonempty
geoflowagent_experiment_increment_20260916T0620Z.tar.gz,tmp/GeoFlowAgent_a_runs/search_hard_v2/development/checkpoints/selected_cosine_controls/input_ablation/structured_only/seed-43/value_geometry.pt,3203874,see complete archive checksum,model_weights,nonempty
geoflowagent_experiment_increment_20260916T0620Z.tar.gz,tmp/GeoFlowAgent_a_runs/search_hard_v2/development/checkpoints/selected_cosine_controls/input_ablation/view_only__dnabert2_sequence_aux/seed-17/training_resume.pt,12856734,see complete archive checksum,training_resume,nonempty
geoflowagent_experiment_increment_20260916T0620Z.tar.gz,tmp/GeoFlowAgent_a_runs/search_hard_v2/development/checkpoints/selected_cosine_controls/input_ablation/view_only__dnabert2_sequence_aux/seed-17/value_geometry.pt,3203938,see complete archive checksum,model_weights,nonempty
geoflowagent_experiment_increment_20260916T0620Z.tar.gz,tmp/GeoFlowAgent_a_runs/search_hard_v2/development/checkpoints/selected_cosine_controls/input_ablation/view_only__dnabert2_sequence_aux/seed-29/training_resume.pt,12860766,see complete archive checksum,training_resume,nonempty
geoflowagent_experiment_increment_20260916T0620Z.tar.gz,tmp/GeoFlowAgent_a_runs/search_hard_v2/development/checkpoints/selected_cosine_controls/input_ablation/view_only__dnabert2_sequence_aux/seed-29/value_geometry.pt,3203938,see complete archive checksum,model_weights,nonempty
geoflowagent_experiment_increment_20260916T0620Z.tar.gz,tmp/GeoFlowAgent_a_runs/search_hard_v2/development/checkpoints/selected_cosine_controls/input_ablation/view_only__dnabert2_sequence_aux/seed-43/training_resume.pt,12857758,see complete archive checksum,training_resume,nonempty
geoflowagent_experiment_increment_20260916T0620Z.tar.gz,tmp/GeoFlowAgent_a_runs/search_hard_v2/development/checkpoints/selected_cosine_controls/input_ablation/view_only__dnabert2_sequence_aux/seed-43/value_geometry.pt,3203938,see complete archive checksum,model_weights,nonempty
geoflowagent_experiment_increment_20260916T0620Z.tar.gz,tmp/GeoFlowAgent_a_runs/search_hard_v2/development/checkpoints/selected_cosine_controls/input_ablation/view_only__medcpt/seed-17/training_resume.pt,12854942,see complete archive checksum,training_resume,nonempty
geoflowagent_experiment_increment_20260916T0620Z.tar.gz,tmp/GeoFlowAgent_a_runs/search_hard_v2/development/checkpoints/selected_cosine_controls/input_ablation/view_only__medcpt/seed-17/value_geometry.pt,3203938,see complete archive checksum,model_weights,nonempty
geoflowagent_experiment_increment_20260916T0620Z.tar.gz,tmp/GeoFlowAgent_a_runs/search_hard_v2/development/checkpoints/selected_cosine_controls/input_ablation/view_only__medcpt/seed-29/training_resume.pt,12852958,see complete archive checksum,training_resume,nonempty
geoflowagent_experiment_increment_20260916T0620Z.tar.gz,tmp/GeoFlowAgent_a_runs/search_hard_v2/development/checkpoints/selected_cosine_controls/input_ablation/view_only__medcpt/seed-29/value_geometry.pt,3203938,see complete archive checksum,model_weights,nonempty
geoflowagent_experiment_increment_20260916T0620Z.tar.gz,tmp/GeoFlowAgent_a_runs/search_hard_v2/development/checkpoints/selected_cosine_controls/input_ablation/view_only__medcpt/seed-43/training_resume.pt,12852638,see complete archive checksum,training_resume,nonempty
geoflowagent_experiment_increment_20260916T0620Z.tar.gz,tmp/GeoFlowAgent_a_runs/search_hard_v2/development/checkpoints/selected_cosine_controls/input_ablation/view_only__medcpt/seed-43/value_geometry.pt,3203938,see complete archive checksum,model_weights,nonempty
geoflowagent_experiment_increment_20260916T0620Z.tar.gz,tmp/GeoFlowAgent_a_runs/search_hard_v2/development/checkpoints/selected_cosine_controls/input_ablation/view_only__qwen_general/seed-17/training_resume.pt,12853598,see complete archive checksum,training_resume,nonempty
geoflowagent_experiment_increment_20260916T0620Z.tar.gz,tmp/GeoFlowAgent_a_runs/search_hard_v2/development/checkpoints/selected_cosine_controls/input_ablation/view_only__qwen_general/seed-17/value_geometry.pt,3203938,see complete archive checksum,model_weights,nonempty
geoflowagent_experiment_increment_20260916T0620Z.tar.gz,tmp/GeoFlowAgent_a_runs/search_hard_v2/development/checkpoints/selected_cosine_controls/input_ablation/view_only__qwen_general/seed-29/training_resume.pt,12845022,see complete archive checksum,training_resume,nonempty
geoflowagent_experiment_increment_20260916T0620Z.tar.gz,tmp/GeoFlowAgent_a_runs/search_hard_v2/development/checkpoints/selected_cosine_controls/input_ablation/view_only__qwen_general/seed-29/value_geometry.pt,3203938,see complete archive checksum,model_weights,nonempty
geoflowagent_experiment_increment_20260916T0620Z.tar.gz,tmp/GeoFlowAgent_a_runs/search_hard_v2/development/checkpoints/selected_cosine_controls/input_ablation/view_only__qwen_general/seed-43/training_resume.pt,12848350,see complete archive checksum,training_resume,nonempty
geoflowagent_experiment_increment_20260916T0620Z.tar.gz,tmp/GeoFlowAgent_a_runs/search_hard_v2/development/checkpoints/selected_cosine_controls/input_ablation/view_only__qwen_general/seed-43/value_geometry.pt,3203938,see complete archive checksum,model_weights,nonempty
geoflowagent_experiment_increment_20260916T0620Z.tar.gz,tmp/GeoFlowAgent_a_runs/search_hard_v2/development/checkpoints/selected_cosine_controls/input_ablation/view_only__sapbert_entity_aux/seed-17/training_resume.pt,12858078,see complete archive checksum,training_resume,nonempty
geoflowagent_experiment_increment_20260916T0620Z.tar.gz,tmp/GeoFlowAgent_a_runs/search_hard_v2/development/checkpoints/selected_cosine_controls/input_ablation/view_only__sapbert_entity_aux/seed-17/value_geometry.pt,3203938,see complete archive checksum,model_weights,nonempty
geoflowagent_experiment_increment_20260916T0620Z.tar.gz,tmp/GeoFlowAgent_a_runs/search_hard_v2/development/checkpoints/selected_cosine_controls/input_ablation/view_only__sapbert_entity_aux/seed-29/training_resume.pt,12860702,see complete archive checksum,training_resume,nonempty
geoflowagent_experiment_increment_20260916T0620Z.tar.gz,tmp/GeoFlowAgent_a_runs/search_hard_v2/development/checkpoints/selected_cosine_controls/input_ablation/view_only__sapbert_entity_aux/seed-29/value_geometry.pt,3203938,see complete archive checksum,model_weights,nonempty
geoflowagent_experiment_increment_20260916T0620Z.tar.gz,tmp/GeoFlowAgent_a_runs/search_hard_v2/development/checkpoints/selected_cosine_controls/input_ablation/view_only__sapbert_entity_aux/seed-43/training_resume.pt,12861790,see complete archive checksum,training_resume,nonempty
geoflowagent_experiment_increment_20260916T0620Z.tar.gz,tmp/GeoFlowAgent_a_runs/search_hard_v2/development/checkpoints/selected_cosine_controls/input_ablation/view_only__sapbert_entity_aux/seed-43/value_geometry.pt,3203938,see complete archive checksum,model_weights,nonempty
geoflowagent_experiment_increment_20260916T0620Z.tar.gz,tmp/GeoFlowAgent_a_runs/search_hard_v2/development/checkpoints/state_flow_seed_replicates/seed-29/search_state_flow.pt,4365172,see complete archive checksum,model_weights,nonempty
geoflowagent_experiment_increment_20260916T0620Z.tar.gz,tmp/GeoFlowAgent_a_runs/search_hard_v2/development/checkpoints/state_flow_seed_replicates/seed-29/training_resume.pt,9724907,see complete archive checksum,training_resume,nonempty
geoflowagent_experiment_increment_20260916T0620Z.tar.gz,tmp/GeoFlowAgent_a_runs/search_hard_v2/development/checkpoints/state_flow_seed_replicates/seed-43/search_state_flow.pt,4365172,see complete archive checksum,model_weights,nonempty
geoflowagent_experiment_increment_20260916T0620Z.tar.gz,tmp/GeoFlowAgent_a_runs/search_hard_v2/development/checkpoints/state_flow_seed_replicates/seed-43/training_resume.pt,9723115,see complete archive checksum,training_resume,nonempty
