model,bootstrap_idx,auroc
dD_cos_vec_32d,0,0.8363405757379193
dD_cos_vec_32d,1,0.8528215559574812
dD_cos_vec_32d,2,0.8419973926326065
dD_cos_vec_32d,3,0.8465739391481464
dD_cos_vec_32d,4,0.8369764308572758
dD_cos_vec_32d,5,0.8406895954412471
dD_cos_vec_32d,6,0.8471903259582576
dD_cos_vec_32d,7,0.8360692575829621
dD_cos_vec_32d,8,0.8469362396509151
dD_cos_vec_32d,9,0.8416033114732182
dD_cos_vec_32d,10,0.8474678026575424
dD_cos_vec_32d,11,0.8388564236721843
dD_cos_vec_32d,12,0.840955168649686
dD_cos_vec_32d,13,0.8477505407605277
dD_cos_vec_32d,14,0.8421907506541009
dD_cos_vec_32d,15,0.8418906863740919
dD_cos_vec_32d,16,0.8365922072645968
dD_cos_vec_32d,17,0.8475512902627151
dD_cos_vec_32d,18,0.8406425872441465
dD_cos_vec_32d,19,0.8517550050269803
dD_cos_vec_32d,20,0.8383778705550923
dD_cos_vec_32d,21,0.8513042698159885
dD_cos_vec_32d,22,0.8479467760255864
dD_cos_vec_32d,23,0.8379052402210885
dD_cos_vec_32d,24,0.8437240794143037
dD_cos_vec_32d,25,0.8428240359763977
dD_cos_vec_32d,26,0.8396565316688205
dD_cos_vec_32d,27,0.8440445725045652
dD_cos_vec_32d,28,0.8426556341526333
dD_cos_vec_32d,29,0.8481204930319236
dD_cos_vec_32d,30,0.8374591609123566
dD_cos_vec_32d,31,0.8365824873817291
dD_cos_vec_32d,32,0.8407992454571893
dD_cos_vec_32d,33,0.8494230593002892
dD_cos_vec_32d,34,0.8454462541213825
dD_cos_vec_32d,35,0.8409503847726671
dD_cos_vec_32d,36,0.8466714093753541
dD_cos_vec_32d,37,0.8444904423660614
dD_cos_vec_32d,38,0.8430897024156113
dD_cos_vec_32d,39,0.841654465225878
dD_cos_vec_32d,40,0.8394610477762134
dD_cos_vec_32d,41,0.8420355460753806
dD_cos_vec_32d,42,0.8465897838425311
dD_cos_vec_32d,43,0.8329410299072966
dD_cos_vec_32d,44,0.8508285257794692
dD_cos_vec_32d,45,0.8447071979925265
dD_cos_vec_32d,46,0.846507858687229
dD_cos_vec_32d,47,0.8447458527182166
dD_cos_vec_32d,48,0.8438595825234856
dD_cos_vec_32d,49,0.8454378726664478
dD_cos_vec_32d,50,0.8402393849929203
dD_cos_vec_32d,51,0.843584498750862
dD_cos_vec_32d,52,0.8483138399711865
dD_cos_vec_32d,53,0.8364540289256198
dD_cos_vec_32d,54,0.8416086530215136
dD_cos_vec_32d,55,0.8405324813211063
dD_cos_vec_32d,56,0.8515144815388018
dD_cos_vec_32d,57,0.8470150297319088
dD_cos_vec_32d,58,0.8393576354232626
dD_cos_vec_32d,59,0.8460269343600328
dD_cos_vec_32d,60,0.8416647981565722
dD_cos_vec_32d,61,0.8456171332900919
dD_cos_vec_32d,62,0.8513576060472345
dD_cos_vec_32d,63,0.8532854944714208
dD_cos_vec_32d,64,0.8463228382124521
dD_cos_vec_32d,65,0.8417776397993273
dD_cos_vec_32d,66,0.8488127710245414
dD_cos_vec_32d,67,0.8447852651793335
dD_cos_vec_32d,68,0.8441838843632155
dD_cos_vec_32d,69,0.8432920905936435
dD_cos_vec_32d,70,0.8323677272151098
dD_cos_vec_32d,71,0.842358526420716
dD_cos_vec_32d,72,0.8407152758451459
dD_cos_vec_32d,73,0.8423182360721618
dD_cos_vec_32d,74,0.8451409950229314
dD_cos_vec_32d,75,0.8439035137143878
dD_cos_vec_32d,76,0.8434104766976892
dD_cos_vec_32d,77,0.8486541525057653
dD_cos_vec_32d,78,0.8487223793137219
dD_cos_vec_32d,79,0.8455283392261301
dD_cos_vec_32d,80,0.8488982488435474
dD_cos_vec_32d,81,0.8447607215201595
dD_cos_vec_32d,82,0.8362907491333615
dD_cos_vec_32d,83,0.849615354279087
dD_cos_vec_32d,84,0.8421512331969534
dD_cos_vec_32d,85,0.8517973552214708
dD_cos_vec_32d,86,0.8448291931272429
dD_cos_vec_32d,87,0.8385335783793447
dD_cos_vec_32d,88,0.8460543688108542
dD_cos_vec_32d,89,0.8430907132902572
dD_cos_vec_32d,90,0.8349486054368969
dD_cos_vec_32d,91,0.8435765487324238
dD_cos_vec_32d,92,0.8467861223341759
dD_cos_vec_32d,93,0.8324356990788023
dD_cos_vec_32d,94,0.8466831549339757
dD_cos_vec_32d,95,0.8518870195100319
dD_cos_vec_32d,96,0.8571389889064494
dD_cos_vec_32d,97,0.8412286889931029
dD_cos_vec_32d,98,0.8395028540108612
dD_cos_vec_32d,99,0.8449500935024138
dD_cos_vec_32d,100,0.8498730616348263
dD_cos_vec_32d,101,0.8425016859803622
dD_cos_vec_32d,102,0.8473321766990948
dD_cos_vec_32d,103,0.834370980742076
dD_cos_vec_32d,104,0.84760214906939
dD_cos_vec_32d,105,0.8379593310528316
dD_cos_vec_32d,106,0.8464687493273537
dD_cos_vec_32d,107,0.8481127071179712
dD_cos_vec_32d,108,0.8548658868244272
dD_cos_vec_32d,109,0.8444815288490393
dD_cos_vec_32d,110,0.846388110264737
dD_cos_vec_32d,111,0.8502124684581401
dD_cos_vec_32d,112,0.8505116381229838
dD_cos_vec_32d,113,0.8442245766483005
dD_cos_vec_32d,114,0.8401271385455371
dD_cos_vec_32d,115,0.8377167825820604
dD_cos_vec_32d,116,0.8445059386107734
dD_cos_vec_32d,117,0.8499502093549134
dD_cos_vec_32d,118,0.8464042076626338
dD_cos_vec_32d,119,0.8406885881380928
dD_cos_vec_32d,120,0.8445551822870709
dD_cos_vec_32d,121,0.8392028419402571
dD_cos_vec_32d,122,0.8447908344901778
dD_cos_vec_32d,123,0.8445066360155583
dD_cos_vec_32d,124,0.8461889405482269
dD_cos_vec_32d,125,0.8418931077645545
dD_cos_vec_32d,126,0.8527639196802693
dD_cos_vec_32d,127,0.8361241112227292
dD_cos_vec_32d,128,0.844649317811108
dD_cos_vec_32d,129,0.8481072827029758
dD_cos_vec_32d,130,0.846429031654541
dD_cos_vec_32d,131,0.844780459040736
dD_cos_vec_32d,132,0.8459842744664101
dD_cos_vec_32d,133,0.8430334087453701
dD_cos_vec_32d,134,0.8490480218946693
dD_cos_vec_32d,135,0.8474201867393412
dD_cos_vec_32d,136,0.8459603800652216
dD_cos_vec_32d,137,0.8476017372508028
dD_cos_vec_32d,138,0.8415383693649915
dD_cos_vec_32d,139,0.8459794685359823
dD_cos_vec_32d,140,0.8448199572524653
dD_cos_vec_32d,141,0.8455844152154499
dD_cos_vec_32d,142,0.8359053814003581
dD_cos_vec_32d,143,0.8395837014344824
dD_cos_vec_32d,144,0.8384236858603675
dD_cos_vec_32d,145,0.8415886214030803
dD_cos_vec_32d,146,0.8427960600664701
dD_cos_vec_32d,147,0.8490517459179284
dD_cos_vec_32d,148,0.8363598454541072
dD_cos_vec_32d,149,0.8427779406855072
dD_cos_vec_32d,150,0.8443471172752354
dD_cos_vec_32d,151,0.8439782281181591
dD_cos_vec_32d,152,0.8454369646641826
dD_cos_vec_32d,153,0.83900502283719
dD_cos_vec_32d,154,0.8496039763897429
dD_cos_vec_32d,155,0.8458338283274773
dD_cos_vec_32d,156,0.8351863736888502
dD_cos_vec_32d,157,0.8392079840744613
dD_cos_vec_32d,158,0.8471452937338284
dD_cos_vec_32d,159,0.8445952616491883
dD_cos_vec_32d,160,0.8426557719622225
dD_cos_vec_32d,161,0.8493443403504488
dD_cos_vec_32d,162,0.839249307728247
dD_cos_vec_32d,163,0.8372906627197355
dD_cos_vec_32d,164,0.847383860546711
dD_cos_vec_32d,165,0.8469491789650365
dD_cos_vec_32d,166,0.8471423547674067
dD_cos_vec_32d,167,0.8496813068689346
dD_cos_vec_32d,168,0.8509622592863865
dD_cos_vec_32d,169,0.8357380519375126
dD_cos_vec_32d,170,0.849958379228398
dD_cos_vec_32d,171,0.8592340082574015
dD_cos_vec_32d,172,0.851130482407252
dD_cos_vec_32d,173,0.834644369039213
dD_cos_vec_32d,174,0.8542659887360875
dD_cos_vec_32d,175,0.8461498766406983
dD_cos_vec_32d,176,0.8461451754616713
dD_cos_vec_32d,177,0.8502110224013251
dD_cos_vec_32d,178,0.8489647214521863
dD_cos_vec_32d,179,0.844695524947904
dD_cos_vec_32d,180,0.8466362180957464
dD_cos_vec_32d,181,0.8367299277102633
dD_cos_vec_32d,182,0.8350896265637299
dD_cos_vec_32d,183,0.8429953226431176
dD_cos_vec_32d,184,0.847971456917108
dD_cos_vec_32d,185,0.8435328138857215
dD_cos_vec_32d,186,0.8489236801770793
dD_cos_vec_32d,187,0.8433739448834097
dD_cos_vec_32d,188,0.8471220467830165
dD_cos_vec_32d,189,0.8409578899075223
dD_cos_vec_32d,190,0.8484192074696574
dD_cos_vec_32d,191,0.8445374317740477
dD_cos_vec_32d,192,0.846760649045746
dD_cos_vec_32d,193,0.834333680858822
dD_cos_vec_32d,194,0.8438182451005798
dD_cos_vec_32d,195,0.8539123597012528
dD_cos_vec_32d,196,0.8436809731333009
dD_cos_vec_32d,197,0.8418288260244575
dD_cos_vec_32d,198,0.8467925753161658
dD_cos_vec_32d,199,0.8533692763012395
dD_cos_vec_32d,200,0.8500290290764179
dD_cos_vec_32d,201,0.8320373128852013
dD_cos_vec_32d,202,0.8412305692390599
dD_cos_vec_32d,203,0.84322049592144
dD_cos_vec_32d,204,0.8446998727719637
dD_cos_vec_32d,205,0.8382177867746718
dD_cos_vec_32d,206,0.838897288157539
dD_cos_vec_32d,207,0.8397243566034492
dD_cos_vec_32d,208,0.8399195341679374
dD_cos_vec_32d,209,0.8449980904728152
dD_cos_vec_32d,210,0.8404668918927031
dD_cos_vec_32d,211,0.8435423908161711
dD_cos_vec_32d,212,0.844802154097178
dD_cos_vec_32d,213,0.8421487475780146
dD_cos_vec_32d,214,0.8316187429476474
dD_cos_vec_32d,215,0.8539750100545326
dD_cos_vec_32d,216,0.8396839033316766
dD_cos_vec_32d,217,0.8438264202407826
dD_cos_vec_32d,218,0.852508302699962
dD_cos_vec_32d,219,0.8462722886231582
dD_cos_vec_32d,220,0.8335685633635418
dD_cos_vec_32d,221,0.8432852316666006
dD_cos_vec_32d,222,0.8443137762546713
dD_cos_vec_32d,223,0.843873448433001
dD_cos_vec_32d,224,0.8393392200337397
dD_cos_vec_32d,225,0.843482332033511
dD_cos_vec_32d,226,0.8385999619916381
dD_cos_vec_32d,227,0.8400266886473335
dD_cos_vec_32d,228,0.843665641824902
dD_cos_vec_32d,229,0.8471786524928016
dD_cos_vec_32d,230,0.8508979236111872
dD_cos_vec_32d,231,0.8330310069306633
dD_cos_vec_32d,232,0.8404480643760351
dD_cos_vec_32d,233,0.8452616223506312
dD_cos_vec_32d,234,0.8469966593157056
dD_cos_vec_32d,235,0.8512997428245719
dD_cos_vec_32d,236,0.8397196947930041
dD_cos_vec_32d,237,0.8436957599880182
dD_cos_vec_32d,238,0.8428129815246714
dD_cos_vec_32d,239,0.8449556624837153
dD_cos_vec_32d,240,0.848570022629097
dD_cos_vec_32d,241,0.841009070392666
dD_cos_vec_32d,242,0.8443416145938321
dD_cos_vec_32d,243,0.8464621178308979
dD_cos_vec_32d,244,0.8380391384208619
dD_cos_vec_32d,245,0.8414585799500345
dD_cos_vec_32d,246,0.848108952907095
dD_cos_vec_32d,247,0.8440145306755782
dD_cos_vec_32d,248,0.8384750023928182
dD_cos_vec_32d,249,0.8365456733814772
dD_cos_vec_32d,250,0.8390427946842698
dD_cos_vec_32d,251,0.85042062574252
dD_cos_vec_32d,252,0.8476478808672907
dD_cos_vec_32d,253,0.8425279215000377
dD_cos_vec_32d,254,0.8439886952706747
dD_cos_vec_32d,255,0.8370810214847949
dD_cos_vec_32d,256,0.8487873638047367
dD_cos_vec_32d,257,0.8454544342454147
dD_cos_vec_32d,258,0.8431464925075045
dD_cos_vec_32d,259,0.8548912459736934
dD_cos_vec_32d,260,0.8368935657749854
dD_cos_vec_32d,261,0.8474550849556489
dD_cos_vec_32d,262,0.8433385855473368
dD_cos_vec_32d,263,0.8505366698531334
dD_cos_vec_32d,264,0.8423102115798811
dD_cos_vec_32d,265,0.8419561010344091
dD_cos_vec_32d,266,0.8375811179424953
dD_cos_vec_32d,267,0.8390582076617984
dD_cos_vec_32d,268,0.8428354536910274
dD_cos_vec_32d,269,0.8431201635438528
dD_cos_vec_32d,270,0.8512850592615757
dD_cos_vec_32d,271,0.8408342565297054
dD_cos_vec_32d,272,0.8319116350946102
dD_cos_vec_32d,273,0.8430206451783506
dD_cos_vec_32d,274,0.8348319974420513
dD_cos_vec_32d,275,0.8439595105107106
dD_cos_vec_32d,276,0.8412432343617837
dD_cos_vec_32d,277,0.851439072951422
dD_cos_vec_32d,278,0.8372758008242455
dD_cos_vec_32d,279,0.8434941344433742
dD_cos_vec_32d,280,0.8349265926812977
dD_cos_vec_32d,281,0.8390002491759828
dD_cos_vec_32d,282,0.843808658381676
dD_cos_vec_32d,283,0.8475180961809343
dD_cos_vec_32d,284,0.8399627227274156
dD_cos_vec_32d,285,0.8476543646651482
dD_cos_vec_32d,286,0.8393216152455434
dD_cos_vec_32d,287,0.8462686647649144
dD_cos_vec_32d,288,0.8407078843959944
dD_cos_vec_32d,289,0.8418043341856944
dD_cos_vec_32d,290,0.8485724818303798
dD_cos_vec_32d,291,0.8389391725021191
dD_cos_vec_32d,292,0.8460316994346615
dD_cos_vec_32d,293,0.8405492665816328
dD_cos_vec_32d,294,0.8441812503548343
dD_cos_vec_32d,295,0.8454186350460363
dD_cos_vec_32d,296,0.8320256447537797
dD_cos_vec_32d,297,0.8354265999554584
dD_cos_vec_32d,298,0.8530999711598266
dD_cos_vec_32d,299,0.8424911618327167
dD_cos_vec_32d,300,0.839339349334794
dD_cos_vec_32d,301,0.8523963099981003
dD_cos_vec_32d,302,0.8367135727581637
dD_cos_vec_32d,303,0.8475821441966357
dD_cos_vec_32d,304,0.8497798354018995
dD_cos_vec_32d,305,0.8376995817447824
dD_cos_vec_32d,306,0.8404325752011323
dD_cos_vec_32d,307,0.8434887473072622
dD_cos_vec_32d,308,0.8478151256870851
dD_cos_vec_32d,309,0.8484613343957386
dD_cos_vec_32d,310,0.8406483464054361
dD_cos_vec_32d,311,0.8468526055898221
dD_cos_vec_32d,312,0.8469199216831448
dD_cos_vec_32d,313,0.8407339173969982
dD_cos_vec_32d,314,0.8317760635842404
dD_cos_vec_32d,315,0.8464409656062477
dD_cos_vec_32d,316,0.8469255098746404
dD_cos_vec_32d,317,0.8383745494818862
dD_cos_vec_32d,318,0.8377559390498531
dD_cos_vec_32d,319,0.8374581999102649
dD_cos_vec_32d,320,0.8493902908544727
dD_cos_vec_32d,321,0.836277699323777
dD_cos_vec_32d,322,0.844365249369704
dD_cos_vec_32d,323,0.8486147093360654
dD_cos_vec_32d,324,0.8474360883184218
dD_cos_vec_32d,325,0.8404364355748328
dD_cos_vec_32d,326,0.846413567178425
dD_cos_vec_32d,327,0.839635219223392
dD_cos_vec_32d,328,0.8473557107710017
dD_cos_vec_32d,329,0.8450216081627331
dD_cos_vec_32d,330,0.8352257460548638
dD_cos_vec_32d,331,0.8335910406178396
dD_cos_vec_32d,332,0.8388073008005472
dD_cos_vec_32d,333,0.8418136788995
dD_cos_vec_32d,334,0.8411493806524208
dD_cos_vec_32d,335,0.8459557552614365
dD_cos_vec_32d,336,0.8421475263845994
dD_cos_vec_32d,337,0.8444968296188058
dD_cos_vec_32d,338,0.8466768758989407
dD_cos_vec_32d,339,0.8371955317455733
dD_cos_vec_32d,340,0.8426284882009328
dD_cos_vec_32d,341,0.8409002822380438
dD_cos_vec_32d,342,0.8328175705035316
dD_cos_vec_32d,343,0.8453166970174961
dD_cos_vec_32d,344,0.8428284402011758
dD_cos_vec_32d,345,0.8426492079511108
dD_cos_vec_32d,346,0.8427389244306644
dD_cos_vec_32d,347,0.8385079294170203
dD_cos_vec_32d,348,0.8291107093663912
dD_cos_vec_32d,349,0.8455048816081429
dD_cos_vec_32d,350,0.8416610946748924
dD_cos_vec_32d,351,0.8448721813373744
dD_cos_vec_32d,352,0.831848046556594
dD_cos_vec_32d,353,0.8477632535327266
dD_cos_vec_32d,354,0.8477925413183703
dD_cos_vec_32d,355,0.842091611505291
dD_cos_vec_32d,356,0.8416518299616083
dD_cos_vec_32d,357,0.8443407460601277
dD_cos_vec_32d,358,0.8318565040995152
dD_cos_vec_32d,359,0.829944905318194
dD_cos_vec_32d,360,0.8331575689609235
dD_cos_vec_32d,361,0.843620659574623
dD_cos_vec_32d,362,0.8436512753592401
dD_cos_vec_32d,363,0.8393373690001532
dD_cos_vec_32d,364,0.8361783691975027
dD_cos_vec_32d,365,0.8484011109172438
dD_cos_vec_32d,366,0.8411326361100054
dD_cos_vec_32d,367,0.8500362133070444
dD_cos_vec_32d,368,0.8376633598023968
dD_cos_vec_32d,369,0.8329744433095203
dD_cos_vec_32d,370,0.8452234200587335
dD_cos_vec_32d,371,0.8429923983276321
dD_cos_vec_32d,372,0.8431616091534341
dD_cos_vec_32d,373,0.8422614134768898
dD_cos_vec_32d,374,0.8487861140056957
dD_cos_vec_32d,375,0.8508034170439855
dD_cos_vec_32d,376,0.8504834273187387
dD_cos_vec_32d,377,0.8422146313961574
dD_cos_vec_32d,378,0.8490770026264732
dD_cos_vec_32d,379,0.8476097749117497
dD_cos_vec_32d,380,0.8341660606795136
dD_cos_vec_32d,381,0.8451732182400744
dD_cos_vec_32d,382,0.8427811311877119
dD_cos_vec_32d,383,0.8509065458566997
dD_cos_vec_32d,384,0.8438254097701698
dD_cos_vec_32d,385,0.8462674934555718
dD_cos_vec_32d,386,0.8453589382099104
dD_cos_vec_32d,387,0.834487733802877
dD_cos_vec_32d,388,0.8474996549720116
dD_cos_vec_32d,389,0.8381808676453004
dD_cos_vec_32d,390,0.8364036415898789
dD_cos_vec_32d,391,0.8419818619366443
dD_cos_vec_32d,392,0.840152637115467
dD_cos_vec_32d,393,0.840589777461975
dD_cos_vec_32d,394,0.8383448234307352
dD_cos_vec_32d,395,0.8431707020369679
dD_cos_vec_32d,396,0.843332654589071
dD_cos_vec_32d,397,0.8420748323454605
dD_cos_vec_32d,398,0.8389112783737331
dD_cos_vec_32d,399,0.8407095601608602
dD_cos_vec_32d,400,0.8469379693165633
dD_cos_vec_32d,401,0.8467811546123525
dD_cos_vec_32d,402,0.8477468812021771
dD_cos_vec_32d,403,0.8411691736244253
dD_cos_vec_32d,404,0.8321434665650326
dD_cos_vec_32d,405,0.8445949250416132
dD_cos_vec_32d,406,0.844950796507601
dD_cos_vec_32d,407,0.847636365907166
dD_cos_vec_32d,408,0.8377012851682415
dD_cos_vec_32d,409,0.8443356988842771
dD_cos_vec_32d,410,0.846510251237215
dD_cos_vec_32d,411,0.8497653707720232
dD_cos_vec_32d,412,0.8441442520495268
dD_cos_vec_32d,413,0.8406055976322826
dD_cos_vec_32d,414,0.8402336455376456
dD_cos_vec_32d,415,0.8434267964821441
dD_cos_vec_32d,416,0.8420260637537313
dD_cos_vec_32d,417,0.8415618732877539
dD_cos_vec_32d,418,0.8418278945770776
dD_cos_vec_32d,419,0.8452631739402161
dD_cos_vec_32d,420,0.8478373362048871
dD_cos_vec_32d,421,0.8492158298307108
dD_cos_vec_32d,422,0.8434807219583189
dD_cos_vec_32d,423,0.8369690232033544
dD_cos_vec_32d,424,0.8409930845415934
dD_cos_vec_32d,425,0.8393173848011949
dD_cos_vec_32d,426,0.8477103812490279
dD_cos_vec_32d,427,0.8451025828875816
dD_cos_vec_32d,428,0.84103022984067
dD_cos_vec_32d,429,0.8432811147072954
dD_cos_vec_32d,430,0.8352810504833584
dD_cos_vec_32d,431,0.8410467181285838
dD_cos_vec_32d,432,0.8446111567655453
dD_cos_vec_32d,433,0.8450448394867134
dD_cos_vec_32d,434,0.8431869746878182
dD_cos_vec_32d,435,0.8480541002074897
dD_cos_vec_32d,436,0.8437107834942781
dD_cos_vec_32d,437,0.8436318605619206
dD_cos_vec_32d,438,0.8453679078561631
dD_cos_vec_32d,439,0.8568528408633992
dD_cos_vec_32d,440,0.8426395635986293
dD_cos_vec_32d,441,0.84377558180422
dD_cos_vec_32d,442,0.8502204321950746
dD_cos_vec_32d,443,0.8505166715475047
dD_cos_vec_32d,444,0.8439294421012198
dD_cos_vec_32d,445,0.842187046952928
dD_cos_vec_32d,446,0.8559665627972015
dD_cos_vec_32d,447,0.8506750646193071
dD_cos_vec_32d,448,0.8420865032026666
dD_cos_vec_32d,449,0.8429338356713264
dD_cos_vec_32d,450,0.8390427509440708
dD_cos_vec_32d,451,0.8448862408458515
dD_cos_vec_32d,452,0.8402190419170169
dD_cos_vec_32d,453,0.8406670331029069
dD_cos_vec_32d,454,0.8372421330401654
dD_cos_vec_32d,455,0.846383413562154
dD_cos_vec_32d,456,0.8465875970938097
dD_cos_vec_32d,457,0.8394758120454608
dD_cos_vec_32d,458,0.8534074226502109
dD_cos_vec_32d,459,0.839217358814446
dD_cos_vec_32d,460,0.8493827945077727
dD_cos_vec_32d,461,0.8462967368112209
dD_cos_vec_32d,462,0.8375766597513451
dD_cos_vec_32d,463,0.8441653751068808
dD_cos_vec_32d,464,0.853207526748371
dD_cos_vec_32d,465,0.8405594578199449
dD_cos_vec_32d,466,0.844554695297927
dD_cos_vec_32d,467,0.8511334726973268
dD_cos_vec_32d,468,0.849737938330094
dD_cos_vec_32d,469,0.8421957264480768
dD_cos_vec_32d,470,0.8396158428974211
dD_cos_vec_32d,471,0.8443404446103758
dD_cos_vec_32d,472,0.8450879132653931
dD_cos_vec_32d,473,0.831182320365285
dD_cos_vec_32d,474,0.8374014206207835
dD_cos_vec_32d,475,0.8395967621956589
dD_cos_vec_32d,476,0.8448230139830193
dD_cos_vec_32d,477,0.842932270845734
dD_cos_vec_32d,478,0.847790564550333
dD_cos_vec_32d,479,0.8414813845459092
dD_cos_vec_32d,480,0.8364461168965992
dD_cos_vec_32d,481,0.8347516428422879
dD_cos_vec_32d,482,0.8453197610090728
dD_cos_vec_32d,483,0.8444654401914468
dD_cos_vec_32d,484,0.846427789123958
dD_cos_vec_32d,485,0.8453189570015699
dD_cos_vec_32d,486,0.8443465064365565
dD_cos_vec_32d,487,0.8325682342360105
dD_cos_vec_32d,488,0.8487672602497236
dD_cos_vec_32d,489,0.8449117889521698
dD_cos_vec_32d,490,0.8494618609678374
dD_cos_vec_32d,491,0.8469284906458361
dD_cos_vec_32d,492,0.8484354906649706
dD_cos_vec_32d,493,0.8419171202415964
dD_cos_vec_32d,494,0.8440692660347152
dD_cos_vec_32d,495,0.8422724508552539
dD_cos_vec_32d,496,0.8441032288655378
dD_cos_vec_32d,497,0.8482253039778599
dD_cos_vec_32d,498,0.8416906355493485
dD_cos_vec_32d,499,0.8467251148971493
dD_cos_vec_32d,500,0.8557962001642585
dD_cos_vec_32d,501,0.844937871000039
dD_cos_vec_32d,502,0.8521261713955067
dD_cos_vec_32d,503,0.8381328359460405
dD_cos_vec_32d,504,0.8452970543077746
dD_cos_vec_32d,505,0.8501535264934372
dD_cos_vec_32d,506,0.8426255814154913
dD_cos_vec_32d,507,0.8364964068304303
dD_cos_vec_32d,508,0.8460845081834387
dD_cos_vec_32d,509,0.8370451457019716
dD_cos_vec_32d,510,0.8444325014873111
dD_cos_vec_32d,511,0.8418222237582539
dD_cos_vec_32d,512,0.8374420010920741
dD_cos_vec_32d,513,0.8371172157973263
dD_cos_vec_32d,514,0.8499340643464288
dD_cos_vec_32d,515,0.8461044187400759
dD_cos_vec_32d,516,0.8422465386991117
dD_cos_vec_32d,517,0.8478020947345795
dD_cos_vec_32d,518,0.8474337603658775
dD_cos_vec_32d,519,0.8478888304633597
dD_cos_vec_32d,520,0.8381580645651119
dD_cos_vec_32d,521,0.8420006510819189
dD_cos_vec_32d,522,0.8395805437219915
dD_cos_vec_32d,523,0.8422972190955862
dD_cos_vec_32d,524,0.8445542035317815
dD_cos_vec_32d,525,0.8491605894804611
dD_cos_vec_32d,526,0.8380252645907594
dD_cos_vec_32d,527,0.8496626685993985
dD_cos_vec_32d,528,0.8472729345698387
dD_cos_vec_32d,529,0.8316646396731133
dD_cos_vec_32d,530,0.8380551001849192
dD_cos_vec_32d,531,0.8371890977953833
dD_cos_vec_32d,532,0.8456780367799108
dD_cos_vec_32d,533,0.8450889174632441
dD_cos_vec_32d,534,0.8361512424662468
dD_cos_vec_32d,535,0.8377562195726558
dD_cos_vec_32d,536,0.8480933926152563
dD_cos_vec_32d,537,0.84696203019364
dD_cos_vec_32d,538,0.8549992756579546
dD_cos_vec_32d,539,0.8406438288178669
dD_cos_vec_32d,540,0.8409875146341566
dD_cos_vec_32d,541,0.8397710324863916
dD_cos_vec_32d,542,0.8528768370366338
dD_cos_vec_32d,543,0.8489716837704294
dD_cos_vec_32d,544,0.8378013998752817
dD_cos_vec_32d,545,0.8510420536063559
dD_cos_vec_32d,546,0.8387508530986343
dD_cos_vec_32d,547,0.84373264997824
dD_cos_vec_32d,548,0.8494699439890636
dD_cos_vec_32d,549,0.8491424799149961
dD_cos_vec_32d,550,0.8482666241291357
dD_cos_vec_32d,551,0.840649760205739
dD_cos_vec_32d,552,0.8417173625600467
dD_cos_vec_32d,553,0.8514794517336178
dD_cos_vec_32d,554,0.838524394081029
dD_cos_vec_32d,555,0.8344526982146424
dD_cos_vec_32d,556,0.846378134781425
dD_cos_vec_32d,557,0.8419067208179187
dD_cos_vec_32d,558,0.8428179884527797
dD_cos_vec_32d,559,0.8390565888347026
dD_cos_vec_32d,560,0.8420802808491166
dD_cos_vec_32d,561,0.844527084719457
dD_cos_vec_32d,562,0.8402459977749105
dD_cos_vec_32d,563,0.8382456357652388
dD_cos_vec_32d,564,0.8516568178849555
dD_cos_vec_32d,565,0.8453589336715293
dD_cos_vec_32d,566,0.8447015732651729
dD_cos_vec_32d,567,0.8471618931484265
dD_cos_vec_32d,568,0.8448265804849677
dD_cos_vec_32d,569,0.8469162325332295
dD_cos_vec_32d,570,0.8392681009625378
dD_cos_vec_32d,571,0.8467912796995959
dD_cos_vec_32d,572,0.8405795113744423
dD_cos_vec_32d,573,0.842274330410998
dD_cos_vec_32d,574,0.8459620229209084
dD_cos_vec_32d,575,0.8411660722988699
dD_cos_vec_32d,576,0.8423835066824091
dD_cos_vec_32d,577,0.8426857798951665
dD_cos_vec_32d,578,0.8517848493654946
dD_cos_vec_32d,579,0.8351051900837771
dD_cos_vec_32d,580,0.8399042631132895
dD_cos_vec_32d,581,0.8394087067901103
dD_cos_vec_32d,582,0.8491257968158747
dD_cos_vec_32d,583,0.8478857884654164
dD_cos_vec_32d,584,0.8429795057904115
dD_cos_vec_32d,585,0.8442844915804713
dD_cos_vec_32d,586,0.8465048174712921
dD_cos_vec_32d,587,0.8446623098931036
dD_cos_vec_32d,588,0.8412491043487798
dD_cos_vec_32d,589,0.8354019323246308
dD_cos_vec_32d,590,0.8474636737755823
dD_cos_vec_32d,591,0.837483235140781
dD_cos_vec_32d,592,0.8479915582533897
dD_cos_vec_32d,593,0.8520353170290285
dD_cos_vec_32d,594,0.84592795779821
dD_cos_vec_32d,595,0.8436179497413305
dD_cos_vec_32d,596,0.8411946074565722
dD_cos_vec_32d,597,0.837600227594692
dD_cos_vec_32d,598,0.8457487779681516
dD_cos_vec_32d,599,0.8317003139419265
dD_cos_vec_32d,600,0.8540413754334004
dD_cos_vec_32d,601,0.8423529695290788
dD_cos_vec_32d,602,0.8437611962939557
dD_cos_vec_32d,603,0.8404508030901274
dD_cos_vec_32d,604,0.84494568037
dD_cos_vec_32d,605,0.8485489182133426
dD_cos_vec_32d,606,0.8431021088731834
dD_cos_vec_32d,607,0.8508246374087927
dD_cos_vec_32d,608,0.8412133401236208
dD_cos_vec_32d,609,0.8436671920137788
dD_cos_vec_32d,610,0.84627726467885
dD_cos_vec_32d,611,0.8372119504730768
dD_cos_vec_32d,612,0.8372828014800908
dD_cos_vec_32d,613,0.8511096110539998
dD_cos_vec_32d,614,0.8451235668749635
dD_cos_vec_32d,615,0.8524369708148845
dD_cos_vec_32d,616,0.8441960612429579
dD_cos_vec_32d,617,0.8439196319237368
dD_cos_vec_32d,618,0.8469949432184581
dD_cos_vec_32d,619,0.8458802276298379
dD_cos_vec_32d,620,0.8476604097644371
dD_cos_vec_32d,621,0.8395152654162327
dD_cos_vec_32d,622,0.8490835961678462
dD_cos_vec_32d,623,0.8393299131244732
dD_cos_vec_32d,624,0.8509399210700826
dD_cos_vec_32d,625,0.8490979729601176
dD_cos_vec_32d,626,0.8498959976820895
dD_cos_vec_32d,627,0.8418608240085038
dD_cos_vec_32d,628,0.8388282216201264
dD_cos_vec_32d,629,0.8466302263729948
dD_cos_vec_32d,630,0.8411115909237699
dD_cos_vec_32d,631,0.840051965109141
dD_cos_vec_32d,632,0.8444905465752948
dD_cos_vec_32d,633,0.8440661706477997
dD_cos_vec_32d,634,0.8608503125125087
dD_cos_vec_32d,635,0.8388145285210649
dD_cos_vec_32d,636,0.8443000022495386
dD_cos_vec_32d,637,0.8471163459647799
dD_cos_vec_32d,638,0.8408765913562259
dD_cos_vec_32d,639,0.8440855212706251
dD_cos_vec_32d,640,0.8435071546057566
dD_cos_vec_32d,641,0.8373670705182219
dD_cos_vec_32d,642,0.8458520778342259
dD_cos_vec_32d,643,0.8421365546202504
dD_cos_vec_32d,644,0.8427143460366977
dD_cos_vec_32d,645,0.8502759693718864
dD_cos_vec_32d,646,0.8406225546596543
dD_cos_vec_32d,647,0.8532306222835346
dD_cos_vec_32d,648,0.8382779359773223
dD_cos_vec_32d,649,0.8477242440626211
dD_cos_vec_32d,650,0.8437819231257554
dD_cos_vec_32d,651,0.8504865182618381
dD_cos_vec_32d,652,0.8477389844556531
dD_cos_vec_32d,653,0.8350028918992353
dD_cos_vec_32d,654,0.8404818216060939
dD_cos_vec_32d,655,0.8436532836643804
dD_cos_vec_32d,656,0.8392315054518675
dD_cos_vec_32d,657,0.8356580464273011
dD_cos_vec_32d,658,0.8423507617789169
dD_cos_vec_32d,659,0.8462916071368902
dD_cos_vec_32d,660,0.8448905201681352
dD_cos_vec_32d,661,0.8474819863811083
dD_cos_vec_32d,662,0.8369926403117702
dD_cos_vec_32d,663,0.8408612285031856
dD_cos_vec_32d,664,0.8421523327156946
dD_cos_vec_32d,665,0.8386796447451104
dD_cos_vec_32d,666,0.8539895178335468
dD_cos_vec_32d,667,0.8404860023696354
dD_cos_vec_32d,668,0.8408030002206044
dD_cos_vec_32d,669,0.851133363865574
dD_cos_vec_32d,670,0.8479972435353808
dD_cos_vec_32d,671,0.8323049495796622
dD_cos_vec_32d,672,0.8469395835183298
dD_cos_vec_32d,673,0.8494263357313602
dD_cos_vec_32d,674,0.8418616221924373
dD_cos_vec_32d,675,0.8426760397851407
dD_cos_vec_32d,676,0.8403749877979054
dD_cos_vec_32d,677,0.8418854954385263
dD_cos_vec_32d,678,0.8499334156825981
dD_cos_vec_32d,679,0.8367486591303591
dD_cos_vec_32d,680,0.8404822599626216
dD_cos_vec_32d,681,0.8449314302348537
dD_cos_vec_32d,682,0.8367272068222141
dD_cos_vec_32d,683,0.8460015905642648
dD_cos_vec_32d,684,0.8413865618507577
dD_cos_vec_32d,685,0.8433033378119015
dD_cos_vec_32d,686,0.8471541954845001
dD_cos_vec_32d,687,0.843808957958031
dD_cos_vec_32d,688,0.8453674315883785
dD_cos_vec_32d,689,0.8431843946171171
dD_cos_vec_32d,690,0.8375307252765076
dD_cos_vec_32d,691,0.8368521519502014
dD_cos_vec_32d,692,0.8378338000686266
dD_cos_vec_32d,693,0.8471921681031463
dD_cos_vec_32d,694,0.8430480506608571
dD_cos_vec_32d,695,0.838964461804767
dD_cos_vec_32d,696,0.8488273054582842
dD_cos_vec_32d,697,0.8404267977232536
dD_cos_vec_32d,698,0.8412716019086918
dD_cos_vec_32d,699,0.8345254626398091
dD_cos_vec_32d,700,0.8454441450709537
dD_cos_vec_32d,701,0.8491147452855834
dD_cos_vec_32d,702,0.8417054367974579
dD_cos_vec_32d,703,0.8432772582086152
dD_cos_vec_32d,704,0.843956586477634
dD_cos_vec_32d,705,0.8376040525190982
dD_cos_vec_32d,706,0.8393941173869931
dD_cos_vec_32d,707,0.8562791635360549
dD_cos_vec_32d,708,0.8463405111856898
dD_cos_vec_32d,709,0.8465783425181828
dD_cos_vec_32d,710,0.8463073426373062
dD_cos_vec_32d,711,0.8432139665532271
dD_cos_vec_32d,712,0.8384002259947124
dD_cos_vec_32d,713,0.8451466957059348
dD_cos_vec_32d,714,0.8460323570426691
dD_cos_vec_32d,715,0.8327295109694871
dD_cos_vec_32d,716,0.8314388191736339
dD_cos_vec_32d,717,0.8380381486619006
dD_cos_vec_32d,718,0.844419589912845
dD_cos_vec_32d,719,0.8361742690689971
dD_cos_vec_32d,720,0.8504773865178434
dD_cos_vec_32d,721,0.8509779802504713
dD_cos_vec_32d,722,0.8459657981671804
dD_cos_vec_32d,723,0.8363781754617134
dD_cos_vec_32d,724,0.8408980225630625
dD_cos_vec_32d,725,0.8438467855003952
dD_cos_vec_32d,726,0.8370278261612427
dD_cos_vec_32d,727,0.8370843446509546
dD_cos_vec_32d,728,0.8427580659511757
dD_cos_vec_32d,729,0.8427327605230074
dD_cos_vec_32d,730,0.8384746837361571
dD_cos_vec_32d,731,0.8491791869967027
dD_cos_vec_32d,732,0.849835484350068
dD_cos_vec_32d,733,0.8332438556910721
dD_cos_vec_32d,734,0.8457490678805271
dD_cos_vec_32d,735,0.845587332255707
dD_cos_vec_32d,736,0.8450228121519534
dD_cos_vec_32d,737,0.8377521376501893
dD_cos_vec_32d,738,0.8390832490731377
dD_cos_vec_32d,739,0.849503659471907
dD_cos_vec_32d,740,0.8468571634347035
dD_cos_vec_32d,741,0.8375145119575491
dD_cos_vec_32d,742,0.8412680534776639
dD_cos_vec_32d,743,0.8336854282264805
dD_cos_vec_32d,744,0.8369676846990718
dD_cos_vec_32d,745,0.8395317665583958
dD_cos_vec_32d,746,0.835579941934974
dD_cos_vec_32d,747,0.8453567568873757
dD_cos_vec_32d,748,0.8391530292476894
dD_cos_vec_32d,749,0.8384292563664129
dD_cos_vec_32d,750,0.8463205669964555
dD_cos_vec_32d,751,0.8480644241670183
dD_cos_vec_32d,752,0.8325109172743453
dD_cos_vec_32d,753,0.8331506152982413
dD_cos_vec_32d,754,0.8370935868116202
dD_cos_vec_32d,755,0.836536523244594
dD_cos_vec_32d,756,0.8446217948409058
dD_cos_vec_32d,757,0.8381905053936055
dD_cos_vec_32d,758,0.8396136561680689
dD_cos_vec_32d,759,0.8331296094092997
dD_cos_vec_32d,760,0.8502676153886627
dD_cos_vec_32d,761,0.8471350885351869
dD_cos_vec_32d,762,0.841243181964834
dD_cos_vec_32d,763,0.8412510953376722
dD_cos_vec_32d,764,0.8452513659286892
dD_cos_vec_32d,765,0.8450953716925405
dD_cos_vec_32d,766,0.846290965375271
dD_cos_vec_32d,767,0.8490063599066604
dD_cos_vec_32d,768,0.8450131915069437
dD_cos_vec_32d,769,0.8431031713522417
dD_cos_vec_32d,770,0.8410378266935132
dD_cos_vec_32d,771,0.8409397646865209
dD_cos_vec_32d,772,0.8354118976671577
dD_cos_vec_32d,773,0.8501312557232129
dD_cos_vec_32d,774,0.8451587680153649
dD_cos_vec_32d,775,0.8470767815110243
dD_cos_vec_32d,776,0.8362744961232442
dD_cos_vec_32d,777,0.8431521845793284
dD_cos_vec_32d,778,0.8504057392402542
dD_cos_vec_32d,779,0.8441958657675145
dD_cos_vec_32d,780,0.8467998320322797
dD_cos_vec_32d,781,0.8332182429509741
dD_cos_vec_32d,782,0.8458501381099112
dD_cos_vec_32d,783,0.8434479979782893
dD_cos_vec_32d,784,0.8466700179113875
dD_cos_vec_32d,785,0.8487229097462611
dD_cos_vec_32d,786,0.8433593160978723
dD_cos_vec_32d,787,0.8501162230491226
dD_cos_vec_32d,788,0.8425325207915928
dD_cos_vec_32d,789,0.8489585219380824
dD_cos_vec_32d,790,0.8475085862211587
dD_cos_vec_32d,791,0.8472962228660189
dD_cos_vec_32d,792,0.8366064841100441
dD_cos_vec_32d,793,0.8423978250603744
dD_cos_vec_32d,794,0.8460312277072778
dD_cos_vec_32d,795,0.838087340546126
dD_cos_vec_32d,796,0.8391564107265652
dD_cos_vec_32d,797,0.8449635252244004
dD_cos_vec_32d,798,0.8419640618777728
dD_cos_vec_32d,799,0.8459405537632656
dD_cos_vec_32d,800,0.8416207089904332
dD_cos_vec_32d,801,0.8453440101287302
dD_cos_vec_32d,802,0.8410487387501584
dD_cos_vec_32d,803,0.8500809029599062
dD_cos_vec_32d,804,0.8314406624307085
dD_cos_vec_32d,805,0.8493541757956409
dD_cos_vec_32d,806,0.8458554132056788
dD_cos_vec_32d,807,0.8383450464750103
dD_cos_vec_32d,808,0.8435794327327669
dD_cos_vec_32d,809,0.8394134830884394
dD_cos_vec_32d,810,0.8440885699727994
dD_cos_vec_32d,811,0.8391154772467994
dD_cos_vec_32d,812,0.8488316520067558
dD_cos_vec_32d,813,0.8464863115717542
dD_cos_vec_32d,814,0.8476548614832297
dD_cos_vec_32d,815,0.8503197242372529
dD_cos_vec_32d,816,0.8485978235006335
dD_cos_vec_32d,817,0.846221161586477
dD_cos_vec_32d,818,0.8358890237067083
dD_cos_vec_32d,819,0.8551431638643896
dD_cos_vec_32d,820,0.8424870217751383
dD_cos_vec_32d,821,0.8480647316826653
dD_cos_vec_32d,822,0.8375553029372005
dD_cos_vec_32d,823,0.8522146659906199
dD_cos_vec_32d,824,0.8383826836278533
dD_cos_vec_32d,825,0.8439750051819758
dD_cos_vec_32d,826,0.8418403218521298
dD_cos_vec_32d,827,0.84352077136677
dD_cos_vec_32d,828,0.8502981339322474
dD_cos_vec_32d,829,0.8376880146965665
dD_cos_vec_32d,830,0.8388708440453125
dD_cos_vec_32d,831,0.8500557343763406
dD_cos_vec_32d,832,0.8384453234112667
dD_cos_vec_32d,833,0.8393876970784359
dD_cos_vec_32d,834,0.8414219674397948
dD_cos_vec_32d,835,0.8534229054218553
dD_cos_vec_32d,836,0.8390484115226965
dD_cos_vec_32d,837,0.8477574320999668
dD_cos_vec_32d,838,0.8460064382896015
dD_cos_vec_32d,839,0.8526816852802583
dD_cos_vec_32d,840,0.8437277016025244
dD_cos_vec_32d,841,0.8419882910467135
dD_cos_vec_32d,842,0.8410678188364293
dD_cos_vec_32d,843,0.8450980556657515
dD_cos_vec_32d,844,0.8436908137018777
dD_cos_vec_32d,845,0.8482349380018464
dD_cos_vec_32d,846,0.8433840172091556
dD_cos_vec_32d,847,0.8371542440056445
dD_cos_vec_32d,848,0.8563236535710133
dD_cos_vec_32d,849,0.845081417045219
dD_cos_vec_32d,850,0.8389561075177515
dD_cos_vec_32d,851,0.8447554386266267
dD_cos_vec_32d,852,0.8403906224587712
dD_cos_vec_32d,853,0.8438519825709718
dD_cos_vec_32d,854,0.8410974477518617
dD_cos_vec_32d,855,0.8481409860360687
dD_cos_vec_32d,856,0.8502138739402577
dD_cos_vec_32d,857,0.8391516018720315
dD_cos_vec_32d,858,0.8473438009015613
dD_cos_vec_32d,859,0.8372212853692664
dD_cos_vec_32d,860,0.850193521342769
dD_cos_vec_32d,861,0.8420553703808288
dD_cos_vec_32d,862,0.8534959892010494
dD_cos_vec_32d,863,0.8425095855629372
dD_cos_vec_32d,864,0.8437740980983389
dD_cos_vec_32d,865,0.8422487653585959
dD_cos_vec_32d,866,0.8489807126420397
dD_cos_vec_32d,867,0.8414915075772958
dD_cos_vec_32d,868,0.8340542770491005
dD_cos_vec_32d,869,0.8441635969384397
dD_cos_vec_32d,870,0.8421596476271345
dD_cos_vec_32d,871,0.8388595171633714
dD_cos_vec_32d,872,0.8470504208804264
dD_cos_vec_32d,873,0.8448750365846354
dD_cos_vec_32d,874,0.8443502351990476
dD_cos_vec_32d,875,0.8482133102003027
dD_cos_vec_32d,876,0.8469301740113224
dD_cos_vec_32d,877,0.8421246912854007
dD_cos_vec_32d,878,0.8352855982542153
dD_cos_vec_32d,879,0.8442182176039608
dD_cos_vec_32d,880,0.8491108732146928
dD_cos_vec_32d,881,0.8463467322942303
dD_cos_vec_32d,882,0.8445376165918629
dD_cos_vec_32d,883,0.8477109366766915
dD_cos_vec_32d,884,0.8420484886306414
dD_cos_vec_32d,885,0.8377789946325586
dD_cos_vec_32d,886,0.8422129982950395
dD_cos_vec_32d,887,0.833367726586935
dD_cos_vec_32d,888,0.8479915792630219
dD_cos_vec_32d,889,0.8501580326857848
dD_cos_vec_32d,890,0.8423208817190055
dD_cos_vec_32d,891,0.845976985870508
dD_cos_vec_32d,892,0.852349318311408
dD_cos_vec_32d,893,0.8367927146142974
dD_cos_vec_32d,894,0.8431285877691206
dD_cos_vec_32d,895,0.8511979252963127
dD_cos_vec_32d,896,0.8556579750756143
dD_cos_vec_32d,897,0.8389801133591387
dD_cos_vec_32d,898,0.8402026706672602
dD_cos_vec_32d,899,0.8529444904680425
dD_cos_vec_32d,900,0.8424298264556316
dD_cos_vec_32d,901,0.8455844526191812
dD_cos_vec_32d,902,0.8464327268852366
dD_cos_vec_32d,903,0.8460823312318462
dD_cos_vec_32d,904,0.8382150519907146
dD_cos_vec_32d,905,0.846801554093684
dD_cos_vec_32d,906,0.8368838445304035
dD_cos_vec_32d,907,0.841378365200258
dD_cos_vec_32d,908,0.8456592487161604
dD_cos_vec_32d,909,0.8475340709112101
dD_cos_vec_32d,910,0.8470688526638577
dD_cos_vec_32d,911,0.8457434435575827
dD_cos_vec_32d,912,0.8370853452418132
dD_cos_vec_32d,913,0.8408491445717308
dD_cos_vec_32d,914,0.8407345355590756
dD_cos_vec_32d,915,0.8482230383899778
dD_cos_vec_32d,916,0.8391599169462307
dD_cos_vec_32d,917,0.8460755855555704
dD_cos_vec_32d,918,0.8409773495754136
dD_cos_vec_32d,919,0.8371375690103109
dD_cos_vec_32d,920,0.8435154824842279
dD_cos_vec_32d,921,0.8497036046691268
dD_cos_vec_32d,922,0.8534165096013347
dD_cos_vec_32d,923,0.8436318426984828
dD_cos_vec_32d,924,0.8445190333700824
dD_cos_vec_32d,925,0.8443467854294947
dD_cos_vec_32d,926,0.8374714270606057
dD_cos_vec_32d,927,0.8470919992819557
dD_cos_vec_32d,928,0.8348490133727173
dD_cos_vec_32d,929,0.8442446842055795
dD_cos_vec_32d,930,0.848399144759387
dD_cos_vec_32d,931,0.8480991515362556
dD_cos_vec_32d,932,0.8450809686351364
dD_cos_vec_32d,933,0.8433034790992481
dD_cos_vec_32d,934,0.8446141055520306
dD_cos_vec_32d,935,0.8413282509162641
dD_cos_vec_32d,936,0.8444639392510555
dD_cos_vec_32d,937,0.8448686224066242
dD_cos_vec_32d,938,0.8371914567728408
dD_cos_vec_32d,939,0.8430564429132843
dD_cos_vec_32d,940,0.8556508627364062
dD_cos_vec_32d,941,0.8463832973293939
dD_cos_vec_32d,942,0.8487315224264139
dD_cos_vec_32d,943,0.8433403387678523
dD_cos_vec_32d,944,0.8459837597435064
dD_cos_vec_32d,945,0.8439899547302486
dD_cos_vec_32d,946,0.8421041565936407
dD_cos_vec_32d,947,0.8436820277980238
dD_cos_vec_32d,948,0.8437505003732308
dD_cos_vec_32d,949,0.8383992237659476
dD_cos_vec_32d,950,0.8418784213139431
dD_cos_vec_32d,951,0.8487290207724743
dD_cos_vec_32d,952,0.8471886672856751
dD_cos_vec_32d,953,0.8449925773551257
dD_cos_vec_32d,954,0.8529117125110914
dD_cos_vec_32d,955,0.8470388989292361
dD_cos_vec_32d,956,0.8414052140236639
dD_cos_vec_32d,957,0.8480867684377326
dD_cos_vec_32d,958,0.8503547296656435
dD_cos_vec_32d,959,0.8452941361135395
dD_cos_vec_32d,960,0.8428796123865347
dD_cos_vec_32d,961,0.8507514485957312
dD_cos_vec_32d,962,0.8406860237735483
dD_cos_vec_32d,963,0.8534169833792259
dD_cos_vec_32d,964,0.8445874192322311
dD_cos_vec_32d,965,0.8455019198084104
dD_cos_vec_32d,966,0.8445617725136806
dD_cos_vec_32d,967,0.8417466381370439
dD_cos_vec_32d,968,0.8463935902069656
dD_cos_vec_32d,969,0.847362217866392
dD_cos_vec_32d,970,0.8462878583812945
dD_cos_vec_32d,971,0.8395630832323513
dD_cos_vec_32d,972,0.8375603499553332
dD_cos_vec_32d,973,0.8412857979991302
dD_cos_vec_32d,974,0.8475358566289917
dD_cos_vec_32d,975,0.8456795215940565
dD_cos_vec_32d,976,0.8498646866590357
dD_cos_vec_32d,977,0.8421018508959404
dD_cos_vec_32d,978,0.8396656178715756
dD_cos_vec_32d,979,0.8478066245482603
dD_cos_vec_32d,980,0.8457632846064225
dD_cos_vec_32d,981,0.8380961694360783
dD_cos_vec_32d,982,0.8450460255535713
dD_cos_vec_32d,983,0.8426851162786
dD_cos_vec_32d,984,0.8395710384139601
dD_cos_vec_32d,985,0.8503355145047806
dD_cos_vec_32d,986,0.8516424644354688
dD_cos_vec_32d,987,0.8476055451631623
dD_cos_vec_32d,988,0.8516066134887603
dD_cos_vec_32d,989,0.8475513689990513
dD_cos_vec_32d,990,0.8418393218291386
dD_cos_vec_32d,991,0.8454984627125259
dD_cos_vec_32d,992,0.8437413437430856
dD_cos_vec_32d,993,0.8494884125044726
dD_cos_vec_32d,994,0.837761053093174
dD_cos_vec_32d,995,0.8443563890231133
dD_cos_vec_32d,996,0.8438217764228301
dD_cos_vec_32d,997,0.8447367436200942
dD_cos_vec_32d,998,0.8512261287721796
dD_cos_vec_32d,999,0.8426687326917217
dD_jsd_vec_32d,0,0.8162176936240605
dD_jsd_vec_32d,1,0.8244451331109881
dD_jsd_vec_32d,2,0.8255287664856794
dD_jsd_vec_32d,3,0.816838700353322
dD_jsd_vec_32d,4,0.8131282682601879
dD_jsd_vec_32d,5,0.8219274991974646
dD_jsd_vec_32d,6,0.8231080006503767
dD_jsd_vec_32d,7,0.8228314108028917
dD_jsd_vec_32d,8,0.8269527058646777
dD_jsd_vec_32d,9,0.8221897173145438
dD_jsd_vec_32d,10,0.8214635884816748
dD_jsd_vec_32d,11,0.8224147014015122
dD_jsd_vec_32d,12,0.8235032504834259
dD_jsd_vec_32d,13,0.8221542139792887
dD_jsd_vec_32d,14,0.820417761468448
dD_jsd_vec_32d,15,0.8221644832120657
dD_jsd_vec_32d,16,0.8227479947943448
dD_jsd_vec_32d,17,0.8233622029757939
dD_jsd_vec_32d,18,0.8239876221368351
dD_jsd_vec_32d,19,0.8262708738227129
dD_jsd_vec_32d,20,0.8209662878619465
dD_jsd_vec_32d,21,0.8250167675258754
dD_jsd_vec_32d,22,0.8216550947573431
dD_jsd_vec_32d,23,0.8239870396849032
dD_jsd_vec_32d,24,0.8202154160945945
dD_jsd_vec_32d,25,0.8230120952359468
dD_jsd_vec_32d,26,0.8202887758542712
dD_jsd_vec_32d,27,0.8218589672390164
dD_jsd_vec_32d,28,0.8116606774709667
dD_jsd_vec_32d,29,0.8225455496235692
dD_jsd_vec_32d,30,0.8267076741079189
dD_jsd_vec_32d,31,0.8242309395714897
dD_jsd_vec_32d,32,0.8229815812090185
dD_jsd_vec_32d,33,0.822340389819042
dD_jsd_vec_32d,34,0.8313691648902317
dD_jsd_vec_32d,35,0.8219614415201718
dD_jsd_vec_32d,36,0.8124545834990593
dD_jsd_vec_32d,37,0.804001061820057
dD_jsd_vec_32d,38,0.82149121639353
dD_jsd_vec_32d,39,0.8340868491068034
dD_jsd_vec_32d,40,0.82256165865226
dD_jsd_vec_32d,41,0.8189209467294182
dD_jsd_vec_32d,42,0.819762539117598
dD_jsd_vec_32d,43,0.8163344044946448
dD_jsd_vec_32d,44,0.8179977992277967
dD_jsd_vec_32d,45,0.8268743476127425
dD_jsd_vec_32d,46,0.820460104865187
dD_jsd_vec_32d,47,0.8225175865749504
dD_jsd_vec_32d,48,0.8178250040938501
dD_jsd_vec_32d,49,0.8184301524057689
dD_jsd_vec_32d,50,0.8131738605934181
dD_jsd_vec_32d,51,0.8227172383147983
dD_jsd_vec_32d,52,0.8213782481936874
dD_jsd_vec_32d,53,0.8255954248429127
dD_jsd_vec_32d,54,0.8199366567551599
dD_jsd_vec_32d,55,0.8202689192673445
dD_jsd_vec_32d,56,0.8230896483693846
dD_jsd_vec_32d,57,0.8237373159178029
dD_jsd_vec_32d,58,0.8189641538930319
dD_jsd_vec_32d,59,0.8281229965017716
dD_jsd_vec_32d,60,0.8314803704103878
dD_jsd_vec_32d,61,0.8114296579382609
dD_jsd_vec_32d,62,0.8224742917944723
dD_jsd_vec_32d,63,0.8296310443645633
dD_jsd_vec_32d,64,0.819252189775443
dD_jsd_vec_32d,65,0.8215214451440277
dD_jsd_vec_32d,66,0.8311218567700335
dD_jsd_vec_32d,67,0.8258923571688783
dD_jsd_vec_32d,68,0.8119651158716344
dD_jsd_vec_32d,69,0.8199795255754351
dD_jsd_vec_32d,70,0.8190605559455473
dD_jsd_vec_32d,71,0.8212977596071827
dD_jsd_vec_32d,72,0.827647703094589
dD_jsd_vec_32d,73,0.8302413277615899
dD_jsd_vec_32d,74,0.8171558996147702
dD_jsd_vec_32d,75,0.8268487020545624
dD_jsd_vec_32d,76,0.8197088664995218
dD_jsd_vec_32d,77,0.8295714862885075
dD_jsd_vec_32d,78,0.818774103628584
dD_jsd_vec_32d,79,0.8181507547305338
dD_jsd_vec_32d,80,0.8242421807184934
dD_jsd_vec_32d,81,0.8163646590418916
dD_jsd_vec_32d,82,0.8160424406957536
dD_jsd_vec_32d,83,0.8261507122849563
dD_jsd_vec_32d,84,0.8149731744058708
dD_jsd_vec_32d,85,0.8172205135451935
dD_jsd_vec_32d,86,0.824564453133054
dD_jsd_vec_32d,87,0.8246480960557985
dD_jsd_vec_32d,88,0.8218146887168198
dD_jsd_vec_32d,89,0.8261192816357926
dD_jsd_vec_32d,90,0.8253358305000363
dD_jsd_vec_32d,91,0.8274520154064865
dD_jsd_vec_32d,92,0.8197404273299881
dD_jsd_vec_32d,93,0.826524872833157
dD_jsd_vec_32d,94,0.8258857303305025
dD_jsd_vec_32d,95,0.8319289658260338
dD_jsd_vec_32d,96,0.8235799952454722
dD_jsd_vec_32d,97,0.8150573821844692
dD_jsd_vec_32d,98,0.8221416207924299
dD_jsd_vec_32d,99,0.8210251854337294
dD_jsd_vec_32d,100,0.8359750081917847
dD_jsd_vec_32d,101,0.8257707038094307
dD_jsd_vec_32d,102,0.8205923431046357
dD_jsd_vec_32d,103,0.8221733637412254
dD_jsd_vec_32d,104,0.8178702999423968
dD_jsd_vec_32d,105,0.8233041308055122
dD_jsd_vec_32d,106,0.8244014686547593
dD_jsd_vec_32d,107,0.8217873316027814
dD_jsd_vec_32d,108,0.831034651974828
dD_jsd_vec_32d,109,0.8153990286924471
dD_jsd_vec_32d,110,0.8265161412181978
dD_jsd_vec_32d,111,0.8308153846416964
dD_jsd_vec_32d,112,0.8177115961733206
dD_jsd_vec_32d,113,0.8196671486653353
dD_jsd_vec_32d,114,0.8129504734023827
dD_jsd_vec_32d,115,0.8297554970493122
dD_jsd_vec_32d,116,0.8275010301721746
dD_jsd_vec_32d,117,0.8184889069471345
dD_jsd_vec_32d,118,0.8147898514845069
dD_jsd_vec_32d,119,0.8134383932984464
dD_jsd_vec_32d,120,0.8228822159587688
dD_jsd_vec_32d,121,0.8146171586247513
dD_jsd_vec_32d,122,0.8144608163128986
dD_jsd_vec_32d,123,0.8220459578060778
dD_jsd_vec_32d,124,0.8186904682229543
dD_jsd_vec_32d,125,0.8201066698254541
dD_jsd_vec_32d,126,0.8167548999551382
dD_jsd_vec_32d,127,0.8224224589544391
dD_jsd_vec_32d,128,0.812894553936871
dD_jsd_vec_32d,129,0.830920886252017
dD_jsd_vec_32d,130,0.8325937754603638
dD_jsd_vec_32d,131,0.8237059008573631
dD_jsd_vec_32d,132,0.8189762694700432
dD_jsd_vec_32d,133,0.8230308035241092
dD_jsd_vec_32d,134,0.830440131444401
dD_jsd_vec_32d,135,0.8169820328649076
dD_jsd_vec_32d,136,0.8280996772857013
dD_jsd_vec_32d,137,0.822142891363018
dD_jsd_vec_32d,138,0.8251256862869022
dD_jsd_vec_32d,139,0.8259452780166892
dD_jsd_vec_32d,140,0.8221030279114362
dD_jsd_vec_32d,141,0.8309736668305916
dD_jsd_vec_32d,142,0.8205843221584493
dD_jsd_vec_32d,143,0.8311454069229443
dD_jsd_vec_32d,144,0.8296586411190544
dD_jsd_vec_32d,145,0.8228750049004544
dD_jsd_vec_32d,146,0.8229495091934831
dD_jsd_vec_32d,147,0.8317374796949997
dD_jsd_vec_32d,148,0.8258172466686132
dD_jsd_vec_32d,149,0.8181244847394047
dD_jsd_vec_32d,150,0.8231492670989666
dD_jsd_vec_32d,151,0.8230019550698997
dD_jsd_vec_32d,152,0.8208159084038622
dD_jsd_vec_32d,153,0.8131888948911208
dD_jsd_vec_32d,154,0.8258785823951114
dD_jsd_vec_32d,155,0.8198880012535787
dD_jsd_vec_32d,156,0.8240088970092755
dD_jsd_vec_32d,157,0.8276634627607353
dD_jsd_vec_32d,158,0.8287871373707381
dD_jsd_vec_32d,159,0.8216772361707008
dD_jsd_vec_32d,160,0.8193336797368547
dD_jsd_vec_32d,161,0.8241379158060229
dD_jsd_vec_32d,162,0.8212486642004193
dD_jsd_vec_32d,163,0.822870074729943
dD_jsd_vec_32d,164,0.8177470415335206
dD_jsd_vec_32d,165,0.8105784970936175
dD_jsd_vec_32d,166,0.8233402142766114
dD_jsd_vec_32d,167,0.8247931985294118
dD_jsd_vec_32d,168,0.8207267555996687
dD_jsd_vec_32d,169,0.814379024768396
dD_jsd_vec_32d,170,0.8161879922058944
dD_jsd_vec_32d,171,0.8240461331129314
dD_jsd_vec_32d,172,0.8201258827990935
dD_jsd_vec_32d,173,0.814980531044555
dD_jsd_vec_32d,174,0.8334402592803906
dD_jsd_vec_32d,175,0.8222446813637542
dD_jsd_vec_32d,176,0.8235377980899995
dD_jsd_vec_32d,177,0.818394476089721
dD_jsd_vec_32d,178,0.8193246947673976
dD_jsd_vec_32d,179,0.8287193956425647
dD_jsd_vec_32d,180,0.8196729963312942
dD_jsd_vec_32d,181,0.8154175431741214
dD_jsd_vec_32d,182,0.8213974484374715
dD_jsd_vec_32d,183,0.8225252304747193
dD_jsd_vec_32d,184,0.8259599046087813
dD_jsd_vec_32d,185,0.8265858131133367
dD_jsd_vec_32d,186,0.8232625348508399
dD_jsd_vec_32d,187,0.8337986498333598
dD_jsd_vec_32d,188,0.8302424870241374
dD_jsd_vec_32d,189,0.8180827223279961
dD_jsd_vec_32d,190,0.8163806073080137
dD_jsd_vec_32d,191,0.8178274172733655
dD_jsd_vec_32d,192,0.832662903560283
dD_jsd_vec_32d,193,0.823137920115886
dD_jsd_vec_32d,194,0.8253563947733397
dD_jsd_vec_32d,195,0.8268316816558999
dD_jsd_vec_32d,196,0.821556065895779
dD_jsd_vec_32d,197,0.8149149325789966
dD_jsd_vec_32d,198,0.8176905988735979
dD_jsd_vec_32d,199,0.8185992847666658
dD_jsd_vec_32d,200,0.8230421982733166
dD_jsd_vec_32d,201,0.8142196619083852
dD_jsd_vec_32d,202,0.8152273196326623
dD_jsd_vec_32d,203,0.8234941114409016
dD_jsd_vec_32d,204,0.8193557419323297
dD_jsd_vec_32d,205,0.8248931066596908
dD_jsd_vec_32d,206,0.8214397029631064
dD_jsd_vec_32d,207,0.8233656237213374
dD_jsd_vec_32d,208,0.8241990979947377
dD_jsd_vec_32d,209,0.8210177730737992
dD_jsd_vec_32d,210,0.8193267109292598
dD_jsd_vec_32d,211,0.8098404582020782
dD_jsd_vec_32d,212,0.8190857284513947
dD_jsd_vec_32d,213,0.8183831208440541
dD_jsd_vec_32d,214,0.8188007188186484
dD_jsd_vec_32d,215,0.8248785342063794
dD_jsd_vec_32d,216,0.8198356825281474
dD_jsd_vec_32d,217,0.8236618270430612
dD_jsd_vec_32d,218,0.8215852410097798
dD_jsd_vec_32d,219,0.8213652205712003
dD_jsd_vec_32d,220,0.8189874288194597
dD_jsd_vec_32d,221,0.8193604405081968
dD_jsd_vec_32d,222,0.8239793723116058
dD_jsd_vec_32d,223,0.8253718541252204
dD_jsd_vec_32d,224,0.8179912218379741
dD_jsd_vec_32d,225,0.8166370647021611
dD_jsd_vec_32d,226,0.8213907668998821
dD_jsd_vec_32d,227,0.8187792178566514
dD_jsd_vec_32d,228,0.8279835597744771
dD_jsd_vec_32d,229,0.8300047120505295
dD_jsd_vec_32d,230,0.8269565807405079
dD_jsd_vec_32d,231,0.8232105947118046
dD_jsd_vec_32d,232,0.8144996216585851
dD_jsd_vec_32d,233,0.8162042860038383
dD_jsd_vec_32d,234,0.8167208147015055
dD_jsd_vec_32d,235,0.8187150048720293
dD_jsd_vec_32d,236,0.817465676145752
dD_jsd_vec_32d,237,0.8325168354714643
dD_jsd_vec_32d,238,0.8255300876419023
dD_jsd_vec_32d,239,0.8279374827935029
dD_jsd_vec_32d,240,0.8177983795713042
dD_jsd_vec_32d,241,0.8322170732594574
dD_jsd_vec_32d,242,0.8277285686007276
dD_jsd_vec_32d,243,0.825003013827135
dD_jsd_vec_32d,244,0.8243984455126381
dD_jsd_vec_32d,245,0.8235667191359501
dD_jsd_vec_32d,246,0.8152253639931051
dD_jsd_vec_32d,247,0.8253052092899865
dD_jsd_vec_32d,248,0.82054043835813
dD_jsd_vec_32d,249,0.8257337239724526
dD_jsd_vec_32d,250,0.8174910164027671
dD_jsd_vec_32d,251,0.8330125609548482
dD_jsd_vec_32d,252,0.8254919684816076
dD_jsd_vec_32d,253,0.8226033148526557
dD_jsd_vec_32d,254,0.8211069925962766
dD_jsd_vec_32d,255,0.816206344198546
dD_jsd_vec_32d,256,0.8197799951903155
dD_jsd_vec_32d,257,0.8226232073407875
dD_jsd_vec_32d,258,0.8141704647653308
dD_jsd_vec_32d,259,0.8279373055868838
dD_jsd_vec_32d,260,0.824180643001321
dD_jsd_vec_32d,261,0.825374273536281
dD_jsd_vec_32d,262,0.8262457014153918
dD_jsd_vec_32d,263,0.8250833596903207
dD_jsd_vec_32d,264,0.8219428616794906
dD_jsd_vec_32d,265,0.8232546399330942
dD_jsd_vec_32d,266,0.8255382997339686
dD_jsd_vec_32d,267,0.8162748820454016
dD_jsd_vec_32d,268,0.817909990983164
dD_jsd_vec_32d,269,0.8286811075613895
dD_jsd_vec_32d,270,0.820168734452394
dD_jsd_vec_32d,271,0.8203129528259885
dD_jsd_vec_32d,272,0.8221946123947209
dD_jsd_vec_32d,273,0.8310022501332212
dD_jsd_vec_32d,274,0.8230206838992329
dD_jsd_vec_32d,275,0.8269473987458789
dD_jsd_vec_32d,276,0.8258258548496675
dD_jsd_vec_32d,277,0.8233696104316285
dD_jsd_vec_32d,278,0.8256670372209254
dD_jsd_vec_32d,279,0.8251259418058329
dD_jsd_vec_32d,280,0.817158306488871
dD_jsd_vec_32d,281,0.8291581321309597
dD_jsd_vec_32d,282,0.8210770335890438
dD_jsd_vec_32d,283,0.8210747956498072
dD_jsd_vec_32d,284,0.821480556893959
dD_jsd_vec_32d,285,0.8224288819483822
dD_jsd_vec_32d,286,0.8294401215637905
dD_jsd_vec_32d,287,0.8286265143103493
dD_jsd_vec_32d,288,0.8302086825792199
dD_jsd_vec_32d,289,0.8239310978317668
dD_jsd_vec_32d,290,0.8120125850910773
dD_jsd_vec_32d,291,0.8212540570961018
dD_jsd_vec_32d,292,0.8252864300269429
dD_jsd_vec_32d,293,0.8139131902969858
dD_jsd_vec_32d,294,0.8129113360130531
dD_jsd_vec_32d,295,0.8241628901677005
dD_jsd_vec_32d,296,0.8214910370335482
dD_jsd_vec_32d,297,0.8215724367377338
dD_jsd_vec_32d,298,0.8309797793078975
dD_jsd_vec_32d,299,0.8246402526297664
dD_jsd_vec_32d,300,0.8187915242297821
dD_jsd_vec_32d,301,0.8183064286830685
dD_jsd_vec_32d,302,0.8294195599676932
dD_jsd_vec_32d,303,0.8193300753190527
dD_jsd_vec_32d,304,0.8253288469934622
dD_jsd_vec_32d,305,0.8207112153432463
dD_jsd_vec_32d,306,0.8213760977168559
dD_jsd_vec_32d,307,0.822233187741945
dD_jsd_vec_32d,308,0.8192849069059207
dD_jsd_vec_32d,309,0.8226647280936185
dD_jsd_vec_32d,310,0.8159479393683116
dD_jsd_vec_32d,311,0.8233426082882154
dD_jsd_vec_32d,312,0.8211608481202399
dD_jsd_vec_32d,313,0.8242318659635751
dD_jsd_vec_32d,314,0.8237640967489481
dD_jsd_vec_32d,315,0.8306750917336568
dD_jsd_vec_32d,316,0.8211351443257966
dD_jsd_vec_32d,317,0.8257675589022861
dD_jsd_vec_32d,318,0.8267284405623172
dD_jsd_vec_32d,319,0.8203581205946471
dD_jsd_vec_32d,320,0.8155640083414318
dD_jsd_vec_32d,321,0.8211582179277952
dD_jsd_vec_32d,322,0.8283778569860729
dD_jsd_vec_32d,323,0.827154164402093
dD_jsd_vec_32d,324,0.8132329659828421
dD_jsd_vec_32d,325,0.8246773353747942
dD_jsd_vec_32d,326,0.8262505038492022
dD_jsd_vec_32d,327,0.8267772211044082
dD_jsd_vec_32d,328,0.8130846270986167
dD_jsd_vec_32d,329,0.8244359711974752
dD_jsd_vec_32d,330,0.8259831739423604
dD_jsd_vec_32d,331,0.8259411214006183
dD_jsd_vec_32d,332,0.8223970758881477
dD_jsd_vec_32d,333,0.8238999118312562
dD_jsd_vec_32d,334,0.8229577266357987
dD_jsd_vec_32d,335,0.826789045555887
dD_jsd_vec_32d,336,0.8216555902612248
dD_jsd_vec_32d,337,0.8188677875091716
dD_jsd_vec_32d,338,0.8234462287854964
dD_jsd_vec_32d,339,0.82109901189756
dD_jsd_vec_32d,340,0.8361459897905335
dD_jsd_vec_32d,341,0.820960334902794
dD_jsd_vec_32d,342,0.8199438892523017
dD_jsd_vec_32d,343,0.8207739871678106
dD_jsd_vec_32d,344,0.8253061827635088
dD_jsd_vec_32d,345,0.8173798120951598
dD_jsd_vec_32d,346,0.8234105032757132
dD_jsd_vec_32d,347,0.8287343807771466
dD_jsd_vec_32d,348,0.8266091154563251
dD_jsd_vec_32d,349,0.8305560938476093
dD_jsd_vec_32d,350,0.8205392525411439
dD_jsd_vec_32d,351,0.8192327378618744
dD_jsd_vec_32d,352,0.8298927027866365
dD_jsd_vec_32d,353,0.8274263348940778
dD_jsd_vec_32d,354,0.8286988204168175
dD_jsd_vec_32d,355,0.8167762667980341
dD_jsd_vec_32d,356,0.8281748010739789
dD_jsd_vec_32d,357,0.8262485380937143
dD_jsd_vec_32d,358,0.8203877263132257
dD_jsd_vec_32d,359,0.8302335608808399
dD_jsd_vec_32d,360,0.8205150098196737
dD_jsd_vec_32d,361,0.8229310432765856
dD_jsd_vec_32d,362,0.8253747636396238
dD_jsd_vec_32d,363,0.8265737939169361
dD_jsd_vec_32d,364,0.8284415294626462
dD_jsd_vec_32d,365,0.8195766070516324
dD_jsd_vec_32d,366,0.8229984060504405
dD_jsd_vec_32d,367,0.8234764059168659
dD_jsd_vec_32d,368,0.8292250636151489
dD_jsd_vec_32d,369,0.8231511905059261
dD_jsd_vec_32d,370,0.8251369878107255
dD_jsd_vec_32d,371,0.8211368001463348
dD_jsd_vec_32d,372,0.8140954069132624
dD_jsd_vec_32d,373,0.8238110635010789
dD_jsd_vec_32d,374,0.8239099213994889
dD_jsd_vec_32d,375,0.8288472486153953
dD_jsd_vec_32d,376,0.8346124485348765
dD_jsd_vec_32d,377,0.8170824778339152
dD_jsd_vec_32d,378,0.8215783933286688
dD_jsd_vec_32d,379,0.8147449602622922
dD_jsd_vec_32d,380,0.820510264576134
dD_jsd_vec_32d,381,0.825107262965273
dD_jsd_vec_32d,382,0.8212189873464893
dD_jsd_vec_32d,383,0.8297754452433322
dD_jsd_vec_32d,384,0.8238594987676304
dD_jsd_vec_32d,385,0.8222328027716808
dD_jsd_vec_32d,386,0.8250365874655647
dD_jsd_vec_32d,387,0.825609095546025
dD_jsd_vec_32d,388,0.8251976221368149
dD_jsd_vec_32d,389,0.8271349069349567
dD_jsd_vec_32d,390,0.8215527618708648
dD_jsd_vec_32d,391,0.8231663222631961
dD_jsd_vec_32d,392,0.825692595822984
dD_jsd_vec_32d,393,0.8230097216254995
dD_jsd_vec_32d,394,0.821677758878526
dD_jsd_vec_32d,395,0.8200336670476811
dD_jsd_vec_32d,396,0.8224995973454121
dD_jsd_vec_32d,397,0.8319283306435149
dD_jsd_vec_32d,398,0.8308252744778226
dD_jsd_vec_32d,399,0.823766638805555
dD_jsd_vec_32d,400,0.8248987402592627
dD_jsd_vec_32d,401,0.8240419678438482
dD_jsd_vec_32d,402,0.8262087697060865
dD_jsd_vec_32d,403,0.8239069729809064
dD_jsd_vec_32d,404,0.8229155361329333
dD_jsd_vec_32d,405,0.8192045373842272
dD_jsd_vec_32d,406,0.8231742012485301
dD_jsd_vec_32d,407,0.8173651831530684
dD_jsd_vec_32d,408,0.8272449862759371
dD_jsd_vec_32d,409,0.8209510757601894
dD_jsd_vec_32d,410,0.819056258055756
dD_jsd_vec_32d,411,0.8313467069997592
dD_jsd_vec_32d,412,0.823378555464859
dD_jsd_vec_32d,413,0.8236462871839922
dD_jsd_vec_32d,414,0.8301866106883369
dD_jsd_vec_32d,415,0.8175833162486185
dD_jsd_vec_32d,416,0.8238132567014901
dD_jsd_vec_32d,417,0.8199177460381303
dD_jsd_vec_32d,418,0.8280023964229561
dD_jsd_vec_32d,419,0.820580502652387
dD_jsd_vec_32d,420,0.8252928674098009
dD_jsd_vec_32d,421,0.8220853928187588
dD_jsd_vec_32d,422,0.8211826579427659
dD_jsd_vec_32d,423,0.8224665490946478
dD_jsd_vec_32d,424,0.8144695782709583
dD_jsd_vec_32d,425,0.8171836055967153
dD_jsd_vec_32d,426,0.8101295072400001
dD_jsd_vec_32d,427,0.8214030278195283
dD_jsd_vec_32d,428,0.8219512127198428
dD_jsd_vec_32d,429,0.8185942600864977
dD_jsd_vec_32d,430,0.8216171651359303
dD_jsd_vec_32d,431,0.8152893753443947
dD_jsd_vec_32d,432,0.8232423846246155
dD_jsd_vec_32d,433,0.8235610538531912
dD_jsd_vec_32d,434,0.8283416776613084
dD_jsd_vec_32d,435,0.8286912002321087
dD_jsd_vec_32d,436,0.8220014547936132
dD_jsd_vec_32d,437,0.811695155506325
dD_jsd_vec_32d,438,0.8146025876365213
dD_jsd_vec_32d,439,0.8206116109160847
dD_jsd_vec_32d,440,0.8264786788919821
dD_jsd_vec_32d,441,0.8311107810191073
dD_jsd_vec_32d,442,0.8239802415849437
dD_jsd_vec_32d,443,0.8133971008084381
dD_jsd_vec_32d,444,0.8301776280789586
dD_jsd_vec_32d,445,0.8205604158444046
dD_jsd_vec_32d,446,0.8225103317803566
dD_jsd_vec_32d,447,0.8320715999765786
dD_jsd_vec_32d,448,0.8173743345307735
dD_jsd_vec_32d,449,0.8201929115810801
dD_jsd_vec_32d,450,0.8279087907322752
dD_jsd_vec_32d,451,0.818748881962531
dD_jsd_vec_32d,452,0.8234825658110929
dD_jsd_vec_32d,453,0.8242526678261523
dD_jsd_vec_32d,454,0.8230661303781497
dD_jsd_vec_32d,455,0.8295737538106629
dD_jsd_vec_32d,456,0.8232302991876161
dD_jsd_vec_32d,457,0.8310012940923632
dD_jsd_vec_32d,458,0.819215887495249
dD_jsd_vec_32d,459,0.828569879844383
dD_jsd_vec_32d,460,0.8199615994340969
dD_jsd_vec_32d,461,0.8212481525750408
dD_jsd_vec_32d,462,0.8286308822223555
dD_jsd_vec_32d,463,0.8254351628163998
dD_jsd_vec_32d,464,0.8229609136764324
dD_jsd_vec_32d,465,0.8243861876655431
dD_jsd_vec_32d,466,0.8232848269511317
dD_jsd_vec_32d,467,0.8213112158042677
dD_jsd_vec_32d,468,0.8277100778956189
dD_jsd_vec_32d,469,0.8249764822716086
dD_jsd_vec_32d,470,0.8228578105361553
dD_jsd_vec_32d,471,0.8242725131300465
dD_jsd_vec_32d,472,0.8204617090800141
dD_jsd_vec_32d,473,0.8205624398028414
dD_jsd_vec_32d,474,0.8256202682685978
dD_jsd_vec_32d,475,0.8192489179666185
dD_jsd_vec_32d,476,0.8213406971729871
dD_jsd_vec_32d,477,0.8301265629203993
dD_jsd_vec_32d,478,0.8291866900537306
dD_jsd_vec_32d,479,0.8236378597672995
dD_jsd_vec_32d,480,0.8200113902873066
dD_jsd_vec_32d,481,0.826091933499867
dD_jsd_vec_32d,482,0.8193599267263288
dD_jsd_vec_32d,483,0.8191640484796722
dD_jsd_vec_32d,484,0.8268261392533738
dD_jsd_vec_32d,485,0.8229212076838557
dD_jsd_vec_32d,486,0.8227963267903994
dD_jsd_vec_32d,487,0.83076640111014
dD_jsd_vec_32d,488,0.8235924017286336
dD_jsd_vec_32d,489,0.8258470445226962
dD_jsd_vec_32d,490,0.8171851077341444
dD_jsd_vec_32d,491,0.8273441940001623
dD_jsd_vec_32d,492,0.8171711028659817
dD_jsd_vec_32d,493,0.8243734390676707
dD_jsd_vec_32d,494,0.8193161260095221
dD_jsd_vec_32d,495,0.8172668851582038
dD_jsd_vec_32d,496,0.816784232851351
dD_jsd_vec_32d,497,0.8200670978057589
dD_jsd_vec_32d,498,0.8189762789410253
dD_jsd_vec_32d,499,0.8244832089915044
dD_jsd_vec_32d,500,0.8215028883203777
dD_jsd_vec_32d,501,0.8250760402223801
dD_jsd_vec_32d,502,0.8280073587403619
dD_jsd_vec_32d,503,0.8206107828054884
dD_jsd_vec_32d,504,0.8318217780843853
dD_jsd_vec_32d,505,0.8262150149552809
dD_jsd_vec_32d,506,0.820538831876346
dD_jsd_vec_32d,507,0.8150157771220584
dD_jsd_vec_32d,508,0.8171136958613376
dD_jsd_vec_32d,509,0.823695535174497
dD_jsd_vec_32d,510,0.8264885118301675
dD_jsd_vec_32d,511,0.8322322258550805
dD_jsd_vec_32d,512,0.8252420224200936
dD_jsd_vec_32d,513,0.8230972703346792
dD_jsd_vec_32d,514,0.8295151296966482
dD_jsd_vec_32d,515,0.8302679530919415
dD_jsd_vec_32d,516,0.8285521394910402
dD_jsd_vec_32d,517,0.8251387597861458
dD_jsd_vec_32d,518,0.819763473380487
dD_jsd_vec_32d,519,0.8217140344140199
dD_jsd_vec_32d,520,0.8250995956717748
dD_jsd_vec_32d,521,0.8174620691033758
dD_jsd_vec_32d,522,0.8197205020602488
dD_jsd_vec_32d,523,0.8255931442055647
dD_jsd_vec_32d,524,0.8188066518099912
dD_jsd_vec_32d,525,0.8280441442101153
dD_jsd_vec_32d,526,0.8256630417799681
dD_jsd_vec_32d,527,0.8142482330389453
dD_jsd_vec_32d,528,0.830009785520516
dD_jsd_vec_32d,529,0.8339007334172631
dD_jsd_vec_32d,530,0.8154788742387241
dD_jsd_vec_32d,531,0.8243730823654125
dD_jsd_vec_32d,532,0.8303104640365644
dD_jsd_vec_32d,533,0.8168110429105235
dD_jsd_vec_32d,534,0.8249492233383271
dD_jsd_vec_32d,535,0.8249037952365669
dD_jsd_vec_32d,536,0.8318417993650595
dD_jsd_vec_32d,537,0.8201505391662933
dD_jsd_vec_32d,538,0.8179705494190361
dD_jsd_vec_32d,539,0.8244164660938267
dD_jsd_vec_32d,540,0.8201032624683657
dD_jsd_vec_32d,541,0.8250021375515197
dD_jsd_vec_32d,542,0.8269587679820528
dD_jsd_vec_32d,543,0.8212889897038285
dD_jsd_vec_32d,544,0.8139646916601478
dD_jsd_vec_32d,545,0.832439206901407
dD_jsd_vec_32d,546,0.8347248907103462
dD_jsd_vec_32d,547,0.8189851297794468
dD_jsd_vec_32d,548,0.8260142751241537
dD_jsd_vec_32d,549,0.8164578617676476
dD_jsd_vec_32d,550,0.820132564616441
dD_jsd_vec_32d,551,0.8277661256023542
dD_jsd_vec_32d,552,0.8152424015250037
dD_jsd_vec_32d,553,0.8242068995949539
dD_jsd_vec_32d,554,0.8230586562397919
dD_jsd_vec_32d,555,0.8221083018318102
dD_jsd_vec_32d,556,0.8251587590890778
dD_jsd_vec_32d,557,0.8225279151690545
dD_jsd_vec_32d,558,0.8140715921557525
dD_jsd_vec_32d,559,0.822605601187306
dD_jsd_vec_32d,560,0.8197980516637478
dD_jsd_vec_32d,561,0.8225022574307742
dD_jsd_vec_32d,562,0.8291559008053017
dD_jsd_vec_32d,563,0.8277720378296967
dD_jsd_vec_32d,564,0.8171289661748543
dD_jsd_vec_32d,565,0.8271653715250306
dD_jsd_vec_32d,566,0.820182990602885
dD_jsd_vec_32d,567,0.8284956471668095
dD_jsd_vec_32d,568,0.8244294963885703
dD_jsd_vec_32d,569,0.8163650019013816
dD_jsd_vec_32d,570,0.8159741144845636
dD_jsd_vec_32d,571,0.8171611701116718
dD_jsd_vec_32d,572,0.8197633477853044
dD_jsd_vec_32d,573,0.8146253602077655
dD_jsd_vec_32d,574,0.8246959313335641
dD_jsd_vec_32d,575,0.8148584941431034
dD_jsd_vec_32d,576,0.8216655916567648
dD_jsd_vec_32d,577,0.8228042384097584
dD_jsd_vec_32d,578,0.8291780978599919
dD_jsd_vec_32d,579,0.8263908169254779
dD_jsd_vec_32d,580,0.8294323175844722
dD_jsd_vec_32d,581,0.827362746176697
dD_jsd_vec_32d,582,0.8259263384710355
dD_jsd_vec_32d,583,0.8187116357897257
dD_jsd_vec_32d,584,0.8230983417785241
dD_jsd_vec_32d,585,0.8204630054135458
dD_jsd_vec_32d,586,0.8298304209147623
dD_jsd_vec_32d,587,0.8314964763188947
dD_jsd_vec_32d,588,0.8226007190519916
dD_jsd_vec_32d,589,0.816247175627395
dD_jsd_vec_32d,590,0.8143107183580387
dD_jsd_vec_32d,591,0.8197588023597384
dD_jsd_vec_32d,592,0.8284915805122671
dD_jsd_vec_32d,593,0.8248299925952387
dD_jsd_vec_32d,594,0.8235784008496388
dD_jsd_vec_32d,595,0.8259190080749327
dD_jsd_vec_32d,596,0.8201224699425227
dD_jsd_vec_32d,597,0.8323014684630985
dD_jsd_vec_32d,598,0.8310262929174268
dD_jsd_vec_32d,599,0.8235221580430794
dD_jsd_vec_32d,600,0.820053659591603
dD_jsd_vec_32d,601,0.8140375060894873
dD_jsd_vec_32d,602,0.8239906493971064
dD_jsd_vec_32d,603,0.8155930072882822
dD_jsd_vec_32d,604,0.8108697114756012
dD_jsd_vec_32d,605,0.8203025467601286
dD_jsd_vec_32d,606,0.820435937688685
dD_jsd_vec_32d,607,0.8207235733846169
dD_jsd_vec_32d,608,0.820129861902952
dD_jsd_vec_32d,609,0.821784133977367
dD_jsd_vec_32d,610,0.8219398582510865
dD_jsd_vec_32d,611,0.8225667317117802
dD_jsd_vec_32d,612,0.8250968637389615
dD_jsd_vec_32d,613,0.8119096722114074
dD_jsd_vec_32d,614,0.8255827221978637
dD_jsd_vec_32d,615,0.814175504220259
dD_jsd_vec_32d,616,0.8196909901376803
dD_jsd_vec_32d,617,0.8156921830987922
dD_jsd_vec_32d,618,0.8226518175687089
dD_jsd_vec_32d,619,0.8276713533210492
dD_jsd_vec_32d,620,0.8289112412153418
dD_jsd_vec_32d,621,0.8229982416606042
dD_jsd_vec_32d,622,0.8252351007607344
dD_jsd_vec_32d,623,0.8179713932886069
dD_jsd_vec_32d,624,0.824601386306685
dD_jsd_vec_32d,625,0.8225972584163623
dD_jsd_vec_32d,626,0.8188593057139237
dD_jsd_vec_32d,627,0.8263608720333583
dD_jsd_vec_32d,628,0.8295869754895012
dD_jsd_vec_32d,629,0.8335213773876278
dD_jsd_vec_32d,630,0.815317704142589
dD_jsd_vec_32d,631,0.8287325955196239
dD_jsd_vec_32d,632,0.827732252496824
dD_jsd_vec_32d,633,0.8376802002786261
dD_jsd_vec_32d,634,0.8192263645444169
dD_jsd_vec_32d,635,0.8172525583671116
dD_jsd_vec_32d,636,0.8285861483987371
dD_jsd_vec_32d,637,0.8232082348604209
dD_jsd_vec_32d,638,0.818941995209622
dD_jsd_vec_32d,639,0.8251835138805355
dD_jsd_vec_32d,640,0.8227145408784606
dD_jsd_vec_32d,641,0.8289480865997418
dD_jsd_vec_32d,642,0.8268756618506257
dD_jsd_vec_32d,643,0.8172560014968837
dD_jsd_vec_32d,644,0.8188668794045655
dD_jsd_vec_32d,645,0.8279854999747449
dD_jsd_vec_32d,646,0.8295037267766939
dD_jsd_vec_32d,647,0.8095320907882034
dD_jsd_vec_32d,648,0.8245283834049995
dD_jsd_vec_32d,649,0.825894717271799
dD_jsd_vec_32d,650,0.8276707635927546
dD_jsd_vec_32d,651,0.8172715587342394
dD_jsd_vec_32d,652,0.8246330410563334
dD_jsd_vec_32d,653,0.8181437388302947
dD_jsd_vec_32d,654,0.8236722384903309
dD_jsd_vec_32d,655,0.819746927151549
dD_jsd_vec_32d,656,0.8303705102316156
dD_jsd_vec_32d,657,0.8189498357873544
dD_jsd_vec_32d,658,0.8176732886416964
dD_jsd_vec_32d,659,0.8122977133396689
dD_jsd_vec_32d,660,0.8163068729322113
dD_jsd_vec_32d,661,0.8129450163875425
dD_jsd_vec_32d,662,0.8246883409858963
dD_jsd_vec_32d,663,0.8211355171188037
dD_jsd_vec_32d,664,0.8264015324526455
dD_jsd_vec_32d,665,0.819057259986013
dD_jsd_vec_32d,666,0.825013259057176
dD_jsd_vec_32d,667,0.8181788479219554
dD_jsd_vec_32d,668,0.8226767888400982
dD_jsd_vec_32d,669,0.8218268791230602
dD_jsd_vec_32d,670,0.8169269230497131
dD_jsd_vec_32d,671,0.8215134998098618
dD_jsd_vec_32d,672,0.8270510687638637
dD_jsd_vec_32d,673,0.8327971720348831
dD_jsd_vec_32d,674,0.8240040403638826
dD_jsd_vec_32d,675,0.8256337806544697
dD_jsd_vec_32d,676,0.8235458961186287
dD_jsd_vec_32d,677,0.8200630122494882
dD_jsd_vec_32d,678,0.8302169929425184
dD_jsd_vec_32d,679,0.828303025815824
dD_jsd_vec_32d,680,0.8345198574039635
dD_jsd_vec_32d,681,0.8234880212954747
dD_jsd_vec_32d,682,0.8125125014480351
dD_jsd_vec_32d,683,0.829054267757748
dD_jsd_vec_32d,684,0.8227916601340608
dD_jsd_vec_32d,685,0.8214513518180027
dD_jsd_vec_32d,686,0.8110447767809512
dD_jsd_vec_32d,687,0.8270096024128273
dD_jsd_vec_32d,688,0.811509137994905
dD_jsd_vec_32d,689,0.8171673069572905
dD_jsd_vec_32d,690,0.8216044422791292
dD_jsd_vec_32d,691,0.823542285392739
dD_jsd_vec_32d,692,0.8279158653890211
dD_jsd_vec_32d,693,0.8112670362144713
dD_jsd_vec_32d,694,0.8087490762674118
dD_jsd_vec_32d,695,0.819180578704267
dD_jsd_vec_32d,696,0.8205683768303987
dD_jsd_vec_32d,697,0.8188052789660278
dD_jsd_vec_32d,698,0.8120753005354113
dD_jsd_vec_32d,699,0.8199638074391279
dD_jsd_vec_32d,700,0.8189429922677354
dD_jsd_vec_32d,701,0.8241694324459018
dD_jsd_vec_32d,702,0.8144730283741675
dD_jsd_vec_32d,703,0.8142094508812536
dD_jsd_vec_32d,704,0.8275933074561467
dD_jsd_vec_32d,705,0.8195769576929133
dD_jsd_vec_32d,706,0.8197661158250638
dD_jsd_vec_32d,707,0.8223494848429972
dD_jsd_vec_32d,708,0.8170804233709045
dD_jsd_vec_32d,709,0.8230644580709146
dD_jsd_vec_32d,710,0.8143708828570129
dD_jsd_vec_32d,711,0.8158375687090776
dD_jsd_vec_32d,712,0.8170310111244836
dD_jsd_vec_32d,713,0.8241663408799114
dD_jsd_vec_32d,714,0.8175571550004442
dD_jsd_vec_32d,715,0.8244184705267561
dD_jsd_vec_32d,716,0.8224484223698739
dD_jsd_vec_32d,717,0.8260378284686926
dD_jsd_vec_32d,718,0.8292632293532384
dD_jsd_vec_32d,719,0.818167326584826
dD_jsd_vec_32d,720,0.8144192977151989
dD_jsd_vec_32d,721,0.8177508955661988
dD_jsd_vec_32d,722,0.8238764142294382
dD_jsd_vec_32d,723,0.8238740302700065
dD_jsd_vec_32d,724,0.8236383870372844
dD_jsd_vec_32d,725,0.8292916446091825
dD_jsd_vec_32d,726,0.827926777756157
dD_jsd_vec_32d,727,0.8207016295042229
dD_jsd_vec_32d,728,0.8144991372773153
dD_jsd_vec_32d,729,0.830284122310812
dD_jsd_vec_32d,730,0.8218846924357766
dD_jsd_vec_32d,731,0.8279740669375711
dD_jsd_vec_32d,732,0.8193732497125377
dD_jsd_vec_32d,733,0.8218814566115702
dD_jsd_vec_32d,734,0.8262793894242508
dD_jsd_vec_32d,735,0.8238761900300207
dD_jsd_vec_32d,736,0.82379405294477
dD_jsd_vec_32d,737,0.8235326126249538
dD_jsd_vec_32d,738,0.8221894708793666
dD_jsd_vec_32d,739,0.8300711048662934
dD_jsd_vec_32d,740,0.8133623405440451
dD_jsd_vec_32d,741,0.8246359864221389
dD_jsd_vec_32d,742,0.827249027560435
dD_jsd_vec_32d,743,0.828568365876431
dD_jsd_vec_32d,744,0.8243121820998061
dD_jsd_vec_32d,745,0.8270540801800454
dD_jsd_vec_32d,746,0.826513225571675
dD_jsd_vec_32d,747,0.8243189022430756
dD_jsd_vec_32d,748,0.8243096983158494
dD_jsd_vec_32d,749,0.8249068949941221
dD_jsd_vec_32d,750,0.8182932682328188
dD_jsd_vec_32d,751,0.830804409926884
dD_jsd_vec_32d,752,0.8137251736955112
dD_jsd_vec_32d,753,0.8274649887636587
dD_jsd_vec_32d,754,0.8188914208087779
dD_jsd_vec_32d,755,0.8221850594150324
dD_jsd_vec_32d,756,0.8237398700119628
dD_jsd_vec_32d,757,0.8210969848583258
dD_jsd_vec_32d,758,0.8231241663005457
dD_jsd_vec_32d,759,0.8235867487064321
dD_jsd_vec_32d,760,0.8138048085932605
dD_jsd_vec_32d,761,0.8280934357695393
dD_jsd_vec_32d,762,0.8294068102270374
dD_jsd_vec_32d,763,0.8191281924903637
dD_jsd_vec_32d,764,0.8257476418154045
dD_jsd_vec_32d,765,0.8251775303793006
dD_jsd_vec_32d,766,0.8299115352346021
dD_jsd_vec_32d,767,0.821013125426354
dD_jsd_vec_32d,768,0.8221022457449921
dD_jsd_vec_32d,769,0.8177225159626682
dD_jsd_vec_32d,770,0.8365738901721029
dD_jsd_vec_32d,771,0.811061384659395
dD_jsd_vec_32d,772,0.8225425606426757
dD_jsd_vec_32d,773,0.8283123648952289
dD_jsd_vec_32d,774,0.8283527847734268
dD_jsd_vec_32d,775,0.830163693247949
dD_jsd_vec_32d,776,0.8210190233946631
dD_jsd_vec_32d,777,0.8277491426121432
dD_jsd_vec_32d,778,0.8230924997161326
dD_jsd_vec_32d,779,0.8261523242040641
dD_jsd_vec_32d,780,0.8256645219888208
dD_jsd_vec_32d,781,0.8168086321257233
dD_jsd_vec_32d,782,0.8215708776284594
dD_jsd_vec_32d,783,0.8186108612462462
dD_jsd_vec_32d,784,0.8232400335187371
dD_jsd_vec_32d,785,0.8192932844065283
dD_jsd_vec_32d,786,0.829777810729762
dD_jsd_vec_32d,787,0.8179975457264199
dD_jsd_vec_32d,788,0.815086974981054
dD_jsd_vec_32d,789,0.8223366350972454
dD_jsd_vec_32d,790,0.8272325258891821
dD_jsd_vec_32d,791,0.8269981112997692
dD_jsd_vec_32d,792,0.8338676145651913
dD_jsd_vec_32d,793,0.8283392064222945
dD_jsd_vec_32d,794,0.8255338500394185
dD_jsd_vec_32d,795,0.8256483274019188
dD_jsd_vec_32d,796,0.8253115916417858
dD_jsd_vec_32d,797,0.8221293430106075
dD_jsd_vec_32d,798,0.8157343085753892
dD_jsd_vec_32d,799,0.8208840240389297
dD_jsd_vec_32d,800,0.8149048273369414
dD_jsd_vec_32d,801,0.8173307254438917
dD_jsd_vec_32d,802,0.8199613096679309
dD_jsd_vec_32d,803,0.8264750369011127
dD_jsd_vec_32d,804,0.8234351928322947
dD_jsd_vec_32d,805,0.8249819287854221
dD_jsd_vec_32d,806,0.8282975840938785
dD_jsd_vec_32d,807,0.826497947779139
dD_jsd_vec_32d,808,0.8290216507128931
dD_jsd_vec_32d,809,0.8233707455105861
dD_jsd_vec_32d,810,0.8228259864514922
dD_jsd_vec_32d,811,0.8239753747248116
dD_jsd_vec_32d,812,0.8118322968936194
dD_jsd_vec_32d,813,0.8263221385805236
dD_jsd_vec_32d,814,0.8216226155839601
dD_jsd_vec_32d,815,0.8216866341789639
dD_jsd_vec_32d,816,0.8220252984089522
dD_jsd_vec_32d,817,0.8233688256798248
dD_jsd_vec_32d,818,0.8217413263849681
dD_jsd_vec_32d,819,0.8249056299153877
dD_jsd_vec_32d,820,0.8205498754483666
dD_jsd_vec_32d,821,0.8207882343220689
dD_jsd_vec_32d,822,0.8127520613112232
dD_jsd_vec_32d,823,0.8167872667779411
dD_jsd_vec_32d,824,0.8171715473298405
dD_jsd_vec_32d,825,0.825043630017452
dD_jsd_vec_32d,826,0.8270495354668385
dD_jsd_vec_32d,827,0.8270143324085092
dD_jsd_vec_32d,828,0.8141527973215585
dD_jsd_vec_32d,829,0.8299298243489376
dD_jsd_vec_32d,830,0.8192974655402401
dD_jsd_vec_32d,831,0.8216156230739102
dD_jsd_vec_32d,832,0.8241822535310782
dD_jsd_vec_32d,833,0.8186705477368146
dD_jsd_vec_32d,834,0.8287448008757374
dD_jsd_vec_32d,835,0.820101585014638
dD_jsd_vec_32d,836,0.8306614507184299
dD_jsd_vec_32d,837,0.8214173570299039
dD_jsd_vec_32d,838,0.8173219624700445
dD_jsd_vec_32d,839,0.8214767699462517
dD_jsd_vec_32d,840,0.8142185117672686
dD_jsd_vec_32d,841,0.8308071739549575
dD_jsd_vec_32d,842,0.8264741638341943
dD_jsd_vec_32d,843,0.8196462023598098
dD_jsd_vec_32d,844,0.8317262213116481
dD_jsd_vec_32d,845,0.8152496053830632
dD_jsd_vec_32d,846,0.8215404776022146
dD_jsd_vec_32d,847,0.8248913493377483
dD_jsd_vec_32d,848,0.8172806320292144
dD_jsd_vec_32d,849,0.8217743973727488
dD_jsd_vec_32d,850,0.8225691947269819
dD_jsd_vec_32d,851,0.8264200022219397
dD_jsd_vec_32d,852,0.8240753401233459
dD_jsd_vec_32d,853,0.8292658718833675
dD_jsd_vec_32d,854,0.8113976220457226
dD_jsd_vec_32d,855,0.8267242194189919
dD_jsd_vec_32d,856,0.8257247297794605
dD_jsd_vec_32d,857,0.8147134901173487
dD_jsd_vec_32d,858,0.8301678611387615
dD_jsd_vec_32d,859,0.8195189039121706
dD_jsd_vec_32d,860,0.8212107078151535
dD_jsd_vec_32d,861,0.8253619877340481
dD_jsd_vec_32d,862,0.8255427907873589
dD_jsd_vec_32d,863,0.8270040972892128
dD_jsd_vec_32d,864,0.8258642949934538
dD_jsd_vec_32d,865,0.8153025793650793
dD_jsd_vec_32d,866,0.8161631728419021
dD_jsd_vec_32d,867,0.8202203723904957
dD_jsd_vec_32d,868,0.8190834702160709
dD_jsd_vec_32d,869,0.8248044979763401
dD_jsd_vec_32d,870,0.8240064509279528
dD_jsd_vec_32d,871,0.8248106801194828
dD_jsd_vec_32d,872,0.8120378091302154
dD_jsd_vec_32d,873,0.8326075906173481
dD_jsd_vec_32d,874,0.8163229229315776
dD_jsd_vec_32d,875,0.8299358236676455
dD_jsd_vec_32d,876,0.8143305440995074
dD_jsd_vec_32d,877,0.8221317360198787
dD_jsd_vec_32d,878,0.825125381271754
dD_jsd_vec_32d,879,0.8251197634026707
dD_jsd_vec_32d,880,0.827965437076781
dD_jsd_vec_32d,881,0.8282323193544231
dD_jsd_vec_32d,882,0.8228235196144588
dD_jsd_vec_32d,883,0.8127577562042472
dD_jsd_vec_32d,884,0.8296369177824587
dD_jsd_vec_32d,885,0.8266489795300447
dD_jsd_vec_32d,886,0.8284587854151226
dD_jsd_vec_32d,887,0.810306151233075
dD_jsd_vec_32d,888,0.8235229054667494
dD_jsd_vec_32d,889,0.8200256151540529
dD_jsd_vec_32d,890,0.8326286821941657
dD_jsd_vec_32d,891,0.8204929600432147
dD_jsd_vec_32d,892,0.8161393455743035
dD_jsd_vec_32d,893,0.8159198519283746
dD_jsd_vec_32d,894,0.8176437981660643
dD_jsd_vec_32d,895,0.824297711605206
dD_jsd_vec_32d,896,0.8190179445292538
dD_jsd_vec_32d,897,0.8167916719482824
dD_jsd_vec_32d,898,0.8356697871450571
dD_jsd_vec_32d,899,0.8192534444544638
dD_jsd_vec_32d,900,0.8244275220089332
dD_jsd_vec_32d,901,0.8290931817142508
dD_jsd_vec_32d,902,0.8199987653692492
dD_jsd_vec_32d,903,0.8227661274155202
dD_jsd_vec_32d,904,0.8137123227440692
dD_jsd_vec_32d,905,0.8246174322064475
dD_jsd_vec_32d,906,0.8308941786601802
dD_jsd_vec_32d,907,0.8338713143365674
dD_jsd_vec_32d,908,0.8220795724633514
dD_jsd_vec_32d,909,0.8239658355434439
dD_jsd_vec_32d,910,0.8156172988999586
dD_jsd_vec_32d,911,0.821783419134286
dD_jsd_vec_32d,912,0.8199465964111439
dD_jsd_vec_32d,913,0.815939827631367
dD_jsd_vec_32d,914,0.8229595845704669
dD_jsd_vec_32d,915,0.8216253637804757
dD_jsd_vec_32d,916,0.8203467232942367
dD_jsd_vec_32d,917,0.8217130885748993
dD_jsd_vec_32d,918,0.8344354333636458
dD_jsd_vec_32d,919,0.8234331606367915
dD_jsd_vec_32d,920,0.832297075988159
dD_jsd_vec_32d,921,0.8234537018133319
dD_jsd_vec_32d,922,0.8168117885584629
dD_jsd_vec_32d,923,0.8223422768651596
dD_jsd_vec_32d,924,0.8256174030545304
dD_jsd_vec_32d,925,0.8271464814681426
dD_jsd_vec_32d,926,0.8275709296986355
dD_jsd_vec_32d,927,0.8218349860280654
dD_jsd_vec_32d,928,0.8227542099239191
dD_jsd_vec_32d,929,0.8197624008809412
dD_jsd_vec_32d,930,0.8210739054049205
dD_jsd_vec_32d,931,0.8162306896376564
dD_jsd_vec_32d,932,0.8204295953064551
dD_jsd_vec_32d,933,0.8187675718379926
dD_jsd_vec_32d,934,0.8240607077404267
dD_jsd_vec_32d,935,0.8104381722599007
dD_jsd_vec_32d,936,0.8239660308837736
dD_jsd_vec_32d,937,0.8241326142456582
dD_jsd_vec_32d,938,0.8241196533177165
dD_jsd_vec_32d,939,0.8314428904725876
dD_jsd_vec_32d,940,0.811378950928547
dD_jsd_vec_32d,941,0.8206426728830699
dD_jsd_vec_32d,942,0.8284976793683553
dD_jsd_vec_32d,943,0.818555682250095
dD_jsd_vec_32d,944,0.8237277347745972
dD_jsd_vec_32d,945,0.8175680330823145
dD_jsd_vec_32d,946,0.8281576792923776
dD_jsd_vec_32d,947,0.8283555480557311
dD_jsd_vec_32d,948,0.8241822179151906
dD_jsd_vec_32d,949,0.8253613607671111
dD_jsd_vec_32d,950,0.8187956340425396
dD_jsd_vec_32d,951,0.8228041953412546
dD_jsd_vec_32d,952,0.8191394521708907
dD_jsd_vec_32d,953,0.8155593595568233
dD_jsd_vec_32d,954,0.8178756018746457
dD_jsd_vec_32d,955,0.8218619351653953
dD_jsd_vec_32d,956,0.8117355099855579
dD_jsd_vec_32d,957,0.8156531658770655
dD_jsd_vec_32d,958,0.8275850783676748
dD_jsd_vec_32d,959,0.8249177452720919
dD_jsd_vec_32d,960,0.8191151173453964
dD_jsd_vec_32d,961,0.8180587286277848
dD_jsd_vec_32d,962,0.8183383130587145
dD_jsd_vec_32d,963,0.81901379161338
dD_jsd_vec_32d,964,0.8211085644294821
dD_jsd_vec_32d,965,0.820081780693035
dD_jsd_vec_32d,966,0.8212302255318953
dD_jsd_vec_32d,967,0.8191848473330801
dD_jsd_vec_32d,968,0.8330066344229047
dD_jsd_vec_32d,969,0.8271644547389508
dD_jsd_vec_32d,970,0.8248435465761943
dD_jsd_vec_32d,971,0.8251359772739953
dD_jsd_vec_32d,972,0.831409173253703
dD_jsd_vec_32d,973,0.8190714666812731
dD_jsd_vec_32d,974,0.818400666142416
dD_jsd_vec_32d,975,0.8199332779423909
dD_jsd_vec_32d,976,0.8293103523729083
dD_jsd_vec_32d,977,0.8281086560531967
dD_jsd_vec_32d,978,0.8228649157351459
dD_jsd_vec_32d,979,0.823707637609164
dD_jsd_vec_32d,980,0.822117695525415
dD_jsd_vec_32d,981,0.813950535544602
dD_jsd_vec_32d,982,0.8233132278501756
dD_jsd_vec_32d,983,0.8249119880290052
dD_jsd_vec_32d,984,0.8211881443633985
dD_jsd_vec_32d,985,0.8244926264379876
dD_jsd_vec_32d,986,0.8327328814911867
dD_jsd_vec_32d,987,0.8254590347631542
dD_jsd_vec_32d,988,0.8255117655167356
dD_jsd_vec_32d,989,0.8192845394736843
dD_jsd_vec_32d,990,0.8297745974950735
dD_jsd_vec_32d,991,0.8193751460026414
dD_jsd_vec_32d,992,0.8130406256827686
dD_jsd_vec_32d,993,0.8254995618045307
dD_jsd_vec_32d,994,0.8193891371826871
dD_jsd_vec_32d,995,0.8259407312973275
dD_jsd_vec_32d,996,0.8239047981554708
dD_jsd_vec_32d,997,0.8222506309778513
dD_jsd_vec_32d,998,0.8258972995970099
dD_jsd_vec_32d,999,0.8162590739313991
evo2_dLL_1d,0,0.7497731017872988
evo2_dLL_1d,1,0.7528859404879101
evo2_dLL_1d,2,0.7416651381247499
evo2_dLL_1d,3,0.7578921499611233
evo2_dLL_1d,4,0.7553031612288357
evo2_dLL_1d,5,0.751798065196924
evo2_dLL_1d,6,0.7381062164920458
evo2_dLL_1d,7,0.7450252122133536
evo2_dLL_1d,8,0.7477883002586694
evo2_dLL_1d,9,0.7419710632072996
evo2_dLL_1d,10,0.7588812978985475
evo2_dLL_1d,11,0.7425242106183505
evo2_dLL_1d,12,0.7533416973566254
evo2_dLL_1d,13,0.7493367346391892
evo2_dLL_1d,14,0.7526575889912224
evo2_dLL_1d,15,0.7549986476387874
evo2_dLL_1d,16,0.7447222361913969
evo2_dLL_1d,17,0.7553545163125432
evo2_dLL_1d,18,0.7400857519475019
evo2_dLL_1d,19,0.7534413329069959
evo2_dLL_1d,20,0.7526243031147739
evo2_dLL_1d,21,0.7553678854857888
evo2_dLL_1d,22,0.7516819027367057
evo2_dLL_1d,23,0.759157649771599
evo2_dLL_1d,24,0.7526546052923495
evo2_dLL_1d,25,0.7544969239753716
evo2_dLL_1d,26,0.737327493162068
evo2_dLL_1d,27,0.7528366385291398
evo2_dLL_1d,28,0.7531486529810594
evo2_dLL_1d,29,0.746415856875593
evo2_dLL_1d,30,0.7474261232856381
evo2_dLL_1d,31,0.7478391060543668
evo2_dLL_1d,32,0.7519698400618018
evo2_dLL_1d,33,0.7534557019944592
evo2_dLL_1d,34,0.7483447204968945
evo2_dLL_1d,35,0.7357945105189694
evo2_dLL_1d,36,0.7534654350732982
evo2_dLL_1d,37,0.7550975172662526
evo2_dLL_1d,38,0.7461730027590201
evo2_dLL_1d,39,0.7465382855277682
evo2_dLL_1d,40,0.7519851746492975
evo2_dLL_1d,41,0.754329497462052
evo2_dLL_1d,42,0.7507053950519128
evo2_dLL_1d,43,0.7638531894653171
evo2_dLL_1d,44,0.7418619857300285
evo2_dLL_1d,45,0.7519234555957053
evo2_dLL_1d,46,0.7584442826483171
evo2_dLL_1d,47,0.7585249791924995
evo2_dLL_1d,48,0.7551571172145587
evo2_dLL_1d,49,0.7475076733458638
evo2_dLL_1d,50,0.7500173922367236
evo2_dLL_1d,51,0.7579466735513889
evo2_dLL_1d,52,0.7486253360393896
evo2_dLL_1d,53,0.7553316366596228
evo2_dLL_1d,54,0.7482553418854748
evo2_dLL_1d,55,0.7577883350612795
evo2_dLL_1d,56,0.7593668499340998
evo2_dLL_1d,57,0.746727980348062
evo2_dLL_1d,58,0.7534214673605382
evo2_dLL_1d,59,0.7549251356565087
evo2_dLL_1d,60,0.7451113027859266
evo2_dLL_1d,61,0.7476833408324527
evo2_dLL_1d,62,0.7534131662188577
evo2_dLL_1d,63,0.7518463599527196
evo2_dLL_1d,64,0.7505570661167609
evo2_dLL_1d,65,0.7556429671496889
evo2_dLL_1d,66,0.7529495833545838
evo2_dLL_1d,67,0.7488754325698583
evo2_dLL_1d,68,0.7537604645981462
evo2_dLL_1d,69,0.7597504910373661
evo2_dLL_1d,70,0.7516559132969958
evo2_dLL_1d,71,0.7605672601364751
evo2_dLL_1d,72,0.7617005456389228
evo2_dLL_1d,73,0.7538780722304927
evo2_dLL_1d,74,0.7553018559431701
evo2_dLL_1d,75,0.7528419693943896
evo2_dLL_1d,76,0.7459154274244295
evo2_dLL_1d,77,0.7622417038746665
evo2_dLL_1d,78,0.7534148862837904
evo2_dLL_1d,79,0.7546916140426242
evo2_dLL_1d,80,0.7389092783602964
evo2_dLL_1d,81,0.7525813397170057
evo2_dLL_1d,82,0.7416552861630507
evo2_dLL_1d,83,0.7608208063996361
evo2_dLL_1d,84,0.7598566113278316
evo2_dLL_1d,85,0.7515845441708642
evo2_dLL_1d,86,0.7376218151857016
evo2_dLL_1d,87,0.7573883194224442
evo2_dLL_1d,88,0.7450520714557203
evo2_dLL_1d,89,0.7418374401544987
evo2_dLL_1d,90,0.7564402191853172
evo2_dLL_1d,91,0.7494251346702283
evo2_dLL_1d,92,0.747353699320765
evo2_dLL_1d,93,0.7536152405358029
evo2_dLL_1d,94,0.7442037608833056
evo2_dLL_1d,95,0.7446297789521803
evo2_dLL_1d,96,0.744315422210557
evo2_dLL_1d,97,0.7494975291329226
evo2_dLL_1d,98,0.7482054200011939
evo2_dLL_1d,99,0.7624071186597248
evo2_dLL_1d,100,0.7499288399308455
evo2_dLL_1d,101,0.7516319507312694
evo2_dLL_1d,102,0.7515167866044008
evo2_dLL_1d,103,0.7415083991146609
evo2_dLL_1d,104,0.7582484297443228
evo2_dLL_1d,105,0.7539376566440051
evo2_dLL_1d,106,0.7459262774374958
evo2_dLL_1d,107,0.7478944742343572
evo2_dLL_1d,108,0.7528904351551584
evo2_dLL_1d,109,0.7602877380448616
evo2_dLL_1d,110,0.7471967516564105
evo2_dLL_1d,111,0.7516654692911917
evo2_dLL_1d,112,0.7425257398224108
evo2_dLL_1d,113,0.7553350996136554
evo2_dLL_1d,114,0.7498850560067276
evo2_dLL_1d,115,0.7560143972074447
evo2_dLL_1d,116,0.7571374159782961
evo2_dLL_1d,117,0.7537749717931101
evo2_dLL_1d,118,0.7431041243821614
evo2_dLL_1d,119,0.7482040395301299
evo2_dLL_1d,120,0.7484320735133423
evo2_dLL_1d,121,0.7492338638014362
evo2_dLL_1d,122,0.7443842449506284
evo2_dLL_1d,123,0.7571669252056246
evo2_dLL_1d,124,0.7461040254323293
evo2_dLL_1d,125,0.7473472478497492
evo2_dLL_1d,126,0.7433390740937438
evo2_dLL_1d,127,0.7464882533853824
evo2_dLL_1d,128,0.7518620239314364
evo2_dLL_1d,129,0.7487052379908514
evo2_dLL_1d,130,0.7588597286137628
evo2_dLL_1d,131,0.7538202688432853
evo2_dLL_1d,132,0.7367202209770061
evo2_dLL_1d,133,0.7558952315442206
evo2_dLL_1d,134,0.7437791381248956
evo2_dLL_1d,135,0.757206716706388
evo2_dLL_1d,136,0.7581206384539716
evo2_dLL_1d,137,0.7515261309709322
evo2_dLL_1d,138,0.7522000848608669
evo2_dLL_1d,139,0.7470981341264181
evo2_dLL_1d,140,0.7438311321561883
evo2_dLL_1d,141,0.7519073529710409
evo2_dLL_1d,142,0.740293331608301
evo2_dLL_1d,143,0.7631085879292193
evo2_dLL_1d,144,0.7595270334869719
evo2_dLL_1d,145,0.7543484219154968
evo2_dLL_1d,146,0.7577072959790399
evo2_dLL_1d,147,0.7505540369486676
evo2_dLL_1d,148,0.749861304201558
evo2_dLL_1d,149,0.7484923610092973
evo2_dLL_1d,150,0.7461041208681681
evo2_dLL_1d,151,0.7554596947552705
evo2_dLL_1d,152,0.7496459082733814
evo2_dLL_1d,153,0.750637842388861
evo2_dLL_1d,154,0.7437861588372926
evo2_dLL_1d,155,0.7454373290228764
evo2_dLL_1d,156,0.7513303119195276
evo2_dLL_1d,157,0.7493917820974731
evo2_dLL_1d,158,0.7494362785345406
evo2_dLL_1d,159,0.7462478817416969
evo2_dLL_1d,160,0.7467168857748099
evo2_dLL_1d,161,0.7526433949495596
evo2_dLL_1d,162,0.7387451513352633
evo2_dLL_1d,163,0.7436479781504447
evo2_dLL_1d,164,0.7462608132087482
evo2_dLL_1d,165,0.7568274158990155
evo2_dLL_1d,166,0.7452536593807972
evo2_dLL_1d,167,0.7507145831957089
evo2_dLL_1d,168,0.755367337285221
evo2_dLL_1d,169,0.7478376048249878
evo2_dLL_1d,170,0.7589591284057153
evo2_dLL_1d,171,0.7532986946657108
evo2_dLL_1d,172,0.7604379198270361
evo2_dLL_1d,173,0.7556335678964385
evo2_dLL_1d,174,0.7579143110660413
evo2_dLL_1d,175,0.7488708088468694
evo2_dLL_1d,176,0.7440840093189044
evo2_dLL_1d,177,0.7441767693647707
evo2_dLL_1d,178,0.7572523307259345
evo2_dLL_1d,179,0.7597756061907632
evo2_dLL_1d,180,0.7502027755759219
evo2_dLL_1d,181,0.7510262983323459
evo2_dLL_1d,182,0.7576745308843211
evo2_dLL_1d,183,0.7498241305605816
evo2_dLL_1d,184,0.7551529693985369
evo2_dLL_1d,185,0.7549650874568519
evo2_dLL_1d,186,0.7576343553452757
evo2_dLL_1d,187,0.740887040226819
evo2_dLL_1d,188,0.7488738328264015
evo2_dLL_1d,189,0.7547934771232967
evo2_dLL_1d,190,0.7412163493642752
evo2_dLL_1d,191,0.7487265572204523
evo2_dLL_1d,192,0.767531938418635
evo2_dLL_1d,193,0.7493135149577433
evo2_dLL_1d,194,0.7536314972956837
evo2_dLL_1d,195,0.7634492980251495
evo2_dLL_1d,196,0.7581074883404398
evo2_dLL_1d,197,0.751283072596594
evo2_dLL_1d,198,0.7456911239073616
evo2_dLL_1d,199,0.7558314382724763
evo2_dLL_1d,200,0.7555740813887539
evo2_dLL_1d,201,0.7547544050045439
evo2_dLL_1d,202,0.7579472157643182
evo2_dLL_1d,203,0.7603273357729652
evo2_dLL_1d,204,0.7554433981236273
evo2_dLL_1d,205,0.7441935160282913
evo2_dLL_1d,206,0.7520047567265074
evo2_dLL_1d,207,0.7521302275590204
evo2_dLL_1d,208,0.7607245434161637
evo2_dLL_1d,209,0.7576649537434696
evo2_dLL_1d,210,0.750619754346912
evo2_dLL_1d,211,0.7504221372630614
evo2_dLL_1d,212,0.7476720232763628
evo2_dLL_1d,213,0.7671594740568778
evo2_dLL_1d,214,0.7507529261462296
evo2_dLL_1d,215,0.7491030008790248
evo2_dLL_1d,216,0.7553334825000518
evo2_dLL_1d,217,0.7468990922283578
evo2_dLL_1d,218,0.7438475783041266
evo2_dLL_1d,219,0.7495220380156564
evo2_dLL_1d,220,0.7492571299676805
evo2_dLL_1d,221,0.750973081019306
evo2_dLL_1d,222,0.7583519381959339
evo2_dLL_1d,223,0.7514118386135069
evo2_dLL_1d,224,0.7529247911565433
evo2_dLL_1d,225,0.7603890926810095
evo2_dLL_1d,226,0.7472110846946469
evo2_dLL_1d,227,0.7444890252268515
evo2_dLL_1d,228,0.7511579446584442
evo2_dLL_1d,229,0.7613008560904256
evo2_dLL_1d,230,0.7382571860514885
evo2_dLL_1d,231,0.7551621790893565
evo2_dLL_1d,232,0.7597115828058854
evo2_dLL_1d,233,0.7598208152862624
evo2_dLL_1d,234,0.7538197697301305
evo2_dLL_1d,235,0.7526414001395203
evo2_dLL_1d,236,0.7562820466221838
evo2_dLL_1d,237,0.7433031952976734
evo2_dLL_1d,238,0.751172267184785
evo2_dLL_1d,239,0.7544090141763093
evo2_dLL_1d,240,0.7516064080795817
evo2_dLL_1d,241,0.7510226804277943
evo2_dLL_1d,242,0.755672680311609
evo2_dLL_1d,243,0.7513645404877595
evo2_dLL_1d,244,0.7618361450412705
evo2_dLL_1d,245,0.7337265976779683
evo2_dLL_1d,246,0.7514493181579565
evo2_dLL_1d,247,0.7471429730435548
evo2_dLL_1d,248,0.7484812791571216
evo2_dLL_1d,249,0.7473967157029583
evo2_dLL_1d,250,0.7531840133006608
evo2_dLL_1d,251,0.744444459190755
evo2_dLL_1d,252,0.744606956839462
evo2_dLL_1d,253,0.7404199444973396
evo2_dLL_1d,254,0.7407545531661044
evo2_dLL_1d,255,0.7550455526926458
evo2_dLL_1d,256,0.7507015076650196
evo2_dLL_1d,257,0.7432530723425821
evo2_dLL_1d,258,0.7578770733080352
evo2_dLL_1d,259,0.7411294851377215
evo2_dLL_1d,260,0.7557346905874452
evo2_dLL_1d,261,0.7518209268771047
evo2_dLL_1d,262,0.7451268320573429
evo2_dLL_1d,263,0.739756960311951
evo2_dLL_1d,264,0.7529570494018385
evo2_dLL_1d,265,0.748522314292865
evo2_dLL_1d,266,0.7591359361929897
evo2_dLL_1d,267,0.7586840871857385
evo2_dLL_1d,268,0.7520396982934753
evo2_dLL_1d,269,0.7521918625899944
evo2_dLL_1d,270,0.7440399249373465
evo2_dLL_1d,271,0.7479499472323836
evo2_dLL_1d,272,0.752733901596526
evo2_dLL_1d,273,0.754734157109475
evo2_dLL_1d,274,0.7548737827749681
evo2_dLL_1d,275,0.7514059586632028
evo2_dLL_1d,276,0.7429282397797385
evo2_dLL_1d,277,0.7421080411823399
evo2_dLL_1d,278,0.7510801082164115
evo2_dLL_1d,279,0.7434365985976297
evo2_dLL_1d,280,0.7504932261071802
evo2_dLL_1d,281,0.7515118529384156
evo2_dLL_1d,282,0.7474586572290285
evo2_dLL_1d,283,0.7632705158044898
evo2_dLL_1d,284,0.7455722772126222
evo2_dLL_1d,285,0.7590869144608345
evo2_dLL_1d,286,0.755341454170355
evo2_dLL_1d,287,0.7439505514750104
evo2_dLL_1d,288,0.7531583609687345
evo2_dLL_1d,289,0.7461562398503025
evo2_dLL_1d,290,0.7489940978974234
evo2_dLL_1d,291,0.7445078932679403
evo2_dLL_1d,292,0.7546927945062784
evo2_dLL_1d,293,0.7594107115339384
evo2_dLL_1d,294,0.7540542811209251
evo2_dLL_1d,295,0.7440577915060576
evo2_dLL_1d,296,0.7460179255992557
evo2_dLL_1d,297,0.756103268992928
evo2_dLL_1d,298,0.7415134173557947
evo2_dLL_1d,299,0.749777555918649
evo2_dLL_1d,300,0.749128135533366
evo2_dLL_1d,301,0.7382299710851508
evo2_dLL_1d,302,0.7513429318256748
evo2_dLL_1d,303,0.7574833454392944
evo2_dLL_1d,304,0.7569869083523907
evo2_dLL_1d,305,0.7576127834111379
evo2_dLL_1d,306,0.7502198656508077
evo2_dLL_1d,307,0.7522874649958426
evo2_dLL_1d,308,0.7486743393757316
evo2_dLL_1d,309,0.7622151743496159
evo2_dLL_1d,310,0.7445868339197065
evo2_dLL_1d,311,0.7543857798929837
evo2_dLL_1d,312,0.7594804499111784
evo2_dLL_1d,313,0.7566489483356991
evo2_dLL_1d,314,0.7571901647087086
evo2_dLL_1d,315,0.7478845832811652
evo2_dLL_1d,316,0.7572636672040741
evo2_dLL_1d,317,0.757520463229052
evo2_dLL_1d,318,0.7406810277217215
evo2_dLL_1d,319,0.7448261925438688
evo2_dLL_1d,320,0.7588773152637207
evo2_dLL_1d,321,0.7539671506316208
evo2_dLL_1d,322,0.755882007947253
evo2_dLL_1d,323,0.7560907861166263
evo2_dLL_1d,324,0.7516430906906552
evo2_dLL_1d,325,0.753484673192321
evo2_dLL_1d,326,0.7478002512626327
evo2_dLL_1d,327,0.7522984570851441
evo2_dLL_1d,328,0.7533081090179147
evo2_dLL_1d,329,0.757997083130773
evo2_dLL_1d,330,0.7448760665304103
evo2_dLL_1d,331,0.7505984392724032
evo2_dLL_1d,332,0.7526155415279696
evo2_dLL_1d,333,0.7430377990151039
evo2_dLL_1d,334,0.742880232917668
evo2_dLL_1d,335,0.7543803153162296
evo2_dLL_1d,336,0.7587879375097167
evo2_dLL_1d,337,0.7330382558588665
evo2_dLL_1d,338,0.7503363680195668
evo2_dLL_1d,339,0.7453985970720619
evo2_dLL_1d,340,0.7524650515359725
evo2_dLL_1d,341,0.7583266965564307
evo2_dLL_1d,342,0.7472287644504209
evo2_dLL_1d,343,0.7586130314403432
evo2_dLL_1d,344,0.7572005428000919
evo2_dLL_1d,345,0.7613134735305909
evo2_dLL_1d,346,0.7494408284173996
evo2_dLL_1d,347,0.745187113573927
evo2_dLL_1d,348,0.7577686324518224
evo2_dLL_1d,349,0.7573397629675602
evo2_dLL_1d,350,0.7509644899968568
evo2_dLL_1d,351,0.7544058602624724
evo2_dLL_1d,352,0.7405482428773043
evo2_dLL_1d,353,0.7712573962931206
evo2_dLL_1d,354,0.7483399312645298
evo2_dLL_1d,355,0.756383358696444
evo2_dLL_1d,356,0.7499929666780213
evo2_dLL_1d,357,0.7514658539440215
evo2_dLL_1d,358,0.7525088915928391
evo2_dLL_1d,359,0.747760738289584
evo2_dLL_1d,360,0.7591553958480051
evo2_dLL_1d,361,0.7508879613472025
evo2_dLL_1d,362,0.7546028134803656
evo2_dLL_1d,363,0.7528929510160753
evo2_dLL_1d,364,0.7485734685332227
evo2_dLL_1d,365,0.7615045291505685
evo2_dLL_1d,366,0.7645743675670227
evo2_dLL_1d,367,0.742193393652669
evo2_dLL_1d,368,0.7492027002755977
evo2_dLL_1d,369,0.7599077461629354
evo2_dLL_1d,370,0.753645557633158
evo2_dLL_1d,371,0.7534870687150583
evo2_dLL_1d,372,0.7502958940932393
evo2_dLL_1d,373,0.7464404568798486
evo2_dLL_1d,374,0.7480329606186953
evo2_dLL_1d,375,0.7536284421657535
evo2_dLL_1d,376,0.7580893058837415
evo2_dLL_1d,377,0.7465338655726542
evo2_dLL_1d,378,0.7526454986982585
evo2_dLL_1d,379,0.7391631261116912
evo2_dLL_1d,380,0.7574525077408572
evo2_dLL_1d,381,0.7592591329840055
evo2_dLL_1d,382,0.7554213763748064
evo2_dLL_1d,383,0.7410835529823747
evo2_dLL_1d,384,0.7580726593183833
evo2_dLL_1d,385,0.7611014061267518
evo2_dLL_1d,386,0.7478251958440731
evo2_dLL_1d,387,0.7410725769320046
evo2_dLL_1d,388,0.7568310403354918
evo2_dLL_1d,389,0.7526359996489453
evo2_dLL_1d,390,0.7537262352235172
evo2_dLL_1d,391,0.7543962443231877
evo2_dLL_1d,392,0.7498092139995545
evo2_dLL_1d,393,0.750667610649608
evo2_dLL_1d,394,0.734244508347631
evo2_dLL_1d,395,0.7504550695973098
evo2_dLL_1d,396,0.7586653999487689
evo2_dLL_1d,397,0.743151609499199
evo2_dLL_1d,398,0.754992613746756
evo2_dLL_1d,399,0.7683099672541833
evo2_dLL_1d,400,0.7444650932766382
evo2_dLL_1d,401,0.7468840086733544
evo2_dLL_1d,402,0.7546435199075463
evo2_dLL_1d,403,0.7505109633138969
evo2_dLL_1d,404,0.7605478537992962
evo2_dLL_1d,405,0.7427130810318745
evo2_dLL_1d,406,0.7598881052377321
evo2_dLL_1d,407,0.743087597121995
evo2_dLL_1d,408,0.755331079236142
evo2_dLL_1d,409,0.7428222104473495
evo2_dLL_1d,410,0.7400197673419244
evo2_dLL_1d,411,0.7389135161375506
evo2_dLL_1d,412,0.7557015757786147
evo2_dLL_1d,413,0.7541249199028515
evo2_dLL_1d,414,0.7589412910926979
evo2_dLL_1d,415,0.757567185200624
evo2_dLL_1d,416,0.7484811666171427
evo2_dLL_1d,417,0.748691396754983
evo2_dLL_1d,418,0.7547193518977177
evo2_dLL_1d,419,0.7505358350481324
evo2_dLL_1d,420,0.7563716438209049
evo2_dLL_1d,421,0.7567327901061609
evo2_dLL_1d,422,0.7474064478137034
evo2_dLL_1d,423,0.748163542571971
evo2_dLL_1d,424,0.7516023917623236
evo2_dLL_1d,425,0.7468052211517929
evo2_dLL_1d,426,0.7626922827450588
evo2_dLL_1d,427,0.7531480242748108
evo2_dLL_1d,428,0.7521515735388568
evo2_dLL_1d,429,0.7561177359559101
evo2_dLL_1d,430,0.7435173526346597
evo2_dLL_1d,431,0.7511577929750982
evo2_dLL_1d,432,0.7416018404825468
evo2_dLL_1d,433,0.7659635952344951
evo2_dLL_1d,434,0.7317656764685371
evo2_dLL_1d,435,0.7490298019673849
evo2_dLL_1d,436,0.756817691543669
evo2_dLL_1d,437,0.7537356631204815
evo2_dLL_1d,438,0.7570321071650995
evo2_dLL_1d,439,0.7517569488163052
evo2_dLL_1d,440,0.7579585039413347
evo2_dLL_1d,441,0.757754027686692
evo2_dLL_1d,442,0.752542230644614
evo2_dLL_1d,443,0.7545596943779631
evo2_dLL_1d,444,0.7530025204506228
evo2_dLL_1d,445,0.7527277236142554
evo2_dLL_1d,446,0.7464680814728489
evo2_dLL_1d,447,0.7484062981311496
evo2_dLL_1d,448,0.7572166483116377
evo2_dLL_1d,449,0.7573443401973925
evo2_dLL_1d,450,0.7480700216064776
evo2_dLL_1d,451,0.7582250302211837
evo2_dLL_1d,452,0.7532320231787291
evo2_dLL_1d,453,0.7528163476681766
evo2_dLL_1d,454,0.7565563845553528
evo2_dLL_1d,455,0.7490016921309672
evo2_dLL_1d,456,0.7492925488177535
evo2_dLL_1d,457,0.7438280649112916
evo2_dLL_1d,458,0.7536975942140385
evo2_dLL_1d,459,0.7414176184468302
evo2_dLL_1d,460,0.7429775631072304
evo2_dLL_1d,461,0.7527485471071119
evo2_dLL_1d,462,0.7463635499246102
evo2_dLL_1d,463,0.7399844394461752
evo2_dLL_1d,464,0.7470378057977614
evo2_dLL_1d,465,0.7475980493756325
evo2_dLL_1d,466,0.7497336912684008
evo2_dLL_1d,467,0.7508810213316226
evo2_dLL_1d,468,0.7569701579357834
evo2_dLL_1d,469,0.7479687639399173
evo2_dLL_1d,470,0.7539589156943769
evo2_dLL_1d,471,0.7573251477393731
evo2_dLL_1d,472,0.745068972648081
evo2_dLL_1d,473,0.7462713940143842
evo2_dLL_1d,474,0.7490874539793123
evo2_dLL_1d,475,0.7607683088979595
evo2_dLL_1d,476,0.7444957162675796
evo2_dLL_1d,477,0.7480444016561093
evo2_dLL_1d,478,0.7501943847310738
evo2_dLL_1d,479,0.7471528297716885
evo2_dLL_1d,480,0.7564458764585149
evo2_dLL_1d,481,0.7505349820313691
evo2_dLL_1d,482,0.7505196581792745
evo2_dLL_1d,483,0.7557409861629844
evo2_dLL_1d,484,0.7596389769813211
evo2_dLL_1d,485,0.7481128737957847
evo2_dLL_1d,486,0.759814803574951
evo2_dLL_1d,487,0.758101238191254
evo2_dLL_1d,488,0.7506342211199872
evo2_dLL_1d,489,0.7493236921725639
evo2_dLL_1d,490,0.7479934998376228
evo2_dLL_1d,491,0.7454764898704249
evo2_dLL_1d,492,0.754568607145928
evo2_dLL_1d,493,0.7538505112275704
evo2_dLL_1d,494,0.7496931106840814
evo2_dLL_1d,495,0.7469559951107435
evo2_dLL_1d,496,0.7583766231132956
evo2_dLL_1d,497,0.7567205808884037
evo2_dLL_1d,498,0.7552903783510597
evo2_dLL_1d,499,0.750902826207668
evo2_dLL_1d,500,0.7745780762128247
evo2_dLL_1d,501,0.7410268580334244
evo2_dLL_1d,502,0.7344613390462723
evo2_dLL_1d,503,0.74306545455809
evo2_dLL_1d,504,0.7484260159034307
evo2_dLL_1d,505,0.7453728419876668
evo2_dLL_1d,506,0.7492921538282775
evo2_dLL_1d,507,0.743595317112177
evo2_dLL_1d,508,0.7390263400922361
evo2_dLL_1d,509,0.7498117986699322
evo2_dLL_1d,510,0.7396734043766023
evo2_dLL_1d,511,0.7491707670845148
evo2_dLL_1d,512,0.7518727948434574
evo2_dLL_1d,513,0.7528833369289708
evo2_dLL_1d,514,0.7517313628645419
evo2_dLL_1d,515,0.7473839954420518
evo2_dLL_1d,516,0.74929796429404
evo2_dLL_1d,517,0.7570406336540276
evo2_dLL_1d,518,0.7456153890605611
evo2_dLL_1d,519,0.7535777069761722
evo2_dLL_1d,520,0.7533460548749009
evo2_dLL_1d,521,0.7491195033398454
evo2_dLL_1d,522,0.7600441067357693
evo2_dLL_1d,523,0.7505000342694743
evo2_dLL_1d,524,0.7532911350598803
evo2_dLL_1d,525,0.7546919866690682
evo2_dLL_1d,526,0.7529763156064124
evo2_dLL_1d,527,0.752874456277395
evo2_dLL_1d,528,0.751122247924729
evo2_dLL_1d,529,0.7536684505616253
evo2_dLL_1d,530,0.7546539051703869
evo2_dLL_1d,531,0.7480847777303927
evo2_dLL_1d,532,0.7595329566626632
evo2_dLL_1d,533,0.7531516717637724
evo2_dLL_1d,534,0.7512958709093288
evo2_dLL_1d,535,0.7543087057454796
evo2_dLL_1d,536,0.7529161296378988
evo2_dLL_1d,537,0.7475963397084282
evo2_dLL_1d,538,0.7461908152593314
evo2_dLL_1d,539,0.7458136006465023
evo2_dLL_1d,540,0.7333842046138592
evo2_dLL_1d,541,0.7516924008775943
evo2_dLL_1d,542,0.7546528272151589
evo2_dLL_1d,543,0.7464323427459996
evo2_dLL_1d,544,0.7621733515612805
evo2_dLL_1d,545,0.7503902367729662
evo2_dLL_1d,546,0.7394885061328937
evo2_dLL_1d,547,0.762860201108444
evo2_dLL_1d,548,0.7555337378151703
evo2_dLL_1d,549,0.7565595223742307
evo2_dLL_1d,550,0.7586404885353
evo2_dLL_1d,551,0.7532306338559861
evo2_dLL_1d,552,0.7633765287425325
evo2_dLL_1d,553,0.7549856230601113
evo2_dLL_1d,554,0.7395125775287634
evo2_dLL_1d,555,0.7624944695425572
evo2_dLL_1d,556,0.7480102488786107
evo2_dLL_1d,557,0.7577668442003146
evo2_dLL_1d,558,0.7503212845567395
evo2_dLL_1d,559,0.7497991299327578
evo2_dLL_1d,560,0.7509466640235772
evo2_dLL_1d,561,0.7466401718648686
evo2_dLL_1d,562,0.7514234688117953
evo2_dLL_1d,563,0.764176295451666
evo2_dLL_1d,564,0.746452052211033
evo2_dLL_1d,565,0.7375387530244701
evo2_dLL_1d,566,0.7476465240474071
evo2_dLL_1d,567,0.7477891568698743
evo2_dLL_1d,568,0.7456849373910766
evo2_dLL_1d,569,0.750889025498913
evo2_dLL_1d,570,0.7490561875874182
evo2_dLL_1d,571,0.7394958885666498
evo2_dLL_1d,572,0.7579688632195077
evo2_dLL_1d,573,0.7504212030662618
evo2_dLL_1d,574,0.748961527802733
evo2_dLL_1d,575,0.7526028909972527
evo2_dLL_1d,576,0.7520215197735511
evo2_dLL_1d,577,0.741578240371792
evo2_dLL_1d,578,0.7620966121836159
evo2_dLL_1d,579,0.7402488164884324
evo2_dLL_1d,580,0.7456460619121947
evo2_dLL_1d,581,0.759895078472218
evo2_dLL_1d,582,0.7526011819453101
evo2_dLL_1d,583,0.7516744259521958
evo2_dLL_1d,584,0.7499259335747823
evo2_dLL_1d,585,0.7449066137498449
evo2_dLL_1d,586,0.7643437561977453
evo2_dLL_1d,587,0.7407110740729808
evo2_dLL_1d,588,0.751578816452806
evo2_dLL_1d,589,0.759468328379266
evo2_dLL_1d,590,0.7462984577842087
evo2_dLL_1d,591,0.7520682650747488
evo2_dLL_1d,592,0.7545439518699345
evo2_dLL_1d,593,0.7430539976149682
evo2_dLL_1d,594,0.7490239578559306
evo2_dLL_1d,595,0.7593455154296785
evo2_dLL_1d,596,0.7478023365745508
evo2_dLL_1d,597,0.7489739510711116
evo2_dLL_1d,598,0.7571230886937586
evo2_dLL_1d,599,0.7568101600793347
evo2_dLL_1d,600,0.7471620067414404
evo2_dLL_1d,601,0.7548895543539372
evo2_dLL_1d,602,0.7564695475654859
evo2_dLL_1d,603,0.7445644535365172
evo2_dLL_1d,604,0.7622019173027492
evo2_dLL_1d,605,0.758035053925991
evo2_dLL_1d,606,0.7398237931742537
evo2_dLL_1d,607,0.7456465032464866
evo2_dLL_1d,608,0.7443670045676574
evo2_dLL_1d,609,0.7478093405350711
evo2_dLL_1d,610,0.7492337611735
evo2_dLL_1d,611,0.7385870128556159
evo2_dLL_1d,612,0.7411829946817465
evo2_dLL_1d,613,0.7521065749774933
evo2_dLL_1d,614,0.7560752834357034
evo2_dLL_1d,615,0.7535054956950944
evo2_dLL_1d,616,0.754993770201701
evo2_dLL_1d,617,0.7533168594178264
evo2_dLL_1d,618,0.7501562168922639
evo2_dLL_1d,619,0.7564971042958263
evo2_dLL_1d,620,0.7452539241875293
evo2_dLL_1d,621,0.7611945501959307
evo2_dLL_1d,622,0.7476417792694234
evo2_dLL_1d,623,0.7546924500426465
evo2_dLL_1d,624,0.761149365479663
evo2_dLL_1d,625,0.7543022357651024
evo2_dLL_1d,626,0.7479813636979936
evo2_dLL_1d,627,0.7558967809667938
evo2_dLL_1d,628,0.7460480492581767
evo2_dLL_1d,629,0.7538551063447781
evo2_dLL_1d,630,0.7530787382986329
evo2_dLL_1d,631,0.73993862867861
evo2_dLL_1d,632,0.7561678213404364
evo2_dLL_1d,633,0.7520937803872918
evo2_dLL_1d,634,0.7449061276437066
evo2_dLL_1d,635,0.7582205968926025
evo2_dLL_1d,636,0.7406109878696959
evo2_dLL_1d,637,0.7504649732605919
evo2_dLL_1d,638,0.7541029915071619
evo2_dLL_1d,639,0.7440107595008746
evo2_dLL_1d,640,0.7404791690539257
evo2_dLL_1d,641,0.7555107810371073
evo2_dLL_1d,642,0.7536810179323256
evo2_dLL_1d,643,0.7534924613241143
evo2_dLL_1d,644,0.7414912229904393
evo2_dLL_1d,645,0.7557138045670195
evo2_dLL_1d,646,0.74475421472937
evo2_dLL_1d,647,0.7535664607532335
evo2_dLL_1d,648,0.73996799318675
evo2_dLL_1d,649,0.7549604941546507
evo2_dLL_1d,650,0.7537141039381052
evo2_dLL_1d,651,0.7383307454011523
evo2_dLL_1d,652,0.7511828386813596
evo2_dLL_1d,653,0.7405491233158301
evo2_dLL_1d,654,0.7520960350784691
evo2_dLL_1d,655,0.7464240213524826
evo2_dLL_1d,656,0.7450988285088089
evo2_dLL_1d,657,0.7530768769601315
evo2_dLL_1d,658,0.7598503521611046
evo2_dLL_1d,659,0.7522324481292492
evo2_dLL_1d,660,0.7523380696392611
evo2_dLL_1d,661,0.7440172991596032
evo2_dLL_1d,662,0.7593556941207199
evo2_dLL_1d,663,0.7610322142249757
evo2_dLL_1d,664,0.7535233305636778
evo2_dLL_1d,665,0.748320300871977
evo2_dLL_1d,666,0.7552478702124202
evo2_dLL_1d,667,0.7510013545426106
evo2_dLL_1d,668,0.7474253521525603
evo2_dLL_1d,669,0.7491209431070879
evo2_dLL_1d,670,0.7548066855833574
evo2_dLL_1d,671,0.753954939044151
evo2_dLL_1d,672,0.7394681508731225
evo2_dLL_1d,673,0.7581793811456752
evo2_dLL_1d,674,0.7511417852473615
evo2_dLL_1d,675,0.7400260861576631
evo2_dLL_1d,676,0.7512341034128496
evo2_dLL_1d,677,0.751419403723781
evo2_dLL_1d,678,0.7469712213843591
evo2_dLL_1d,679,0.7546329226067179
evo2_dLL_1d,680,0.7502638661963081
evo2_dLL_1d,681,0.752936051364415
evo2_dLL_1d,682,0.7459188793968909
evo2_dLL_1d,683,0.7538170718480298
evo2_dLL_1d,684,0.7504419000518583
evo2_dLL_1d,685,0.7519307410128453
evo2_dLL_1d,686,0.7550594130916106
evo2_dLL_1d,687,0.7517510544010869
evo2_dLL_1d,688,0.7476827243860552
evo2_dLL_1d,689,0.7385478672093735
evo2_dLL_1d,690,0.7603695801344951
evo2_dLL_1d,691,0.7447684289037384
evo2_dLL_1d,692,0.7516747917085042
evo2_dLL_1d,693,0.7451540632524669
evo2_dLL_1d,694,0.756578360719526
evo2_dLL_1d,695,0.7549034371129666
evo2_dLL_1d,696,0.7571286473408293
evo2_dLL_1d,697,0.746670659225873
evo2_dLL_1d,698,0.7458593515146672
evo2_dLL_1d,699,0.756515448668507
evo2_dLL_1d,700,0.7485069784022585
evo2_dLL_1d,701,0.7550865614043893
evo2_dLL_1d,702,0.7584110384662602
evo2_dLL_1d,703,0.7527362324382942
evo2_dLL_1d,704,0.7424849529736198
evo2_dLL_1d,705,0.7531988727131894
evo2_dLL_1d,706,0.7443688237694571
evo2_dLL_1d,707,0.7545122453792181
evo2_dLL_1d,708,0.7546788453177885
evo2_dLL_1d,709,0.7458055188713445
evo2_dLL_1d,710,0.7492852495407225
evo2_dLL_1d,711,0.7476319296679566
evo2_dLL_1d,712,0.7519399642631172
evo2_dLL_1d,713,0.7502256251318629
evo2_dLL_1d,714,0.7589455776385059
evo2_dLL_1d,715,0.7554670101410952
evo2_dLL_1d,716,0.7615559089605548
evo2_dLL_1d,717,0.7545192731955466
evo2_dLL_1d,718,0.7521884170388864
evo2_dLL_1d,719,0.7460632385478321
evo2_dLL_1d,720,0.7566067010190253
evo2_dLL_1d,721,0.7601958814586439
evo2_dLL_1d,722,0.753665915489248
evo2_dLL_1d,723,0.7624080249351807
evo2_dLL_1d,724,0.7480068123679606
evo2_dLL_1d,725,0.7469211444660512
evo2_dLL_1d,726,0.7471554488625309
evo2_dLL_1d,727,0.7495597579857398
evo2_dLL_1d,728,0.7549382863001458
evo2_dLL_1d,729,0.7586223376734885
evo2_dLL_1d,730,0.7542037000710422
evo2_dLL_1d,731,0.7402016392227802
evo2_dLL_1d,732,0.742805983306245
evo2_dLL_1d,733,0.7435322849108189
evo2_dLL_1d,734,0.7503412346304982
evo2_dLL_1d,735,0.7454954748766587
evo2_dLL_1d,736,0.7521241090393407
evo2_dLL_1d,737,0.7541577272158743
evo2_dLL_1d,738,0.7431493143281634
evo2_dLL_1d,739,0.7618484642454845
evo2_dLL_1d,740,0.7673207849164373
evo2_dLL_1d,741,0.7451785406616673
evo2_dLL_1d,742,0.7475865231139784
evo2_dLL_1d,743,0.7460213093898322
evo2_dLL_1d,744,0.7497139235648205
evo2_dLL_1d,745,0.7485829008310432
evo2_dLL_1d,746,0.7577152115159176
evo2_dLL_1d,747,0.7489944699326955
evo2_dLL_1d,748,0.7518783273574506
evo2_dLL_1d,749,0.7489445592352018
evo2_dLL_1d,750,0.7390247500487768
evo2_dLL_1d,751,0.7543745987128477
evo2_dLL_1d,752,0.7606488164939658
evo2_dLL_1d,753,0.7521232258575086
evo2_dLL_1d,754,0.7424283434017501
evo2_dLL_1d,755,0.7501437444543035
evo2_dLL_1d,756,0.7545832288289216
evo2_dLL_1d,757,0.7557176578626595
evo2_dLL_1d,758,0.7584339300603391
evo2_dLL_1d,759,0.7557207188511004
evo2_dLL_1d,760,0.7563148462614133
evo2_dLL_1d,761,0.7552436232702582
evo2_dLL_1d,762,0.7445301440852738
evo2_dLL_1d,763,0.7485432593866955
evo2_dLL_1d,764,0.7409869264939118
evo2_dLL_1d,765,0.7539264970921187
evo2_dLL_1d,766,0.7430795167196054
evo2_dLL_1d,767,0.7510272873924646
evo2_dLL_1d,768,0.7512928766845011
evo2_dLL_1d,769,0.753783415684784
evo2_dLL_1d,770,0.7594859531538736
evo2_dLL_1d,771,0.7437712920216604
evo2_dLL_1d,772,0.7559127411467386
evo2_dLL_1d,773,0.7492538741898447
evo2_dLL_1d,774,0.7488417929902313
evo2_dLL_1d,775,0.7428106492971961
evo2_dLL_1d,776,0.7561870027472397
evo2_dLL_1d,777,0.7551695155285523
evo2_dLL_1d,778,0.748151697926134
evo2_dLL_1d,779,0.7575458443797134
evo2_dLL_1d,780,0.7555239076285771
evo2_dLL_1d,781,0.7589011670303247
evo2_dLL_1d,782,0.7553492520438343
evo2_dLL_1d,783,0.7466575923112231
evo2_dLL_1d,784,0.7550686144311642
evo2_dLL_1d,785,0.7436027358352227
evo2_dLL_1d,786,0.7432429965775129
evo2_dLL_1d,787,0.7436235324189719
evo2_dLL_1d,788,0.7476976869448488
evo2_dLL_1d,789,0.7449337249232328
evo2_dLL_1d,790,0.752905956181376
evo2_dLL_1d,791,0.7555012743186711
evo2_dLL_1d,792,0.7511756904173938
evo2_dLL_1d,793,0.752888571800785
evo2_dLL_1d,794,0.7539873307513953
evo2_dLL_1d,795,0.7502870691814056
evo2_dLL_1d,796,0.7468261240119975
evo2_dLL_1d,797,0.7510861896923204
evo2_dLL_1d,798,0.7469872284390953
evo2_dLL_1d,799,0.7464615409444498
evo2_dLL_1d,800,0.758453796295857
evo2_dLL_1d,801,0.7438339490662643
evo2_dLL_1d,802,0.749382003004814
evo2_dLL_1d,803,0.7474970198847477
evo2_dLL_1d,804,0.7501444596572711
evo2_dLL_1d,805,0.7470218159852354
evo2_dLL_1d,806,0.7497035276602937
evo2_dLL_1d,807,0.7446918906391373
evo2_dLL_1d,808,0.7520728735348844
evo2_dLL_1d,809,0.7562210869784318
evo2_dLL_1d,810,0.7531526669200558
evo2_dLL_1d,811,0.744322689508039
evo2_dLL_1d,812,0.7444038766110829
evo2_dLL_1d,813,0.7600580963671055
evo2_dLL_1d,814,0.7477859614760087
evo2_dLL_1d,815,0.7422445305150349
evo2_dLL_1d,816,0.7572781888535455
evo2_dLL_1d,817,0.7541103370091293
evo2_dLL_1d,818,0.7558398050360635
evo2_dLL_1d,819,0.759508505170361
evo2_dLL_1d,820,0.7469441571039692
evo2_dLL_1d,821,0.7573804285255981
evo2_dLL_1d,822,0.7582925738845712
evo2_dLL_1d,823,0.7449581142635621
evo2_dLL_1d,824,0.7539858646148159
evo2_dLL_1d,825,0.7557115513758222
evo2_dLL_1d,826,0.7472756722990784
evo2_dLL_1d,827,0.7487526044444511
evo2_dLL_1d,828,0.7437816305254048
evo2_dLL_1d,829,0.7575706906982025
evo2_dLL_1d,830,0.7493557914237123
evo2_dLL_1d,831,0.7601316981934301
evo2_dLL_1d,832,0.754414873330412
evo2_dLL_1d,833,0.7547049259793762
evo2_dLL_1d,834,0.7548987470862472
evo2_dLL_1d,835,0.755155733314818
evo2_dLL_1d,836,0.7622847057006219
evo2_dLL_1d,837,0.7611947784622535
evo2_dLL_1d,838,0.7553415760001745
evo2_dLL_1d,839,0.7507057149524199
evo2_dLL_1d,840,0.7580762555252588
evo2_dLL_1d,841,0.7548573803074099
evo2_dLL_1d,842,0.7556552516534729
evo2_dLL_1d,843,0.759877678506849
evo2_dLL_1d,844,0.7619291278984849
evo2_dLL_1d,845,0.7491603158306701
evo2_dLL_1d,846,0.744022379269729
evo2_dLL_1d,847,0.7514382286487558
evo2_dLL_1d,848,0.7530150900292724
evo2_dLL_1d,849,0.7467228328145763
evo2_dLL_1d,850,0.7504994298745723
evo2_dLL_1d,851,0.7553811055388727
evo2_dLL_1d,852,0.7592961825340877
evo2_dLL_1d,853,0.752694254880524
evo2_dLL_1d,854,0.7463837330721473
evo2_dLL_1d,855,0.7541317836037311
evo2_dLL_1d,856,0.746380962092744
evo2_dLL_1d,857,0.7430714106472168
evo2_dLL_1d,858,0.7566793646694215
evo2_dLL_1d,859,0.7411360952993554
evo2_dLL_1d,860,0.7476686207512924
evo2_dLL_1d,861,0.744578631160185
evo2_dLL_1d,862,0.7490864918651711
evo2_dLL_1d,863,0.749604335155176
evo2_dLL_1d,864,0.7537706403342784
evo2_dLL_1d,865,0.746061402220366
evo2_dLL_1d,866,0.7567059999416532
evo2_dLL_1d,867,0.7540702103803332
evo2_dLL_1d,868,0.7510337541524874
evo2_dLL_1d,869,0.7562573881321711
evo2_dLL_1d,870,0.7489566782723595
evo2_dLL_1d,871,0.7532395355220339
evo2_dLL_1d,872,0.7510106394276017
evo2_dLL_1d,873,0.7500144516750202
evo2_dLL_1d,874,0.7461951622034274
evo2_dLL_1d,875,0.7537247292738317
evo2_dLL_1d,876,0.7470529113644289
evo2_dLL_1d,877,0.759664106606498
evo2_dLL_1d,878,0.7468865819558408
evo2_dLL_1d,879,0.7541983052127484
evo2_dLL_1d,880,0.762790742537656
evo2_dLL_1d,881,0.7492270642165568
evo2_dLL_1d,882,0.749111322087786
evo2_dLL_1d,883,0.7582962291260209
evo2_dLL_1d,884,0.7511615245881441
evo2_dLL_1d,885,0.7396505991199052
evo2_dLL_1d,886,0.7371298225599265
evo2_dLL_1d,887,0.7507370047980914
evo2_dLL_1d,888,0.7500439145134186
evo2_dLL_1d,889,0.7606257857054167
evo2_dLL_1d,890,0.7589768655407676
evo2_dLL_1d,891,0.7514827136637204
evo2_dLL_1d,892,0.7415313297384836
evo2_dLL_1d,893,0.7501075468462901
evo2_dLL_1d,894,0.7431088290366294
evo2_dLL_1d,895,0.7540696916748801
evo2_dLL_1d,896,0.7502373988620686
evo2_dLL_1d,897,0.7554193937735455
evo2_dLL_1d,898,0.7574829026119767
evo2_dLL_1d,899,0.7510395875468844
evo2_dLL_1d,900,0.7507460095526757
evo2_dLL_1d,901,0.7478824306911399
evo2_dLL_1d,902,0.7687103279897203
evo2_dLL_1d,903,0.7509915248627148
evo2_dLL_1d,904,0.7507123657962798
evo2_dLL_1d,905,0.7407126888610334
evo2_dLL_1d,906,0.7573464800617997
evo2_dLL_1d,907,0.7404260372506644
evo2_dLL_1d,908,0.7462354141907357
evo2_dLL_1d,909,0.7498674019349457
evo2_dLL_1d,910,0.7514071745473249
evo2_dLL_1d,911,0.7506420639979373
evo2_dLL_1d,912,0.7570155295561244
evo2_dLL_1d,913,0.7490658050911179
evo2_dLL_1d,914,0.7576249575232409
evo2_dLL_1d,915,0.7407042551118658
evo2_dLL_1d,916,0.7535992710048837
evo2_dLL_1d,917,0.742572474005649
evo2_dLL_1d,918,0.7596675460443543
evo2_dLL_1d,919,0.7482480314898339
evo2_dLL_1d,920,0.7387216036272497
evo2_dLL_1d,921,0.7559623594286127
evo2_dLL_1d,922,0.7565460729003108
evo2_dLL_1d,923,0.7488198580977125
evo2_dLL_1d,924,0.7442144136078783
evo2_dLL_1d,925,0.744668477255707
evo2_dLL_1d,926,0.746448654316229
evo2_dLL_1d,927,0.7541739949005899
evo2_dLL_1d,928,0.7520125907502464
evo2_dLL_1d,929,0.7477875170234843
evo2_dLL_1d,930,0.7563590253398527
evo2_dLL_1d,931,0.7624712284499184
evo2_dLL_1d,932,0.7535525015344979
evo2_dLL_1d,933,0.7439445964798499
evo2_dLL_1d,934,0.7577282519178223
evo2_dLL_1d,935,0.7516638622876455
evo2_dLL_1d,936,0.7549716465413598
evo2_dLL_1d,937,0.7541695606234604
evo2_dLL_1d,938,0.7647483864492313
evo2_dLL_1d,939,0.7538574768103644
evo2_dLL_1d,940,0.7554268352393413
evo2_dLL_1d,941,0.7511153553781832
evo2_dLL_1d,942,0.7497940835737877
evo2_dLL_1d,943,0.7475363617234196
evo2_dLL_1d,944,0.7510321744565762
evo2_dLL_1d,945,0.758422451995958
evo2_dLL_1d,946,0.7557960317694465
evo2_dLL_1d,947,0.755733544671668
evo2_dLL_1d,948,0.7490715136643848
evo2_dLL_1d,949,0.7478352970986951
evo2_dLL_1d,950,0.7552622444760242
evo2_dLL_1d,951,0.7526717725771348
evo2_dLL_1d,952,0.7421890809784764
evo2_dLL_1d,953,0.7379517889939846
evo2_dLL_1d,954,0.7428975518310309
evo2_dLL_1d,955,0.7464490658529939
evo2_dLL_1d,956,0.7443030437664219
evo2_dLL_1d,957,0.7550328188230884
evo2_dLL_1d,958,0.7543836718712706
evo2_dLL_1d,959,0.7501040819804888
evo2_dLL_1d,960,0.7480331383779184
evo2_dLL_1d,961,0.7470868830567602
evo2_dLL_1d,962,0.7435564140654292
evo2_dLL_1d,963,0.7590811904974742
evo2_dLL_1d,964,0.7429852631450566
evo2_dLL_1d,965,0.7600195094760311
evo2_dLL_1d,966,0.7594586603178084
evo2_dLL_1d,967,0.7496323710737876
evo2_dLL_1d,968,0.7504161006404183
evo2_dLL_1d,969,0.7531731967172787
evo2_dLL_1d,970,0.7439972997165779
evo2_dLL_1d,971,0.7581663098241869
evo2_dLL_1d,972,0.7486356488614683
evo2_dLL_1d,973,0.7517146941139923
evo2_dLL_1d,974,0.744273093088899
evo2_dLL_1d,975,0.7484838388680326
evo2_dLL_1d,976,0.756616422373816
evo2_dLL_1d,977,0.7595715592003458
evo2_dLL_1d,978,0.7485781422788585
evo2_dLL_1d,979,0.7539290076863958
evo2_dLL_1d,980,0.7464714152044956
evo2_dLL_1d,981,0.7595638580743072
evo2_dLL_1d,982,0.7437865032790356
evo2_dLL_1d,983,0.7549338598147923
evo2_dLL_1d,984,0.7576004668267909
evo2_dLL_1d,985,0.746862068378318
evo2_dLL_1d,986,0.7508880626977483
evo2_dLL_1d,987,0.738715385055161
evo2_dLL_1d,988,0.7509427398964487
evo2_dLL_1d,989,0.743504916136495
evo2_dLL_1d,990,0.7509834455109816
evo2_dLL_1d,991,0.7523140725620646
evo2_dLL_1d,992,0.7612499454080279
evo2_dLL_1d,993,0.7469830568932369
evo2_dLL_1d,994,0.7500089043933393
evo2_dLL_1d,995,0.7475973092597274
evo2_dLL_1d,996,0.7513734909830737
evo2_dLL_1d,997,0.7519216555801922
evo2_dLL_1d,998,0.7468754702855416
evo2_dLL_1d,999,0.7534692074474127
ensemble_cos_evo2_33d,0,0.8603579894180897
ensemble_cos_evo2_33d,1,0.8627697707368153
ensemble_cos_evo2_33d,2,0.8591623289951875
ensemble_cos_evo2_33d,3,0.8624505378865618
ensemble_cos_evo2_33d,4,0.8559000842039639
ensemble_cos_evo2_33d,5,0.8505143449353999
ensemble_cos_evo2_33d,6,0.8715384808587868
ensemble_cos_evo2_33d,7,0.8649011511730814
ensemble_cos_evo2_33d,8,0.8543348443049877
ensemble_cos_evo2_33d,9,0.8597032377459172
ensemble_cos_evo2_33d,10,0.8622978799260027
ensemble_cos_evo2_33d,11,0.8542161821841678
ensemble_cos_evo2_33d,12,0.8550282334003261
ensemble_cos_evo2_33d,13,0.8567479095201911
ensemble_cos_evo2_33d,14,0.8650334048891962
ensemble_cos_evo2_33d,15,0.8543147507059761
ensemble_cos_evo2_33d,16,0.858845356336785
ensemble_cos_evo2_33d,17,0.8597040641639913
ensemble_cos_evo2_33d,18,0.8612788550701728
ensemble_cos_evo2_33d,19,0.8522080779506522
ensemble_cos_evo2_33d,20,0.8617402918431601
ensemble_cos_evo2_33d,21,0.8618397833947136
ensemble_cos_evo2_33d,22,0.8646160742258042
ensemble_cos_evo2_33d,23,0.8689474419660235
ensemble_cos_evo2_33d,24,0.8560896293882556
ensemble_cos_evo2_33d,25,0.8611382226951947
ensemble_cos_evo2_33d,26,0.8625383427220654
ensemble_cos_evo2_33d,27,0.8609764020660756
ensemble_cos_evo2_33d,28,0.8541418282683277
ensemble_cos_evo2_33d,29,0.8563653013335368
ensemble_cos_evo2_33d,30,0.8620992648031693
ensemble_cos_evo2_33d,31,0.8578085782316792
ensemble_cos_evo2_33d,32,0.8616069496363218
ensemble_cos_evo2_33d,33,0.863569687028894
ensemble_cos_evo2_33d,34,0.8543406379198454
ensemble_cos_evo2_33d,35,0.8622582668187001
ensemble_cos_evo2_33d,36,0.8666576724824835
ensemble_cos_evo2_33d,37,0.8483560795598801
ensemble_cos_evo2_33d,38,0.8670262483806449
ensemble_cos_evo2_33d,39,0.8592325417534935
ensemble_cos_evo2_33d,40,0.8656090954888109
ensemble_cos_evo2_33d,41,0.8582036996779592
ensemble_cos_evo2_33d,42,0.8625874643026107
ensemble_cos_evo2_33d,43,0.857638480353722
ensemble_cos_evo2_33d,44,0.8618133166508329
ensemble_cos_evo2_33d,45,0.8525458149672884
ensemble_cos_evo2_33d,46,0.8645218854502557
ensemble_cos_evo2_33d,47,0.8701047492311258
ensemble_cos_evo2_33d,48,0.8551685512026226
ensemble_cos_evo2_33d,49,0.8602715620824554
ensemble_cos_evo2_33d,50,0.8572762234854017
ensemble_cos_evo2_33d,51,0.8658684874891375
ensemble_cos_evo2_33d,52,0.8588768071777422
ensemble_cos_evo2_33d,53,0.8524974010669655
ensemble_cos_evo2_33d,54,0.8578482019149736
ensemble_cos_evo2_33d,55,0.8490485275133386
ensemble_cos_evo2_33d,56,0.8673238810100535
ensemble_cos_evo2_33d,57,0.8659066448935011
ensemble_cos_evo2_33d,58,0.8638087576359855
ensemble_cos_evo2_33d,59,0.8601682944471164
ensemble_cos_evo2_33d,60,0.8566881452515079
ensemble_cos_evo2_33d,61,0.8589031455226287
ensemble_cos_evo2_33d,62,0.8628421705827808
ensemble_cos_evo2_33d,63,0.85635846269815
ensemble_cos_evo2_33d,64,0.8606410066392282
ensemble_cos_evo2_33d,65,0.8548111736752666
ensemble_cos_evo2_33d,66,0.8550516794885411
ensemble_cos_evo2_33d,67,0.8604311659325852
ensemble_cos_evo2_33d,68,0.8520493163678596
ensemble_cos_evo2_33d,69,0.8558932405606873
ensemble_cos_evo2_33d,70,0.8692299667693427
ensemble_cos_evo2_33d,71,0.8600402717282677
ensemble_cos_evo2_33d,72,0.8570175516808696
ensemble_cos_evo2_33d,73,0.862309704801723
ensemble_cos_evo2_33d,74,0.8635080909991109
ensemble_cos_evo2_33d,75,0.8512312751094909
ensemble_cos_evo2_33d,76,0.8596444493874071
ensemble_cos_evo2_33d,77,0.8594234156909049
ensemble_cos_evo2_33d,78,0.864594615078538
ensemble_cos_evo2_33d,79,0.8641164441738031
ensemble_cos_evo2_33d,80,0.8654534640292401
ensemble_cos_evo2_33d,81,0.8593209672361428
ensemble_cos_evo2_33d,82,0.8600573690859342
ensemble_cos_evo2_33d,83,0.8618887108045697
ensemble_cos_evo2_33d,84,0.8583208172298722
ensemble_cos_evo2_33d,85,0.8639631486022336
ensemble_cos_evo2_33d,86,0.8631973667340724
ensemble_cos_evo2_33d,87,0.8554402771645948
ensemble_cos_evo2_33d,88,0.8530200769519696
ensemble_cos_evo2_33d,89,0.8650394568367845
ensemble_cos_evo2_33d,90,0.8644082637206684
ensemble_cos_evo2_33d,91,0.8691991378930697
ensemble_cos_evo2_33d,92,0.8624550053815847
ensemble_cos_evo2_33d,93,0.8598213554438588
ensemble_cos_evo2_33d,94,0.8682358243354771
ensemble_cos_evo2_33d,95,0.8598385189933735
ensemble_cos_evo2_33d,96,0.8600226108595286
ensemble_cos_evo2_33d,97,0.863629758197078
ensemble_cos_evo2_33d,98,0.8627313031800022
ensemble_cos_evo2_33d,99,0.8670783358912658
ensemble_cos_evo2_33d,100,0.8573880512633549
ensemble_cos_evo2_33d,101,0.8561850188493938
ensemble_cos_evo2_33d,102,0.855724209440869
ensemble_cos_evo2_33d,103,0.861883807851394
ensemble_cos_evo2_33d,104,0.8688816039528696
ensemble_cos_evo2_33d,105,0.8554411552998045
ensemble_cos_evo2_33d,106,0.8588232345583838
ensemble_cos_evo2_33d,107,0.8578674048026007
ensemble_cos_evo2_33d,108,0.8587304534093159
ensemble_cos_evo2_33d,109,0.8637651047606487
ensemble_cos_evo2_33d,110,0.8577930668651759
ensemble_cos_evo2_33d,111,0.8616626300817947
ensemble_cos_evo2_33d,112,0.8585947521865889
ensemble_cos_evo2_33d,113,0.8621830729358522
ensemble_cos_evo2_33d,114,0.854322223001761
ensemble_cos_evo2_33d,115,0.8581588883711959
ensemble_cos_evo2_33d,116,0.8525617064422888
ensemble_cos_evo2_33d,117,0.8578801505828358
ensemble_cos_evo2_33d,118,0.8550114433989842
ensemble_cos_evo2_33d,119,0.865806070776854
ensemble_cos_evo2_33d,120,0.8653764512721316
ensemble_cos_evo2_33d,121,0.858665977116079
ensemble_cos_evo2_33d,122,0.8605119787045254
ensemble_cos_evo2_33d,123,0.8590205597475864
ensemble_cos_evo2_33d,124,0.8598995210676943
ensemble_cos_evo2_33d,125,0.8614942918574771
ensemble_cos_evo2_33d,126,0.8606495915787271
ensemble_cos_evo2_33d,127,0.8589035286250951
ensemble_cos_evo2_33d,128,0.8553219672408402
ensemble_cos_evo2_33d,129,0.8676404946615237
ensemble_cos_evo2_33d,130,0.8508627409297052
ensemble_cos_evo2_33d,131,0.8611112308739154
ensemble_cos_evo2_33d,132,0.8651097551743764
ensemble_cos_evo2_33d,133,0.8627237244740031
ensemble_cos_evo2_33d,134,0.8680895823622502
ensemble_cos_evo2_33d,135,0.8653092006033183
ensemble_cos_evo2_33d,136,0.8637003978678576
ensemble_cos_evo2_33d,137,0.8593288800062419
ensemble_cos_evo2_33d,138,0.8620632753345941
ensemble_cos_evo2_33d,139,0.8582740572073864
ensemble_cos_evo2_33d,140,0.8665050069049911
ensemble_cos_evo2_33d,141,0.8630914152368633
ensemble_cos_evo2_33d,142,0.8652365318798327
ensemble_cos_evo2_33d,143,0.8669920329252173
ensemble_cos_evo2_33d,144,0.8579265551550604
ensemble_cos_evo2_33d,145,0.8530232291312858
ensemble_cos_evo2_33d,146,0.8568290205775855
ensemble_cos_evo2_33d,147,0.8579184789207123
ensemble_cos_evo2_33d,148,0.8580798455168035
ensemble_cos_evo2_33d,149,0.8602955782787247
ensemble_cos_evo2_33d,150,0.8600050123518671
ensemble_cos_evo2_33d,151,0.8580107365071798
ensemble_cos_evo2_33d,152,0.8515696557696909
ensemble_cos_evo2_33d,153,0.859322852382938
ensemble_cos_evo2_33d,154,0.859059144180699
ensemble_cos_evo2_33d,155,0.8640559463591923
ensemble_cos_evo2_33d,156,0.8603731156404277
ensemble_cos_evo2_33d,157,0.8543150158438564
ensemble_cos_evo2_33d,158,0.8622726392797646
ensemble_cos_evo2_33d,159,0.8608493342534709
ensemble_cos_evo2_33d,160,0.8610386096663887
ensemble_cos_evo2_33d,161,0.859520046488494
ensemble_cos_evo2_33d,162,0.8596006506264511
ensemble_cos_evo2_33d,163,0.8630915037425821
ensemble_cos_evo2_33d,164,0.8528415734645107
ensemble_cos_evo2_33d,165,0.8641354484920694
ensemble_cos_evo2_33d,166,0.8696700027538681
ensemble_cos_evo2_33d,167,0.8621876630340981
ensemble_cos_evo2_33d,168,0.8681118351003299
ensemble_cos_evo2_33d,169,0.8554458891615728
ensemble_cos_evo2_33d,170,0.8608060477324828
ensemble_cos_evo2_33d,171,0.8626144419558368
ensemble_cos_evo2_33d,172,0.8572012966087236
ensemble_cos_evo2_33d,173,0.8560203578652039
ensemble_cos_evo2_33d,174,0.859070502557576
ensemble_cos_evo2_33d,175,0.8658070518187738
ensemble_cos_evo2_33d,176,0.855381707767337
ensemble_cos_evo2_33d,177,0.8612837741116977
ensemble_cos_evo2_33d,178,0.8544433928996329
ensemble_cos_evo2_33d,179,0.8601417083358236
ensemble_cos_evo2_33d,180,0.8580748445552885
ensemble_cos_evo2_33d,181,0.8654435931219278
ensemble_cos_evo2_33d,182,0.8577354547436064
ensemble_cos_evo2_33d,183,0.8644527052992338
ensemble_cos_evo2_33d,184,0.8626502155401401
ensemble_cos_evo2_33d,185,0.8581641524791721
ensemble_cos_evo2_33d,186,0.8567721473228386
ensemble_cos_evo2_33d,187,0.8682827058508298
ensemble_cos_evo2_33d,188,0.8627941952674387
ensemble_cos_evo2_33d,189,0.8559830458469818
ensemble_cos_evo2_33d,190,0.857487611983294
ensemble_cos_evo2_33d,191,0.8699696511098092
ensemble_cos_evo2_33d,192,0.8604022551628024
ensemble_cos_evo2_33d,193,0.8651835948865477
ensemble_cos_evo2_33d,194,0.857789173823734
ensemble_cos_evo2_33d,195,0.8549588289574506
ensemble_cos_evo2_33d,196,0.8530855760086128
ensemble_cos_evo2_33d,197,0.8663390285365496
ensemble_cos_evo2_33d,198,0.8516876252098755
ensemble_cos_evo2_33d,199,0.8649429270973116
ensemble_cos_evo2_33d,200,0.8607117759413767
ensemble_cos_evo2_33d,201,0.8599828806596804
ensemble_cos_evo2_33d,202,0.856710861549794
ensemble_cos_evo2_33d,203,0.8593934746517654
ensemble_cos_evo2_33d,204,0.8596897932969905
ensemble_cos_evo2_33d,205,0.8703237646411116
ensemble_cos_evo2_33d,206,0.8659781773416567
ensemble_cos_evo2_33d,207,0.8616672137047516
ensemble_cos_evo2_33d,208,0.8590726895576744
ensemble_cos_evo2_33d,209,0.864050727818009
ensemble_cos_evo2_33d,210,0.8590653247564899
ensemble_cos_evo2_33d,211,0.8625396921428796
ensemble_cos_evo2_33d,212,0.8652033522875202
ensemble_cos_evo2_33d,213,0.8583020602636948
ensemble_cos_evo2_33d,214,0.8617023877059478
ensemble_cos_evo2_33d,215,0.8587424560022456
ensemble_cos_evo2_33d,216,0.8587466152510765
ensemble_cos_evo2_33d,217,0.8547167528714883
ensemble_cos_evo2_33d,218,0.8633624159146751
ensemble_cos_evo2_33d,219,0.858872618302377
ensemble_cos_evo2_33d,220,0.869567107531962
ensemble_cos_evo2_33d,221,0.8602645758844599
ensemble_cos_evo2_33d,222,0.8565572122008558
ensemble_cos_evo2_33d,223,0.8685205524457481
ensemble_cos_evo2_33d,224,0.8623444967077666
ensemble_cos_evo2_33d,225,0.862041892924344
ensemble_cos_evo2_33d,226,0.8592785260137782
ensemble_cos_evo2_33d,227,0.8585364756289593
ensemble_cos_evo2_33d,228,0.8647707870945281
ensemble_cos_evo2_33d,229,0.8628332678851232
ensemble_cos_evo2_33d,230,0.8668007576309
ensemble_cos_evo2_33d,231,0.8634566657740559
ensemble_cos_evo2_33d,232,0.8590981958315291
ensemble_cos_evo2_33d,233,0.8666394855482301
ensemble_cos_evo2_33d,234,0.8591163348701121
ensemble_cos_evo2_33d,235,0.8692530483924787
ensemble_cos_evo2_33d,236,0.857066305891477
ensemble_cos_evo2_33d,237,0.8634431432390283
ensemble_cos_evo2_33d,238,0.8633968020719964
ensemble_cos_evo2_33d,239,0.8559651515783498
ensemble_cos_evo2_33d,240,0.8687427608304071
ensemble_cos_evo2_33d,241,0.8551753894930721
ensemble_cos_evo2_33d,242,0.8520168670199888
ensemble_cos_evo2_33d,243,0.8676054310099862
ensemble_cos_evo2_33d,244,0.8629237964407728
ensemble_cos_evo2_33d,245,0.8673925950467316
ensemble_cos_evo2_33d,246,0.858493333275136
ensemble_cos_evo2_33d,247,0.8659660625248132
ensemble_cos_evo2_33d,248,0.8639365853005234
ensemble_cos_evo2_33d,249,0.8698977125381099
ensemble_cos_evo2_33d,250,0.8508013545503033
ensemble_cos_evo2_33d,251,0.8643732889603832
ensemble_cos_evo2_33d,252,0.8680953060585239
ensemble_cos_evo2_33d,253,0.8601652411801481
ensemble_cos_evo2_33d,254,0.851083600472842
ensemble_cos_evo2_33d,255,0.8619504693686824
ensemble_cos_evo2_33d,256,0.8683220176746738
ensemble_cos_evo2_33d,257,0.8599442860634947
ensemble_cos_evo2_33d,258,0.856668729635164
ensemble_cos_evo2_33d,259,0.8624142566163204
ensemble_cos_evo2_33d,260,0.8629312563057345
ensemble_cos_evo2_33d,261,0.8548847730879118
ensemble_cos_evo2_33d,262,0.8565518013494653
ensemble_cos_evo2_33d,263,0.8644736129759616
ensemble_cos_evo2_33d,264,0.8607441013662558
ensemble_cos_evo2_33d,265,0.8517061865963887
ensemble_cos_evo2_33d,266,0.8545671658118615
ensemble_cos_evo2_33d,267,0.8657997890085453
ensemble_cos_evo2_33d,268,0.8536001916248754
ensemble_cos_evo2_33d,269,0.8617353378025796
ensemble_cos_evo2_33d,270,0.8613066179802098
ensemble_cos_evo2_33d,271,0.861728708528364
ensemble_cos_evo2_33d,272,0.8531576669936781
ensemble_cos_evo2_33d,273,0.8546715615280995
ensemble_cos_evo2_33d,274,0.8628168994819881
ensemble_cos_evo2_33d,275,0.8662834440535347
ensemble_cos_evo2_33d,276,0.8553624390805071
ensemble_cos_evo2_33d,277,0.862258589106123
ensemble_cos_evo2_33d,278,0.8701064006320243
ensemble_cos_evo2_33d,279,0.8540792225338618
ensemble_cos_evo2_33d,280,0.8634258623600534
ensemble_cos_evo2_33d,281,0.8604986955733412
ensemble_cos_evo2_33d,282,0.8612497136389687
ensemble_cos_evo2_33d,283,0.8490529658031749
ensemble_cos_evo2_33d,284,0.8650281391553678
ensemble_cos_evo2_33d,285,0.8571080526087416
ensemble_cos_evo2_33d,286,0.8674537844613432
ensemble_cos_evo2_33d,287,0.8591082183731034
ensemble_cos_evo2_33d,288,0.8630615764759121
ensemble_cos_evo2_33d,289,0.8644548663843377
ensemble_cos_evo2_33d,290,0.8596985020543463
ensemble_cos_evo2_33d,291,0.8579090044098932
ensemble_cos_evo2_33d,292,0.8599398045361129
ensemble_cos_evo2_33d,293,0.8601983988861817
ensemble_cos_evo2_33d,294,0.8577528190557943
ensemble_cos_evo2_33d,295,0.8604346438988818
ensemble_cos_evo2_33d,296,0.8544429765176622
ensemble_cos_evo2_33d,297,0.8665248108030125
ensemble_cos_evo2_33d,298,0.8638501176753899
ensemble_cos_evo2_33d,299,0.8591445410937469
ensemble_cos_evo2_33d,300,0.8647030913467629
ensemble_cos_evo2_33d,301,0.8684479343265346
ensemble_cos_evo2_33d,302,0.853961623153848
ensemble_cos_evo2_33d,303,0.8556122170865769
ensemble_cos_evo2_33d,304,0.8603428800541533
ensemble_cos_evo2_33d,305,0.8645365609133261
ensemble_cos_evo2_33d,306,0.863853400676476
ensemble_cos_evo2_33d,307,0.8600217931352006
ensemble_cos_evo2_33d,308,0.8582862308032873
ensemble_cos_evo2_33d,309,0.8642322433966791
ensemble_cos_evo2_33d,310,0.863393006854932
ensemble_cos_evo2_33d,311,0.8619227865316962
ensemble_cos_evo2_33d,312,0.8655598865041363
ensemble_cos_evo2_33d,313,0.8565548582587994
ensemble_cos_evo2_33d,314,0.8616767294384482
ensemble_cos_evo2_33d,315,0.8538698357286243
ensemble_cos_evo2_33d,316,0.8640274939718997
ensemble_cos_evo2_33d,317,0.856380810979295
ensemble_cos_evo2_33d,318,0.8557341556408794
ensemble_cos_evo2_33d,319,0.8562061439013904
ensemble_cos_evo2_33d,320,0.8512537026861448
ensemble_cos_evo2_33d,321,0.856279307592222
ensemble_cos_evo2_33d,322,0.8669451696797184
ensemble_cos_evo2_33d,323,0.862889748638973
ensemble_cos_evo2_33d,324,0.8607179656001214
ensemble_cos_evo2_33d,325,0.8686262039633823
ensemble_cos_evo2_33d,326,0.8664231191028297
ensemble_cos_evo2_33d,327,0.8555965994383068
ensemble_cos_evo2_33d,328,0.8728153438139785
ensemble_cos_evo2_33d,329,0.8570267896022647
ensemble_cos_evo2_33d,330,0.8611885281324292
ensemble_cos_evo2_33d,331,0.8546011442869237
ensemble_cos_evo2_33d,332,0.8565131511633535
ensemble_cos_evo2_33d,333,0.8491974034469776
ensemble_cos_evo2_33d,334,0.8609714550069552
ensemble_cos_evo2_33d,335,0.8594236655046601
ensemble_cos_evo2_33d,336,0.8677438869884708
ensemble_cos_evo2_33d,337,0.8629194325074024
ensemble_cos_evo2_33d,338,0.8666394900752206
ensemble_cos_evo2_33d,339,0.864438325865627
ensemble_cos_evo2_33d,340,0.8576395238402363
ensemble_cos_evo2_33d,341,0.8605703031291957
ensemble_cos_evo2_33d,342,0.8579702098403248
ensemble_cos_evo2_33d,343,0.8644655314355042
ensemble_cos_evo2_33d,344,0.8548941297684598
ensemble_cos_evo2_33d,345,0.8632400359486154
ensemble_cos_evo2_33d,346,0.8616845872098294
ensemble_cos_evo2_33d,347,0.8606482206139557
ensemble_cos_evo2_33d,348,0.8635217204951974
ensemble_cos_evo2_33d,349,0.8586090143279804
ensemble_cos_evo2_33d,350,0.8579938039613499
ensemble_cos_evo2_33d,351,0.8635231425332104
ensemble_cos_evo2_33d,352,0.8583619955522757
ensemble_cos_evo2_33d,353,0.8668344615325222
ensemble_cos_evo2_33d,354,0.8641614086944438
ensemble_cos_evo2_33d,355,0.858466130291371
ensemble_cos_evo2_33d,356,0.8638363148363583
ensemble_cos_evo2_33d,357,0.8536375111118729
ensemble_cos_evo2_33d,358,0.8701852077746164
ensemble_cos_evo2_33d,359,0.8620898653473106
ensemble_cos_evo2_33d,360,0.8550474878522851
ensemble_cos_evo2_33d,361,0.8587043211660355
ensemble_cos_evo2_33d,362,0.8567424200193989
ensemble_cos_evo2_33d,363,0.855573536477607
ensemble_cos_evo2_33d,364,0.867136275919617
ensemble_cos_evo2_33d,365,0.8592210454372915
ensemble_cos_evo2_33d,366,0.8635397400158218
ensemble_cos_evo2_33d,367,0.8636444431926227
ensemble_cos_evo2_33d,368,0.8625678001575733
ensemble_cos_evo2_33d,369,0.8547817097851225
ensemble_cos_evo2_33d,370,0.8631522557635534
ensemble_cos_evo2_33d,371,0.8609543780980035
ensemble_cos_evo2_33d,372,0.8600333697504918
ensemble_cos_evo2_33d,373,0.856320977773991
ensemble_cos_evo2_33d,374,0.8563978824029383
ensemble_cos_evo2_33d,375,0.8637045173224382
ensemble_cos_evo2_33d,376,0.8581491349716243
ensemble_cos_evo2_33d,377,0.855899078874452
ensemble_cos_evo2_33d,378,0.8554196962606839
ensemble_cos_evo2_33d,379,0.8612261347991579
ensemble_cos_evo2_33d,380,0.8585868311000647
ensemble_cos_evo2_33d,381,0.8647229619302824
ensemble_cos_evo2_33d,382,0.8670738751885929
ensemble_cos_evo2_33d,383,0.8677314019236114
ensemble_cos_evo2_33d,384,0.8660937821276321
ensemble_cos_evo2_33d,385,0.8699684450375201
ensemble_cos_evo2_33d,386,0.8565265559640005
ensemble_cos_evo2_33d,387,0.8547620856095712
ensemble_cos_evo2_33d,388,0.8609788594580314
ensemble_cos_evo2_33d,389,0.8580574594944494
ensemble_cos_evo2_33d,390,0.8540762815185055
ensemble_cos_evo2_33d,391,0.8680477796269473
ensemble_cos_evo2_33d,392,0.8551996385115515
ensemble_cos_evo2_33d,393,0.8591463329327
ensemble_cos_evo2_33d,394,0.8588154558863329
ensemble_cos_evo2_33d,395,0.8610942361010365
ensemble_cos_evo2_33d,396,0.860119419227064
ensemble_cos_evo2_33d,397,0.8616979344192437
ensemble_cos_evo2_33d,398,0.8646502318479964
ensemble_cos_evo2_33d,399,0.8554231350776813
ensemble_cos_evo2_33d,400,0.8640257588013707
ensemble_cos_evo2_33d,401,0.8616425357450055
ensemble_cos_evo2_33d,402,0.8522824478086463
ensemble_cos_evo2_33d,403,0.8645463886246514
ensemble_cos_evo2_33d,404,0.8606928457811464
ensemble_cos_evo2_33d,405,0.8635921376449529
ensemble_cos_evo2_33d,406,0.8550819226246469
ensemble_cos_evo2_33d,407,0.859585991302423
ensemble_cos_evo2_33d,408,0.861372514484966
ensemble_cos_evo2_33d,409,0.8533686713917638
ensemble_cos_evo2_33d,410,0.8617405084759975
ensemble_cos_evo2_33d,411,0.8587425876610377
ensemble_cos_evo2_33d,412,0.8600342655588435
ensemble_cos_evo2_33d,413,0.8589634712880005
ensemble_cos_evo2_33d,414,0.8516345815347616
ensemble_cos_evo2_33d,415,0.8680800115633742
ensemble_cos_evo2_33d,416,0.8599503868170506
ensemble_cos_evo2_33d,417,0.8571257111475543
ensemble_cos_evo2_33d,418,0.8512497068828474
ensemble_cos_evo2_33d,419,0.8615667549370334
ensemble_cos_evo2_33d,420,0.8631195985229727
ensemble_cos_evo2_33d,421,0.8641595386014942
ensemble_cos_evo2_33d,422,0.8632548729833731
ensemble_cos_evo2_33d,423,0.8581428704281997
ensemble_cos_evo2_33d,424,0.8593238780356268
ensemble_cos_evo2_33d,425,0.8605684021715749
ensemble_cos_evo2_33d,426,0.8679680656705959
ensemble_cos_evo2_33d,427,0.859312247260982
ensemble_cos_evo2_33d,428,0.8680158497405784
ensemble_cos_evo2_33d,429,0.8584119026492585
ensemble_cos_evo2_33d,430,0.8573711972884744
ensemble_cos_evo2_33d,431,0.860495634511161
ensemble_cos_evo2_33d,432,0.8619794445375973
ensemble_cos_evo2_33d,433,0.861127485090113
ensemble_cos_evo2_33d,434,0.8618469015027196
ensemble_cos_evo2_33d,435,0.8695816606145673
ensemble_cos_evo2_33d,436,0.8569328389711397
ensemble_cos_evo2_33d,437,0.8559777296156705
ensemble_cos_evo2_33d,438,0.8529719365356594
ensemble_cos_evo2_33d,439,0.8542479257673234
ensemble_cos_evo2_33d,440,0.8580038284947448
ensemble_cos_evo2_33d,441,0.8579980092093785
ensemble_cos_evo2_33d,442,0.8682861659428904
ensemble_cos_evo2_33d,443,0.8607545696378036
ensemble_cos_evo2_33d,444,0.8661201967873926
ensemble_cos_evo2_33d,445,0.8592786620740585
ensemble_cos_evo2_33d,446,0.859241551103903
ensemble_cos_evo2_33d,447,0.8556134681736458
ensemble_cos_evo2_33d,448,0.85784292325432
ensemble_cos_evo2_33d,449,0.861731366684041
ensemble_cos_evo2_33d,450,0.8675375540061652
ensemble_cos_evo2_33d,451,0.854293794180992
ensemble_cos_evo2_33d,452,0.8650095984289584
ensemble_cos_evo2_33d,453,0.8592701861229939
ensemble_cos_evo2_33d,454,0.8593636956153006
ensemble_cos_evo2_33d,455,0.8628553777902555
ensemble_cos_evo2_33d,456,0.8638340401376613
ensemble_cos_evo2_33d,457,0.8611296469854763
ensemble_cos_evo2_33d,458,0.8642242566018163
ensemble_cos_evo2_33d,459,0.8598002617388935
ensemble_cos_evo2_33d,460,0.861723672786193
ensemble_cos_evo2_33d,461,0.85897521299874
ensemble_cos_evo2_33d,462,0.8544998613557259
ensemble_cos_evo2_33d,463,0.8619269894487023
ensemble_cos_evo2_33d,464,0.8651632623622723
ensemble_cos_evo2_33d,465,0.8609595625697511
ensemble_cos_evo2_33d,466,0.8653033947887135
ensemble_cos_evo2_33d,467,0.8588137614781035
ensemble_cos_evo2_33d,468,0.8496418106973906
ensemble_cos_evo2_33d,469,0.862323021944412
ensemble_cos_evo2_33d,470,0.8617020067711385
ensemble_cos_evo2_33d,471,0.8548087780194045
ensemble_cos_evo2_33d,472,0.8656243669113262
ensemble_cos_evo2_33d,473,0.8562743877139247
ensemble_cos_evo2_33d,474,0.862410318164533
ensemble_cos_evo2_33d,475,0.8482835676254974
ensemble_cos_evo2_33d,476,0.8669222504193866
ensemble_cos_evo2_33d,477,0.8623812277947617
ensemble_cos_evo2_33d,478,0.8681246905379804
ensemble_cos_evo2_33d,479,0.8675593922949236
ensemble_cos_evo2_33d,480,0.8710416063453765
ensemble_cos_evo2_33d,481,0.8652540291080792
ensemble_cos_evo2_33d,482,0.8647997963441709
ensemble_cos_evo2_33d,483,0.8627723119066241
ensemble_cos_evo2_33d,484,0.8630208841860313
ensemble_cos_evo2_33d,485,0.8595922262001272
ensemble_cos_evo2_33d,486,0.8583014544543928
ensemble_cos_evo2_33d,487,0.8581541798667803
ensemble_cos_evo2_33d,488,0.8600380190996185
ensemble_cos_evo2_33d,489,0.856534800332686
ensemble_cos_evo2_33d,490,0.8652879888839415
ensemble_cos_evo2_33d,491,0.8672363278894015
ensemble_cos_evo2_33d,492,0.8676991810993646
ensemble_cos_evo2_33d,493,0.8560742154535265
ensemble_cos_evo2_33d,494,0.8592273002384487
ensemble_cos_evo2_33d,495,0.8611001030986574
ensemble_cos_evo2_33d,496,0.8682873431106152
ensemble_cos_evo2_33d,497,0.8608768169597862
ensemble_cos_evo2_33d,498,0.8591524168789582
ensemble_cos_evo2_33d,499,0.8596350485819597
ensemble_cos_evo2_33d,500,0.8605561416040277
ensemble_cos_evo2_33d,501,0.8579291445779544
ensemble_cos_evo2_33d,502,0.8636823431414027
ensemble_cos_evo2_33d,503,0.8564453875407986
ensemble_cos_evo2_33d,504,0.8608057816568813
ensemble_cos_evo2_33d,505,0.8512634721134757
ensemble_cos_evo2_33d,506,0.8617957481469785
ensemble_cos_evo2_33d,507,0.8604704033250941
ensemble_cos_evo2_33d,508,0.8548864713067501
ensemble_cos_evo2_33d,509,0.8643830372689254
ensemble_cos_evo2_33d,510,0.8653407638058055
ensemble_cos_evo2_33d,511,0.8536509850602132
ensemble_cos_evo2_33d,512,0.866906251834086
ensemble_cos_evo2_33d,513,0.8542599355327122
ensemble_cos_evo2_33d,514,0.8598145519077196
ensemble_cos_evo2_33d,515,0.8640526079709876
ensemble_cos_evo2_33d,516,0.8645649499684409
ensemble_cos_evo2_33d,517,0.8614129644572215
ensemble_cos_evo2_33d,518,0.8602694947885321
ensemble_cos_evo2_33d,519,0.8672351480418307
ensemble_cos_evo2_33d,520,0.8538171954400046
ensemble_cos_evo2_33d,521,0.8565184877230962
ensemble_cos_evo2_33d,522,0.8645457911346401
ensemble_cos_evo2_33d,523,0.8556119263724731
ensemble_cos_evo2_33d,524,0.8615853281375642
ensemble_cos_evo2_33d,525,0.8630168141693892
ensemble_cos_evo2_33d,526,0.862587163157839
ensemble_cos_evo2_33d,527,0.8565502124155365
ensemble_cos_evo2_33d,528,0.8614408625020256
ensemble_cos_evo2_33d,529,0.8606538052351991
ensemble_cos_evo2_33d,530,0.85779333048184
ensemble_cos_evo2_33d,531,0.8538520141041319
ensemble_cos_evo2_33d,532,0.8703798044559072
ensemble_cos_evo2_33d,533,0.8655097974179202
ensemble_cos_evo2_33d,534,0.8577609681646856
ensemble_cos_evo2_33d,535,0.862199647687637
ensemble_cos_evo2_33d,536,0.8648433915162266
ensemble_cos_evo2_33d,537,0.8591936967418452
ensemble_cos_evo2_33d,538,0.8576059394430964
ensemble_cos_evo2_33d,539,0.8580123615944725
ensemble_cos_evo2_33d,540,0.8624931654392687
ensemble_cos_evo2_33d,541,0.8625280102844924
ensemble_cos_evo2_33d,542,0.8612819898931596
ensemble_cos_evo2_33d,543,0.8602401529820376
ensemble_cos_evo2_33d,544,0.8691088422750805
ensemble_cos_evo2_33d,545,0.859521823926221
ensemble_cos_evo2_33d,546,0.8595883340996744
ensemble_cos_evo2_33d,547,0.8593628753708329
ensemble_cos_evo2_33d,548,0.8576664659032595
ensemble_cos_evo2_33d,549,0.8628255995351511
ensemble_cos_evo2_33d,550,0.8556469974708332
ensemble_cos_evo2_33d,551,0.8530444592687594
ensemble_cos_evo2_33d,552,0.8621181313978058
ensemble_cos_evo2_33d,553,0.8604984286237687
ensemble_cos_evo2_33d,554,0.8582823405298532
ensemble_cos_evo2_33d,555,0.8638355786195263
ensemble_cos_evo2_33d,556,0.8653294788762904
ensemble_cos_evo2_33d,557,0.8562728572283259
ensemble_cos_evo2_33d,558,0.85669414780726
ensemble_cos_evo2_33d,559,0.860980244855917
ensemble_cos_evo2_33d,560,0.8592253813252205
ensemble_cos_evo2_33d,561,0.8607699141468039
ensemble_cos_evo2_33d,562,0.8654837693560115
ensemble_cos_evo2_33d,563,0.8678739142056171
ensemble_cos_evo2_33d,564,0.865693326110988
ensemble_cos_evo2_33d,565,0.8703516902531977
ensemble_cos_evo2_33d,566,0.8634825207624564
ensemble_cos_evo2_33d,567,0.8632373562233762
ensemble_cos_evo2_33d,568,0.8599508295632257
ensemble_cos_evo2_33d,569,0.8648432368863701
ensemble_cos_evo2_33d,570,0.8572747833073275
ensemble_cos_evo2_33d,571,0.8472092593797295
ensemble_cos_evo2_33d,572,0.8588384226806933
ensemble_cos_evo2_33d,573,0.8563601782076349
ensemble_cos_evo2_33d,574,0.866850156378513
ensemble_cos_evo2_33d,575,0.8627247217104672
ensemble_cos_evo2_33d,576,0.8672859635365814
ensemble_cos_evo2_33d,577,0.8608065448967676
ensemble_cos_evo2_33d,578,0.8665749084427126
ensemble_cos_evo2_33d,579,0.8512554169572459
ensemble_cos_evo2_33d,580,0.8542095891415544
ensemble_cos_evo2_33d,581,0.858349099151131
ensemble_cos_evo2_33d,582,0.8584026848315188
ensemble_cos_evo2_33d,583,0.8613583143216399
ensemble_cos_evo2_33d,584,0.8570299392163435
ensemble_cos_evo2_33d,585,0.8618786284700216
ensemble_cos_evo2_33d,586,0.8670534388236493
ensemble_cos_evo2_33d,587,0.8498758664912118
ensemble_cos_evo2_33d,588,0.8620063948032732
ensemble_cos_evo2_33d,589,0.8524907006600037
ensemble_cos_evo2_33d,590,0.8642667265979298
ensemble_cos_evo2_33d,591,0.8590002858914081
ensemble_cos_evo2_33d,592,0.8558502786939609
ensemble_cos_evo2_33d,593,0.8602041826776222
ensemble_cos_evo2_33d,594,0.8556456550084339
ensemble_cos_evo2_33d,595,0.8634332414380491
ensemble_cos_evo2_33d,596,0.8683039639630094
ensemble_cos_evo2_33d,597,0.852431598518786
ensemble_cos_evo2_33d,598,0.8633471531429233
ensemble_cos_evo2_33d,599,0.8494643376520778
ensemble_cos_evo2_33d,600,0.8577481360084236
ensemble_cos_evo2_33d,601,0.8614785529430361
ensemble_cos_evo2_33d,602,0.8612834881616391
ensemble_cos_evo2_33d,603,0.8659792262608155
ensemble_cos_evo2_33d,604,0.8581482462254608
ensemble_cos_evo2_33d,605,0.862292257595381
ensemble_cos_evo2_33d,606,0.8603543944407559
ensemble_cos_evo2_33d,607,0.86051251185398
ensemble_cos_evo2_33d,608,0.8676059503264453
ensemble_cos_evo2_33d,609,0.8592734399822961
ensemble_cos_evo2_33d,610,0.8647637968455054
ensemble_cos_evo2_33d,611,0.8626607787029552
ensemble_cos_evo2_33d,612,0.8721137163652593
ensemble_cos_evo2_33d,613,0.8616825968127524
ensemble_cos_evo2_33d,614,0.8633855837124949
ensemble_cos_evo2_33d,615,0.8637635212803003
ensemble_cos_evo2_33d,616,0.8616923647288897
ensemble_cos_evo2_33d,617,0.8530756312540351
ensemble_cos_evo2_33d,618,0.8700926321097
ensemble_cos_evo2_33d,619,0.8698665201845432
ensemble_cos_evo2_33d,620,0.8637635707032025
ensemble_cos_evo2_33d,621,0.8560284693666512
ensemble_cos_evo2_33d,622,0.8670220064036485
ensemble_cos_evo2_33d,623,0.8667222002927505
ensemble_cos_evo2_33d,624,0.8570636066589645
ensemble_cos_evo2_33d,625,0.8593396165403613
ensemble_cos_evo2_33d,626,0.8476711720479817
ensemble_cos_evo2_33d,627,0.8594514866107635
ensemble_cos_evo2_33d,628,0.8608344025557298
ensemble_cos_evo2_33d,629,0.8566346124712156
ensemble_cos_evo2_33d,630,0.8612473271096481
ensemble_cos_evo2_33d,631,0.8574525575581415
ensemble_cos_evo2_33d,632,0.8602698863591336
ensemble_cos_evo2_33d,633,0.8587004326055111
ensemble_cos_evo2_33d,634,0.8626029023948194
ensemble_cos_evo2_33d,635,0.8551313371879727
ensemble_cos_evo2_33d,636,0.8675099843319684
ensemble_cos_evo2_33d,637,0.866891247179739
ensemble_cos_evo2_33d,638,0.8650416627034104
ensemble_cos_evo2_33d,639,0.8718259386315749
ensemble_cos_evo2_33d,640,0.8608274426673368
ensemble_cos_evo2_33d,641,0.8605724490671349
ensemble_cos_evo2_33d,642,0.8583332905162265
ensemble_cos_evo2_33d,643,0.8598877633809562
ensemble_cos_evo2_33d,644,0.8669604907776567
ensemble_cos_evo2_33d,645,0.861295146165246
ensemble_cos_evo2_33d,646,0.8571188136241426
ensemble_cos_evo2_33d,647,0.8599111213698145
ensemble_cos_evo2_33d,648,0.8570510030867514
ensemble_cos_evo2_33d,649,0.8603422316010263
ensemble_cos_evo2_33d,650,0.8548543704096013
ensemble_cos_evo2_33d,651,0.8544480772754025
ensemble_cos_evo2_33d,652,0.8646530477999136
ensemble_cos_evo2_33d,653,0.8523391468643818
ensemble_cos_evo2_33d,654,0.8694357593022021
ensemble_cos_evo2_33d,655,0.8562370840167002
ensemble_cos_evo2_33d,656,0.86298095426187
ensemble_cos_evo2_33d,657,0.8650028579355428
ensemble_cos_evo2_33d,658,0.8673094574329043
ensemble_cos_evo2_33d,659,0.8637939575934026
ensemble_cos_evo2_33d,660,0.8606222197242833
ensemble_cos_evo2_33d,661,0.8606418937588131
ensemble_cos_evo2_33d,662,0.8558018888685186
ensemble_cos_evo2_33d,663,0.8598277557380075
ensemble_cos_evo2_33d,664,0.856403521845445
ensemble_cos_evo2_33d,665,0.8701161520774443
ensemble_cos_evo2_33d,666,0.862234117347501
ensemble_cos_evo2_33d,667,0.8619873564445529
ensemble_cos_evo2_33d,668,0.8489356627964646
ensemble_cos_evo2_33d,669,0.8568501746293338
ensemble_cos_evo2_33d,670,0.8679032542270215
ensemble_cos_evo2_33d,671,0.8591809885513575
ensemble_cos_evo2_33d,672,0.8588616765144701
ensemble_cos_evo2_33d,673,0.8544112958924646
ensemble_cos_evo2_33d,674,0.8603048210009642
ensemble_cos_evo2_33d,675,0.8583880550048298
ensemble_cos_evo2_33d,676,0.8609136837511286
ensemble_cos_evo2_33d,677,0.8594567582705929
ensemble_cos_evo2_33d,678,0.8559345726577512
ensemble_cos_evo2_33d,679,0.85516912076454
ensemble_cos_evo2_33d,680,0.8597174795327607
ensemble_cos_evo2_33d,681,0.8618569950050609
ensemble_cos_evo2_33d,682,0.8629030144551256
ensemble_cos_evo2_33d,683,0.8682068256990445
ensemble_cos_evo2_33d,684,0.8601328352155364
ensemble_cos_evo2_33d,685,0.8638794684265769
ensemble_cos_evo2_33d,686,0.857402134788555
ensemble_cos_evo2_33d,687,0.8546805365199629
ensemble_cos_evo2_33d,688,0.8578695087502739
ensemble_cos_evo2_33d,689,0.8533335085237433
ensemble_cos_evo2_33d,690,0.8676595937060607
ensemble_cos_evo2_33d,691,0.8563264667834578
ensemble_cos_evo2_33d,692,0.8582033064407595
ensemble_cos_evo2_33d,693,0.8629926461027052
ensemble_cos_evo2_33d,694,0.8589184609196603
ensemble_cos_evo2_33d,695,0.8530317409701975
ensemble_cos_evo2_33d,696,0.8573490129619286
ensemble_cos_evo2_33d,697,0.8616968236695643
ensemble_cos_evo2_33d,698,0.8583669901841704
ensemble_cos_evo2_33d,699,0.8626081685332992
ensemble_cos_evo2_33d,700,0.8693285941406345
ensemble_cos_evo2_33d,701,0.8560800848722111
ensemble_cos_evo2_33d,702,0.856094676042584
ensemble_cos_evo2_33d,703,0.8571305143762533
ensemble_cos_evo2_33d,704,0.8631730257320319
ensemble_cos_evo2_33d,705,0.8608077419321969
ensemble_cos_evo2_33d,706,0.8615634696915515
ensemble_cos_evo2_33d,707,0.8584523526388916
ensemble_cos_evo2_33d,708,0.8566518217507849
ensemble_cos_evo2_33d,709,0.8658129380367849
ensemble_cos_evo2_33d,710,0.8564017508761932
ensemble_cos_evo2_33d,711,0.8626792420837384
ensemble_cos_evo2_33d,712,0.8666564622480014
ensemble_cos_evo2_33d,713,0.8601393981707072
ensemble_cos_evo2_33d,714,0.8563137081108605
ensemble_cos_evo2_33d,715,0.8613972722799923
ensemble_cos_evo2_33d,716,0.8514771648611885
ensemble_cos_evo2_33d,717,0.8672506420711816
ensemble_cos_evo2_33d,718,0.863864737065595
ensemble_cos_evo2_33d,719,0.8614728940134418
ensemble_cos_evo2_33d,720,0.8615000044394215
ensemble_cos_evo2_33d,721,0.8594149204901159
ensemble_cos_evo2_33d,722,0.8551450734519436
ensemble_cos_evo2_33d,723,0.8645302169913267
ensemble_cos_evo2_33d,724,0.8598111347746571
ensemble_cos_evo2_33d,725,0.8628486254831431
ensemble_cos_evo2_33d,726,0.8683088287278309
ensemble_cos_evo2_33d,727,0.8602801796138246
ensemble_cos_evo2_33d,728,0.8559883237844823
ensemble_cos_evo2_33d,729,0.8621661891350295
ensemble_cos_evo2_33d,730,0.8635703200096978
ensemble_cos_evo2_33d,731,0.8591983994885308
ensemble_cos_evo2_33d,732,0.8533904031122126
ensemble_cos_evo2_33d,733,0.8657302163734928
ensemble_cos_evo2_33d,734,0.8521642877949316
ensemble_cos_evo2_33d,735,0.8504246000092593
ensemble_cos_evo2_33d,736,0.8611231506464707
ensemble_cos_evo2_33d,737,0.8594532280762568
ensemble_cos_evo2_33d,738,0.8536421494530881
ensemble_cos_evo2_33d,739,0.8650111865037712
ensemble_cos_evo2_33d,740,0.8656320461626933
ensemble_cos_evo2_33d,741,0.8728252844056537
ensemble_cos_evo2_33d,742,0.8725176147991653
ensemble_cos_evo2_33d,743,0.8557146039085572
ensemble_cos_evo2_33d,744,0.8592257459165349
ensemble_cos_evo2_33d,745,0.8611363194604769
ensemble_cos_evo2_33d,746,0.86557697271721
ensemble_cos_evo2_33d,747,0.8562144877960534
ensemble_cos_evo2_33d,748,0.8671439081946393
ensemble_cos_evo2_33d,749,0.8608418688188667
ensemble_cos_evo2_33d,750,0.8662306949110993
ensemble_cos_evo2_33d,751,0.8555832702301269
ensemble_cos_evo2_33d,752,0.8551341312726977
ensemble_cos_evo2_33d,753,0.8561308516065499
ensemble_cos_evo2_33d,754,0.8576332500421527
ensemble_cos_evo2_33d,755,0.8645797382409912
ensemble_cos_evo2_33d,756,0.8616751657504758
ensemble_cos_evo2_33d,757,0.8571345624686626
ensemble_cos_evo2_33d,758,0.8631549398358191
ensemble_cos_evo2_33d,759,0.8537003584163886
ensemble_cos_evo2_33d,760,0.8622210299204328
ensemble_cos_evo2_33d,761,0.8512951605279386
ensemble_cos_evo2_33d,762,0.8605475086415639
ensemble_cos_evo2_33d,763,0.8588720448134616
ensemble_cos_evo2_33d,764,0.8558378369594251
ensemble_cos_evo2_33d,765,0.8503212413523847
ensemble_cos_evo2_33d,766,0.8606169577084287
ensemble_cos_evo2_33d,767,0.8658260543580842
ensemble_cos_evo2_33d,768,0.8674789981148303
ensemble_cos_evo2_33d,769,0.8630437680977875
ensemble_cos_evo2_33d,770,0.8582665242753252
ensemble_cos_evo2_33d,771,0.8625741631938556
ensemble_cos_evo2_33d,772,0.8694773492239032
ensemble_cos_evo2_33d,773,0.866240779316727
ensemble_cos_evo2_33d,774,0.8623946659430839
ensemble_cos_evo2_33d,775,0.866351247566781
ensemble_cos_evo2_33d,776,0.8654820406912624
ensemble_cos_evo2_33d,777,0.8645550346070426
ensemble_cos_evo2_33d,778,0.8599935852590878
ensemble_cos_evo2_33d,779,0.8588489785795271
ensemble_cos_evo2_33d,780,0.8649552340324391
ensemble_cos_evo2_33d,781,0.8615806942118337
ensemble_cos_evo2_33d,782,0.8583031892792896
ensemble_cos_evo2_33d,783,0.8588307980772907
ensemble_cos_evo2_33d,784,0.8591148108057454
ensemble_cos_evo2_33d,785,0.860586740257762
ensemble_cos_evo2_33d,786,0.8623536333449137
ensemble_cos_evo2_33d,787,0.8557718817196843
ensemble_cos_evo2_33d,788,0.8513212834863794
ensemble_cos_evo2_33d,789,0.8488128006531767
ensemble_cos_evo2_33d,790,0.8557327170943262
ensemble_cos_evo2_33d,791,0.8617592417414389
ensemble_cos_evo2_33d,792,0.8562072532647963
ensemble_cos_evo2_33d,793,0.8552135965182889
ensemble_cos_evo2_33d,794,0.8570794453299552
ensemble_cos_evo2_33d,795,0.8605408704502715
ensemble_cos_evo2_33d,796,0.8577517151372097
ensemble_cos_evo2_33d,797,0.8545680814361268
ensemble_cos_evo2_33d,798,0.8552764501197812
ensemble_cos_evo2_33d,799,0.8517756077571415
ensemble_cos_evo2_33d,800,0.853661852706819
ensemble_cos_evo2_33d,801,0.8598053529736629
ensemble_cos_evo2_33d,802,0.861413979654265
ensemble_cos_evo2_33d,803,0.8529988971234393
ensemble_cos_evo2_33d,804,0.8539673959192585
ensemble_cos_evo2_33d,805,0.8612569214290686
ensemble_cos_evo2_33d,806,0.8606034007657707
ensemble_cos_evo2_33d,807,0.8647866672692942
ensemble_cos_evo2_33d,808,0.8559831896230203
ensemble_cos_evo2_33d,809,0.8642314288361913
ensemble_cos_evo2_33d,810,0.865796413201064
ensemble_cos_evo2_33d,811,0.8670352210819714
ensemble_cos_evo2_33d,812,0.8594631413428674
ensemble_cos_evo2_33d,813,0.8644844495163899
ensemble_cos_evo2_33d,814,0.8584662942590053
ensemble_cos_evo2_33d,815,0.8622989294397319
ensemble_cos_evo2_33d,816,0.8651869016927738
ensemble_cos_evo2_33d,817,0.862348809584248
ensemble_cos_evo2_33d,818,0.8675724798497723
ensemble_cos_evo2_33d,819,0.8577524922992883
ensemble_cos_evo2_33d,820,0.8671009746428836
ensemble_cos_evo2_33d,821,0.8618930804932562
ensemble_cos_evo2_33d,822,0.8625710215821643
ensemble_cos_evo2_33d,823,0.8642588322894817
ensemble_cos_evo2_33d,824,0.865937929662515
ensemble_cos_evo2_33d,825,0.8643413549363084
ensemble_cos_evo2_33d,826,0.8703774323849165
ensemble_cos_evo2_33d,827,0.857164363079705
ensemble_cos_evo2_33d,828,0.8582834224193678
ensemble_cos_evo2_33d,829,0.8592319776781372
ensemble_cos_evo2_33d,830,0.8604189596810857
ensemble_cos_evo2_33d,831,0.8659151646724489
ensemble_cos_evo2_33d,832,0.8614561579246073
ensemble_cos_evo2_33d,833,0.8620892597640281
ensemble_cos_evo2_33d,834,0.8649830681212092
ensemble_cos_evo2_33d,835,0.8587041090408177
ensemble_cos_evo2_33d,836,0.8609030042403771
ensemble_cos_evo2_33d,837,0.859894674177899
ensemble_cos_evo2_33d,838,0.8610075743859881
ensemble_cos_evo2_33d,839,0.8555335433128026
ensemble_cos_evo2_33d,840,0.8577267465526044
ensemble_cos_evo2_33d,841,0.8564868419704248
ensemble_cos_evo2_33d,842,0.8591856298221853
ensemble_cos_evo2_33d,843,0.8560673817639761
ensemble_cos_evo2_33d,844,0.8676254374160944
ensemble_cos_evo2_33d,845,0.8612662496614933
ensemble_cos_evo2_33d,846,0.8564470069604657
ensemble_cos_evo2_33d,847,0.8599592134490243
ensemble_cos_evo2_33d,848,0.8626769100789773
ensemble_cos_evo2_33d,849,0.8592122150011423
ensemble_cos_evo2_33d,850,0.8591993957895191
ensemble_cos_evo2_33d,851,0.8675483624016083
ensemble_cos_evo2_33d,852,0.8673814655172414
ensemble_cos_evo2_33d,853,0.8699498628139031
ensemble_cos_evo2_33d,854,0.8526783548330439
ensemble_cos_evo2_33d,855,0.865654396366751
ensemble_cos_evo2_33d,856,0.8610099004734151
ensemble_cos_evo2_33d,857,0.8601521300193693
ensemble_cos_evo2_33d,858,0.8617893600791989
ensemble_cos_evo2_33d,859,0.852659353468213
ensemble_cos_evo2_33d,860,0.8647574065168778
ensemble_cos_evo2_33d,861,0.8571154268158876
ensemble_cos_evo2_33d,862,0.8667672834898905
ensemble_cos_evo2_33d,863,0.855928749096314
ensemble_cos_evo2_33d,864,0.8638217753482464
ensemble_cos_evo2_33d,865,0.858039303231978
ensemble_cos_evo2_33d,866,0.8546106352432188
ensemble_cos_evo2_33d,867,0.8589819531451821
ensemble_cos_evo2_33d,868,0.857396615583484
ensemble_cos_evo2_33d,869,0.8553159270415434
ensemble_cos_evo2_33d,870,0.8542562536426865
ensemble_cos_evo2_33d,871,0.8567361711908441
ensemble_cos_evo2_33d,872,0.8618552521767432
ensemble_cos_evo2_33d,873,0.8652586765214938
ensemble_cos_evo2_33d,874,0.8708236225763861
ensemble_cos_evo2_33d,875,0.8642608930117267
ensemble_cos_evo2_33d,876,0.8650035459911235
ensemble_cos_evo2_33d,877,0.8572329159597036
ensemble_cos_evo2_33d,878,0.8642456494540185
ensemble_cos_evo2_33d,879,0.8604130534143045
ensemble_cos_evo2_33d,880,0.8579440609360487
ensemble_cos_evo2_33d,881,0.8610834078838955
ensemble_cos_evo2_33d,882,0.8575943802577045
ensemble_cos_evo2_33d,883,0.8572854224892752
ensemble_cos_evo2_33d,884,0.8644439240855943
ensemble_cos_evo2_33d,885,0.8640787912882337
ensemble_cos_evo2_33d,886,0.865591388957659
ensemble_cos_evo2_33d,887,0.863870511711657
ensemble_cos_evo2_33d,888,0.8603989328722588
ensemble_cos_evo2_33d,889,0.8638154120078534
ensemble_cos_evo2_33d,890,0.8595698778216833
ensemble_cos_evo2_33d,891,0.8590538704489645
ensemble_cos_evo2_33d,892,0.8581429114405169
ensemble_cos_evo2_33d,893,0.8615029397935459
ensemble_cos_evo2_33d,894,0.8551691686199083
ensemble_cos_evo2_33d,895,0.861176450898291
ensemble_cos_evo2_33d,896,0.8561341636343069
ensemble_cos_evo2_33d,897,0.8654869954260063
ensemble_cos_evo2_33d,898,0.8553017932164144
ensemble_cos_evo2_33d,899,0.8584235420130278
ensemble_cos_evo2_33d,900,0.8563480462916025
ensemble_cos_evo2_33d,901,0.8575535519528166
ensemble_cos_evo2_33d,902,0.8593996192039768
ensemble_cos_evo2_33d,903,0.8543563831717478
ensemble_cos_evo2_33d,904,0.8620872000447312
ensemble_cos_evo2_33d,905,0.8599387160117531
ensemble_cos_evo2_33d,906,0.8605339932925533
ensemble_cos_evo2_33d,907,0.8603941901602885
ensemble_cos_evo2_33d,908,0.8592428497697158
ensemble_cos_evo2_33d,909,0.861403150950335
ensemble_cos_evo2_33d,910,0.859408309469714
ensemble_cos_evo2_33d,911,0.8650505436756765
ensemble_cos_evo2_33d,912,0.861127828935592
ensemble_cos_evo2_33d,913,0.8641344308473791
ensemble_cos_evo2_33d,914,0.8590489841054385
ensemble_cos_evo2_33d,915,0.8552019112518913
ensemble_cos_evo2_33d,916,0.8619891481925457
ensemble_cos_evo2_33d,917,0.862746433216071
ensemble_cos_evo2_33d,918,0.8619549375566216
ensemble_cos_evo2_33d,919,0.8589938041472056
ensemble_cos_evo2_33d,920,0.8649849044325731
ensemble_cos_evo2_33d,921,0.8594899677346002
ensemble_cos_evo2_33d,922,0.869792742768595
ensemble_cos_evo2_33d,923,0.8589157910187885
ensemble_cos_evo2_33d,924,0.8601302662117687
ensemble_cos_evo2_33d,925,0.859006779507888
ensemble_cos_evo2_33d,926,0.8572581545581848
ensemble_cos_evo2_33d,927,0.8623709867050707
ensemble_cos_evo2_33d,928,0.8606296337767971
ensemble_cos_evo2_33d,929,0.8552396561633541
ensemble_cos_evo2_33d,930,0.8648733775077182
ensemble_cos_evo2_33d,931,0.8577570346093294
ensemble_cos_evo2_33d,932,0.864781208072096
ensemble_cos_evo2_33d,933,0.8555196171497421
ensemble_cos_evo2_33d,934,0.8662784259462447
ensemble_cos_evo2_33d,935,0.8652935537653476
ensemble_cos_evo2_33d,936,0.8666325143566977
ensemble_cos_evo2_33d,937,0.8573597560153791
ensemble_cos_evo2_33d,938,0.8514429611786
ensemble_cos_evo2_33d,939,0.8556925466621524
ensemble_cos_evo2_33d,940,0.8554652010301482
ensemble_cos_evo2_33d,941,0.8549992287193017
ensemble_cos_evo2_33d,942,0.8571948441377905
ensemble_cos_evo2_33d,943,0.8585461791406179
ensemble_cos_evo2_33d,944,0.8667093543482864
ensemble_cos_evo2_33d,945,0.8593035967869228
ensemble_cos_evo2_33d,946,0.8571224360690041
ensemble_cos_evo2_33d,947,0.8608025399216439
ensemble_cos_evo2_33d,948,0.8653282099160094
ensemble_cos_evo2_33d,949,0.8609170082159042
ensemble_cos_evo2_33d,950,0.8627486265047101
ensemble_cos_evo2_33d,951,0.8532741372116686
ensemble_cos_evo2_33d,952,0.8603809793734346
ensemble_cos_evo2_33d,953,0.856632803318992
ensemble_cos_evo2_33d,954,0.8496242939382628
ensemble_cos_evo2_33d,955,0.8627951480668713
ensemble_cos_evo2_33d,956,0.8614159703512221
ensemble_cos_evo2_33d,957,0.8588340604642397
ensemble_cos_evo2_33d,958,0.8550196183172125
ensemble_cos_evo2_33d,959,0.858317012758163
ensemble_cos_evo2_33d,960,0.8566767135257461
ensemble_cos_evo2_33d,961,0.8608611103758614
ensemble_cos_evo2_33d,962,0.8629813134238672
ensemble_cos_evo2_33d,963,0.8542934659145816
ensemble_cos_evo2_33d,964,0.8553446109930248
ensemble_cos_evo2_33d,965,0.8676372940383035
ensemble_cos_evo2_33d,966,0.8556010660032518
ensemble_cos_evo2_33d,967,0.8670043376929337
ensemble_cos_evo2_33d,968,0.8632649883372845
ensemble_cos_evo2_33d,969,0.8586417049711401
ensemble_cos_evo2_33d,970,0.8583222762789325
ensemble_cos_evo2_33d,971,0.8698623916229088
ensemble_cos_evo2_33d,972,0.865210249438348
ensemble_cos_evo2_33d,973,0.8585223043439566
ensemble_cos_evo2_33d,974,0.8651850107455809
ensemble_cos_evo2_33d,975,0.8682820731717281
ensemble_cos_evo2_33d,976,0.8536318173292375
ensemble_cos_evo2_33d,977,0.851806414960494
ensemble_cos_evo2_33d,978,0.8620915551485444
ensemble_cos_evo2_33d,979,0.861045084525607
ensemble_cos_evo2_33d,980,0.8549048163747052
ensemble_cos_evo2_33d,981,0.8571954972642406
ensemble_cos_evo2_33d,982,0.8513491315142152
ensemble_cos_evo2_33d,983,0.8550866545057629
ensemble_cos_evo2_33d,984,0.8590670533442131
ensemble_cos_evo2_33d,985,0.8655103936387858
ensemble_cos_evo2_33d,986,0.8591317554259353
ensemble_cos_evo2_33d,987,0.8624981208520117
ensemble_cos_evo2_33d,988,0.8630690377892496
ensemble_cos_evo2_33d,989,0.8613705159082266
ensemble_cos_evo2_33d,990,0.8542072276900115
ensemble_cos_evo2_33d,991,0.8584065752664273
ensemble_cos_evo2_33d,992,0.8679075956761679
ensemble_cos_evo2_33d,993,0.8613676352152222
ensemble_cos_evo2_33d,994,0.8605217785476651
ensemble_cos_evo2_33d,995,0.8676972845836501
ensemble_cos_evo2_33d,996,0.8601066498336811
ensemble_cos_evo2_33d,997,0.8670480394815061
ensemble_cos_evo2_33d,998,0.8688214521149453
ensemble_cos_evo2_33d,999,0.8625454674396303
